 -0.990618339430206     
  -3.96987963657865     
   1.37609320998630     
 -0.431758113631089     
   5.23294343207025     
  -5.13255301015064     
  -1.14951997020000     
   1.34759970043182     
   2.04073185172953     
 -0.768292044839797     
   6.40326163036974     
  -1.77243716559884     
  -2.47158422167986     
 -0.176722092160101     
  -4.63230917590742     
   1.22327601122389     
 -0.689254718597397     
 -0.409203263753202     
  0.487602736202992     
   11.8388989661794     
  -8.37305795546715     
  -7.98122307826125     
   1.63079125253930     
  -60.1063672041740     
  -13.1793350123797     
   5.00446289478501     
  -4.02369976363894     
   9.82853339851491     
  0.573842221864115     
  -6.93814796266359     
   31.3087983159391     
   2.58271837891165     
  0.813638349486705     
  0.991574887882063     
 -0.467952834703015     
   10.5017328418296     
   8.96307170088354     
   3.14353246632632     
  -4.76421409939449     
  -7.86641929429571     
   1.61284290702062     
  -1.11652582395616     
 -0.344027418094308     
  0.307920699586822     
  -2.67023682716529     
   1.07495664627721     
   4.97605780997622     
  -10.1803595941651     
  -3.38380227760366     
   1.26144721298573     
   1.11703747227281     
 -9.963138273149319E-003
  -3.81767181054497     
   4.44360416141605     
   4.58795155404560     
  -1.08678241155874     
 -0.310613247126518     
  -5.47770173681421     
   9.76668634578780     
   3.13681208736978     
  -3.89719496467412     
  -4.81361372710546     
   3.00009738200483     
  -4.41255160600945     
  -2.27326579854624     
  3.173410690334766E-002
  0.907438237594084     
   4.56729867086458     
  -7.59450778824801     
  -2.69486466287303     
   2.91862749642732     
   1.37172427028008     
  -1.79347245885950     
   2.81158428062767     
   1.88656632750329     
  0.462088399162553     
  -6.96023471360197     
 -0.607452092463200     
   1.27222161062178     
  -17.7786783373747     
   5.30731640099529     
   1.00091950578169     
  0.543837696161602     
  -2.18536121990221     
 -0.671347202207960     
  -4.18951572484068     
  -5.86379838971885     
   2.42877217396117     
   5.70845756724095     
  -8.93196194000746     
  -1.15162010054252     
   3.75208418876255     
  -1.24789161327215     
  -3.21012151903841     
   3.75230462569992     
  -4.27464504281902     
   4.71039208193012     
  0.416040510423522     
  -2.28972002067154     
   1.04297146608227     
   2.41791629063476     
 -0.620296200780918     
   9.94157264077165     
  -6.60056840820190     
  0.649625099709139     
 -0.422355353718735     
  -1.16100550481462     
   7.94886363925564     
  -4.55172358019051     
  -3.39050668835521     
  -40.3853252012884     
   8.84293309807794     
  -3.37283953816618     
   5.85467760400165     
   6.04121706851989     
   25.9385923147710     
   47.6251461524658     
   7.28979038133901     
   1.10758775699861     
  -37.7254611208667     
  -13.4670320895551     
  -19.3181167196546     
  -10.4908764185565     
 -0.230093470297589     
   19.1893985303865     
  -179.446858497763     
   17.2465842634614     
  -8.32134032754234     
   1.18878240845716     
  -17.5033870809826     
  -39.5823392587747     
   1.28079523765556     
   8.01401443877152     
   11.2343263938828     
   4.38903805931296     
  -5.91895685594200     
  -1.12143060711861     
   1.01950335722901     
  -35.5228519764434     
  -18.7256556274707     
  -4.14992104265607     
   16.9852789939293     
   3.40599087393344     
  0.975505150722913     
   25.8074306580510     
 -0.979155234885250     
  -55.4725802166614     
  -8.43185514735848     
  -13.4476768974297     
   96.4912132240640     
   5.02269586886337     
   18.4193073944013     
   85.9887183122764     
   1291.82162199406     
   82.9331803224268     
  -9.54908440638033     
  -62.6133207408582     
   19.6894306052894     
  -62.1737231196918     
  -88.7668397244607     
  -939.659761106779     
   933.947125944872     
   1.92907631693051     
 -0.563207374396337     
  0.396645710674814     
   1.71033941756859     
 -0.101273434636687     
  -6.18342090175652     
  -16.3473041669182     
  -3.37917682981220     
  -2.98849918958705     
   13.1145795119530     
   4.62142433989554     
   5.83113769578404     
   3.26161607024612     
   39.6586367000322     
 -2.573467341705182E-002
  -4.50909951406439     
   40.0303180096559     
   13.6290660798091     
   1.94582632667621     
   3.98281321414836     
   33.8154414683092     
   795.731427712842     
  -15.0641776650571     
   1.64537251690305     
   7.81654797962186     
  -24.2930807411279     
   1.36120058836850     
  -1.56077728615717     
  -21.0949719459275     
  -304.795448679396     
  -423.889781109314     
   241.152793836110     
  -45.4308050865996     
   5.70616285837913     
  -13.4837378936580     
  -207.327191263294     
   68.9763459650765     
  -41.4828284416948     
   4.84316890189043     
   5.86080492727625     
  -11.2237155727723     
  -229.660806929801     
  -306.175522196967     
   108.519852188107     
   52.6810032635258     
   74.0316316906099     
   11.7291382243293     
  -4.79876477082107     
  -4.58462292255475     
  -203.277094952812     
   71.4815234768312     
   68.3935756143528     
   1.53002739628813     
 -4.114237486912753E-002
  -2.16213211949570     
   1.62595397602636     
   10.7322645619149     
   1.51609218060612     
 -0.976995308554541     
  -6.01883386674616     
 -0.805865958045596     
 -0.957452746277877     
 -0.896617973336616     
   1.28007998599358     
   14.0462917672513     
   6.83296740196798     
   2.01285285377229     
  -5.91007136876459     
 -0.206161897721858     
   1.01728279710139     
  -10.7519093423939     
  0.651453931246203     
   11.1638317022947     
  -4.78491341982166     
  0.926237317910868     
  -24.2422261979998     
  -8.72369047166205     
  -15.1531021054229     
  -7.52963640581126     
  -378.248696760714     
  -10.9512168572256     
   4.26939807913957     
   16.7029928873139     
  -11.8272665733327     
   19.1703374330360     
  -2.13301809567087     
   8.15143869697475     
   26.8316772726253     
   253.557412508032     
  -257.215163372880     
   32.4121342816839     
  -7.73862530867629     
   21.4662693339731     
   10.4068378738160     
  -10.9372509766908     
   7.76081244387866     
  -84.6621356433242     
   25.0353029210654     
  -2.22832775584568     
  -4.77150392822272     
   8.39661761306093     
  -3.74319743105227     
  0.753922215293953     
   4.45909622812813     
   95.1485565463988     
   119.507090748272     
  -62.7802755473189     
   4.49200213425792     
  -20.5403637011744     
  -27.1496689491653     
  -32.2402251536829     
  -18.1519961795887     
  7.765170926777643E-003
  -3.33892358640679     
   5.45081937587303     
  -4.13543003035157     
  -13.5025235944220     
  -62.0894151715581     
   58.3962924716967     
   23.5955711356588     
   12.0441422935720     
  -8.38385407499701     
  -22.0711613129422     
   3.09472805464032     
  -8.78967395450165     
  -1.82142601327074     
   8.36990585236902     
  -12.6829774428939     
   35.7493361525806     
  -38.6971391855453     
   1.77474636610403     
  -5.45406897503134     
  -1.09964244012917     
  -18.7800919497501     
   1.49149068340000     
 -0.141612586354315     
   6.78983782851043     
   6.45570008502370     
   7.39061306766686     
 -0.313239037528527     
   80.0160730536366     
   136.406890177784     
  -75.8198290904776     
   5.58405157140860     
  -20.6277644714803     
  -41.3661082717534     
   19.5903389914924     
 -0.155090452748631     
  -6.56549455931131     
   18.9930647927567     
   1.35082817473935     
  -11.8464451177874     
 -0.199964437712904     
  -3.97112887504918     
  0.705013248748248     
  -90.8836630987527     
   103.828790454492     
   32.3589057168562     
   23.8112842498568     
  -21.4353044966592     
  -10.5007149891264     
   32.3920948654619     
  -53.5487464554379     
  -4.26153433562154     
  8.510806021790440E-002
  0.975676348830168     
   1.68148994497931     
  -2.96954511516972     
 -0.191881747674424     
   1.17046887924804     
   1.09166398553175     
  9.013093404775452E-002
  -31.8825221532563     
   18.4429614388263     
   17.3733566373474     
  0.915030297206044     
   245.481021301180     
   29.8698967769956     
  -11.6313060234295     
   6.96972873608453     
  -21.2014102352411     
  -3.57670359015388     
   6.26068877063140     
  -72.7470458642476     
   6.26566818643303     
  -4.76457973506242     
  -3.56611586668692     
  0.434345820552165     
  -54.6044548941385     
  -49.2466913612939     
  0.203872115856312     
   10.7996987611626     
   10.2616342403804     
   11.1290615003448     
  -6.38457730346471     
   3.39456005769074     
  -1.77346400445354     
   4.90703463802443     
  -1.20553694167059     
   3.51840584203365     
   13.6511310108641     
   17.4517635068138     
   2.24252428889820     
  -6.55960091142118     
  -7.50277232827007     
 -0.164206792606556     
  -3.80677311127608     
  -3.85667811706542     
  0.485117769722264     
  0.277625286390145     
  -25.2957075465156     
 -0.575229699791858     
   1.22499887898331     
   3.75186634154473     
   10.5250901011906     
   1.14727041126067     
  -7.61624212056775     
  -6.34875268830664     
   3.39760751125293     
  -50.3411818975864     
  -43.9919949266412     
  -30.5237888167957     
   12.1834764917576     
   16.4232005146788     
   2.25538061224608     
   1.10033419599041     
   12.9297381183507     
  -2.82578625798646     
   5.36295750675589     
  -3.05481305097844     
   9.96698739496581     
  -4.88360309565701     
  -10.9087383062907     
   49.0324380719059     
   36.4410463468865     
  -1.03787513824862     
  -7.01513616400621     
  -8.37287945777232     
   2.97988305451920     
   12.2760984777459     
  -26.1731188855513     
   1.27294335886484     
  0.753147731459527     
  0.230445876546057     
 -4.182997189485094E-002
   8.40646942950632     
 -0.443905029218149     
  -3.01615317796603     
  -1.59648990507949     
 -0.760259469395004     
   1.09020972908770     
  -14.2697533649463     
  -3.67937478696658     
   4.18227929561724     
  -76.8313395902559     
  -4.54848312254641     
   7.44462494629908     
  -7.58571822114170     
   6.82456474014083     
 -0.798675904499612     
  -83.5035310913041     
   83.0894410823400     
  -3.21943538274853     
   4.67277156004215     
   2.44109591615046     
 -0.400535814922714     
  -8.79911079033329     
  -15.5252053918403     
   40.0093192525438     
   11.3980104155918     
   4.79249364802528     
  -3.53908247822283     
   1.32461743195340     
  -2.89396709096126     
  0.774315416919838     
   29.4537957191468     
  -31.7230932532390     
  -36.7901978343152     
  -15.4216006285804     
   13.3801276206694     
   4.85623757508015     
 -0.332722223614372     
 -0.491707360392293     
   14.9869590539283     
  -1.15326675223288     
 -0.174980576572498     
 -0.370703599954213     
   6.33426586609798     
   3.18066342832849     
 -0.921092187807277     
  -2.05110694467748     
   23.6448761045336     
   19.1970250402172     
   21.1297058829493     
   3.44787627042374     
   5.24245305278326     
  -8.55979981604809     
  0.359145743557762     
  -8.97820397381905     
  -10.9964374548756     
  -14.6755636883586     
  -2.41129559210434     
  -1.71012413091837     
   1.55091974352424     
 -0.744880886146371     
   2.31713965016716     
   18.8900241344593     
  -26.1405018998199     
  -30.4588083737310     
  -11.8064348194046     
   10.7388402774779     
   11.6635692585555     
  -2.81483142222086     
  -2.49060966458062     
   6.16731425838954     
   8.89161410248382     
  -1.05231768190573     
   7.18957510443711     
  -4.98687264060594     
  0.301321861819540     
  0.413093433806625     
  -5.38111617200119     
   16.8051584113536     
   2.22965095536131     
  -4.12286302837195     
  -2.58941782928276     
   5.23766631439960     
  -7.32595069789564     
  -8.41949168557013     
   5.88584368001537     
  -8.90003671353037     
  -1.46350060939888     
 -0.686068785478644     
  0.643052625828481     
   5.66277383292797     
  -6.80584484635918     
  -2.82412607598552     
   3.28172693568478     
   1.08792378194970     
   2.71250962686321     
  -4.40701326636397     
   3.44806480675159     
  7.511146955354286E-002
   6.96056111128696     
  -4.23265348606930     
  0.447811306079186     
   1.61882939474918     
  -5.07600011450799     
   10.9024167855071     
 -0.608031485965819     
   2.05516589944939     
  -1.11854783943721     
  -1.27350914560636     
 -0.338172211278806     
  -4.11559393507329     
   2.74230319929026     
  -45.7716694578611     
   1.24121244729513     
   1.91477219239739     
   16.9141576424335     
   29.3856831572951     
   7.95882923378552     
  -21.3089803852730     
  -76.4387888075406     
  -1548.81665753308     
   11.4652224626578     
  0.388793353191499     
  -6.21918427731506     
  -1.92393188342882     
  -17.0647633162703     
   894.611666403621     
  -36.1357716402936     
   16.5805294968879     
  -39.3232837077952     
  -9.01768311971427     
   2.98285628002325     
  -66.8285305380051     
   134.057015514835     
   30.6109465835596     
  0.448360295266875     
  -1.03788301000696     
  -6.09425471176032     
   408.487033739133     
   576.588587252355     
   1.75679243439676     
   10.0323528927596     
  -2.16029256687401     
  -2.15450284371586     
  -3.75195008472829     
  -90.8117099377184     
  -157.847583345285     
   50.7638317749130     
   23.8134415810171     
   48.6166088828849     
   12.3039045785713     
  -19.3060292455833     
 -0.987893137583683     
   2.26337544316617     
   2.61482280339923     
   5.05529719031790     
  -257.202587824459     
  -35.8051809354462     
   72.6297826519799     
  -13.8870808688358     
  -14.9210078849748     
  0.459662350264615     
  0.704618811387424     
  -1.53899691188218     
  -2.64710044127150     
   3.02366681350913     
   11.7177765966181     
   10.7423568690384     
  -33.3236956372969     
 -0.661255196575002     
  -6.42566813591596     
   6.95973397913285     
  -6.03263760730974     
  -9.38759387819496     
   20.7802556569132     
  0.729977413748625     
  -1.22685220815463     
   103.260134074240     
  -41.4973534358725     
   4.30200031520947     
 -0.958051266870672     
   3.70614991728566     
  -5.55830810274292     
  0.145509578256720     
  0.179367461213863     
  7.426606258082602E-002
  -11.4456387947808     
 -0.852577033820327     
 -0.489914923600582     
   2.80019325163788     
   5.67279462621985     
   4.74703697326936     
  0.235735026686470     
  -28.1930462561933     
 -0.163146192095277     
   1.77981087893419     
  -29.5615426308734     
   57.1936652294174     
   7.62351800724484     
   6.57181190800591     
  -1.54020772839494     
  -5.04870983018131     
   1.57164989831137     
  -2.95531605422474     
   8.03902632923423     
  0.561684612607345     
  -1.72269465562043     
   17.4065100104891     
  -14.7385839565603     
  -5.49238000762528     
   3.41763787471979     
  5.348534642519076E-002
  -6.06387693756261     
   5.70028928467458     
   3.32291873726790     
  -1.82270970465110     
  -53.6273706276121     
 -0.647434686869582     
   3.94771086928801     
  -730.164861889114     
  -72.6153767242269     
   12.4942755975490     
   7.31768357489962     
   1.20530765125195     
 -0.613459291790039     
   3.25659149052019     
  -5.50122609516043     
   1.13960747583917     
  -8.68753740275758     
  -10.7293229504668     
  -10.5545562583681     
  -1.31561528843287     
 -0.155007669412982     
   6.16099112531843     
  -13.7451959401821     
  -13.3005782587251     
   12.7589447908875     
   1.88469904465848     
   3.08680472718261     
   3.93448781104580     
  0.408424189237798     
   5.77822771769536     
   6.43019514812662     
 -0.388538895611012     
 -0.317752470264969     
  -4.60306814736344     
  -3.72384615675164     
   14.1107041370820     
  0.963577423612280     
  -4.64095748788321     
   5.68017297795560     
   3.94259384922736     
   2.75272804198871     
  -5.07927673848113     
   3.28660954696130     
  -1.36351666824899     
  -2.14053000507297     
  -7.48575001346195     
   21.3892843534380     
  -7.16465391018870     
  -10.4296338574242     
  -5.60938288423827     
  -3.41629424705350     
  -3.95975586592913     
  -3.13711935944508     
 -0.537997496074416     
  -6.32380730094827     
   7.82645170167520     
  -7.13451098139912     
   25.2047680999796     
  -3.41078282005643     
   7.98772668067121     
  -3.30297203769714     
  -2.21620697961050     
 -0.545084666744594     
  0.613303011640938     
   3.23252590874110     
   2.63026164931236     
   9.26995020459171     
  -43.4963881231262     
   8.79550187171492     
  -2.23580258807553     
   1.47426119325187     
   52.5398749760535     
  -2.34887843274590     
  -10.7950489752425     
  -8.41983612561028     
   13.7656080983255     
   7.11546095283390     
  -9.30612150391733     
   68.8809678700424     
  -25.9094526514787     
  -6.80341835446168     
   25.8114108073785     
  -4.82995331158822     
   10.8567715590447     
   1.85552375059938     
  -1.24027700347210     
  0.890069411880534     
  -17.7110789088392     
  -89.3250271883749     
   5.01778897295578     
   14.2948183045085     
   20.6662074128813     
   22.5144827952969     
  -93.2825825897526     
   13.0420449292944     
   7.09090524147333     
   37.4645406669875     
   24.1616225370311     
   25.4194555141517     
   32.9594904628179     
   30.7036834595654     
  -7.52970278381305     
  -6.01322258702024     
  -9.94768328432572     
   1.47552268901958     
  -34.5431118951755     
   20.7546490338609     
   15.4508284092007     
   2.97853970602522     
  -21.9450137631458     
  -60.7142635201913     
  -105.673291526795     
   126.767312945864     
  -164.604798732382     
  -387.100601759292     
   210.655798664085     
  -349.059868819962     
   13.3935368482064     
  -138.224775327632     
  -1.31215867930173     
  -15.8517143409943     
   5.28799882986522     
 -0.186249546579840     
  -30.1006045482014     
   16.4122227927710     
  -15.7882528148891     
  -15.1083060239386     
   63.4140114813952     
  -9.73864579759092     
  -7.88128407584370     
  -22.7293194031158     
  -21.2932888632599     
  -11.1287256938678     
  -85.4060590761281     
   12.7082327058144     
   1.99695580954834     
  -8.94490087548805     
  -1.11147172680595     
   1.38093566222112     
  -6.32191651659057     
  -2.01152466804105     
  -3.22239188332760     
  -5.42539622685886     
  -1.76625600613500     
  -1.82068418135613     
  -4.98815002272760     
   2.16454308088970     
   5.50743276465395     
  -2.86567788675410     
  -78.8046021961771     
   22.2129548546790     
   14.0161695290398     
  -25.1420408041296     
  -3.40016963672130     
   1.22314708264244     
   2.00419113277565     
   20.3632020347966     
  -14.8377040474447     
   38.1754355604593     
  -9.46375670392524     
  -2.05925079524079     
   6.81487598541393     
   12.1453189400610     
  -38.6103242939244     
   16.8314412376725     
   5.87013261227024     
   11.7417023073996     
  -27.7069675901484     
   29.0060949090219     
   74.1702635640061     
  -11.3654133904997     
  -11.8464275643136     
  -35.6217826937510     
  -7.06461450041317     
  -12.3741796948117     
  -17.2320861139587     
  -94.3810804227444     
   39.5485558430942     
   11.1198886195283     
   5.45511296954059     
   19.6531038381006     
  -8.44814866066579     
   54.8112751480585     
  -61.1407394897847     
   202.254426008142     
  -66.8726597494659     
   144.957269488494     
   83.4969948440603     
  -36.1780830016354     
   99.6549029077435     
  -21.2190513351445     
  -126.121875586467     
  -121.706111474054     
  -58.5372389889232     
  -62.6670537026276     
   235.236924189275     
  -70.0541066437037     
  -64.7011582834497     
   92.4872759631899     
  -137.153075690347     
   38.3617378129712     
   79.9183009968688     
  -84.1143608601204     
  -154.006888562947     
   170.320738096911     
   280.141205221260     
  -133.442170487581     
  -134.329121269698     
   275.466291949830     
  -43.7848080735434     
  -56.6884464700391     
   99.0152177760634     
  -10.5327916615704     
   1.59286311382216     
   94.4346612186718     
  -632.348849563494     
  -423.720036752136     
   1090.22607780009     
  -568.683494340147     
   1133.59001624806     
  -186.690735354094     
  -34.4176559644148     
   58.7675840960294     
  -40.9990930893857     
   27.7625713129280     
   48.5249425270054     
   10.1722978594424     
  -78.7504008163176     
   9.37194052187363     
   99.6298783329164     
  -65.7980513082618     
   43.1599517204448     
  -173.361375168600     
  -44.2536958489726     
   74.3376340202347     
   72.4148354157550     
  -130.478481939183     
   83.2376756901159     
  -184.877694680767     
  -42.0418293339556     
   67.0092995574112     
  -148.309975996860     
  -248.141864740332     
   127.574768437577     
  -196.839029288332     
   70.7809249147461     
  -100.718718879313     
   337.924855770207     
   259.131092357060     
   214.263937376021     
  -572.686587476438     
   328.209670009019     
   251.943772808891     
  -587.509883276670     
  -653.272093827435     
   547.741043434282     
  -430.397831285722     
  -314.792721744314     
  -225.914077889034     
   458.989383282549     
   445.937631448323     
   68.7266550555086     
  -582.622020981814     
  -8.36093469241447     
  -2.59851663631649     
   8.80445309464223     
  -1.87763226924817     
  -11.6719424466411     
  -6.16782755896982     
   3.58163316620034     
  -12.3203544835581     
   4.89080522611091     
 -5.026203148409469E-002
  -6.83477711638094     
   6.07178072427217     
 -0.747629172414840     
   4.18109995648660     
   4.30037391205840     
   2.00432671877331     
  -5.22629197908824     
   26.3324894948991     
  0.582625471624688     
  -1.04538351375481     
  -11.9524577260580     
  -9.91592662288377     
   31.1799636925338     
  -2.44617493749695     
 -0.611263753542951     
  -13.6217673441842     
  -6.17200527296878     
  -8.96472445959099     
  -15.4640104355841     
  -13.0045487481462     
  -5.23397873294500     
  -6.37667394825360     
   3.27200287208005     
   1.07128621621927     
   18.2805718143295     
  -9.29867059414428     
  -4.70533396293474     
 -7.193710594061209E-002
   17.5740212740929     
 -0.207195874206413     
  -42.1191099919625     
   11.5710129720941     
   32.1399386830441     
  -55.3502622818441     
   46.9512853449143     
   66.8378350028476     
  -60.5106631436213     
  -59.9891576758710     
   133.642115830610     
   7.44656161608115     
   13.4379498670522     
   44.2961139359804     
   92.4059817041251     
  -49.4549574654658     
   123.074439069422     
   36.1954747842841     
  -65.5117953169145     
   41.1172299222800     
  -35.5958969813869     
  -61.6940465247660     
  -67.7295081042385     
   166.272503290702     
  -2.20480530710274     
  -1.92898940183092     
   76.3803602651554     
  -87.4545682358953     
  -304.038265414292     
  -266.621505400454     
   652.506613767768     
  -54.2107278176468     
   23.6180266815794     
  -34.8150018426167     
  -29.7768608551238     
   12.6947217759972     
  -33.8258750537310     
   35.1512441053922     
   43.2602652652148     
   40.8971033528839     
   14.6135939027091     
   13.6493369633478     
  -80.4811749798837     
   46.2132205539463     
   20.8771225695840     
  -29.4238091148751     
   39.2842590766163     
   5.03736854956943     
  -26.9175756906223     
   31.8040075910244     
   45.9897131291864     
  -53.2255896056571     
  -57.8366484642807     
   41.9240744889211     
   43.4965303642176     
  -99.8649457303972     
   10.4593232383432     
   14.1825046865490     
  -32.9648401965638     
  -4.11832504523613     
  -11.7839059109817     
  -29.9393901203905     
   278.638216216623     
   27.2806739293201     
   87.0519205558856     
  -284.637349532937     
   99.7621642959989     
   138.488458963898     
  -295.157507987213     
  -8.79604646120886     
   174.008595079499     
   62.3856382020363     
  -309.299821709290     
   228.422966219843     
   169.928047879430     
  -303.995119476794     
   558.037054466201     
  -126.294707936943     
  -46.1087556896592     
  -42.3248262244930     
   152.683943524314     
  -54.1727487499687     
  -49.4641424161715     
   150.877751052139     
   155.700701036436     
  -605.769201697692     
  -49.7849788187346     
   196.046954883854     
   8.60966820597047     
  -15.4077940288521     
   14.9079851776224     
  -18.7777577658023     
  -15.3509120547095     
   21.2836994042002     
  -48.1455794931109     
  -2.76933315696702     
  -16.8604585900003     
  -6.79032498458417     
   77.3872816416427     
   38.7874550713869     
  -167.497599641823     
   522.819786519779     
  -80.7169435313092     
  -2.86550491006979     
   88.3028079257082     
  -32.9689282595966     
   74.3725864617958     
  -503.926979042068     
   478.792241629576     
  -9.64370155619557     
   15.0264416579821     
  -29.1740546458084     
  -19.6989630322525     
   18.9068983083179     
  -21.9040603363231     
   11.5650929548246     
   24.9477700796070     
   28.2425890305209     
  -61.3681231742950     
   1.18431756525654     
   1.71406133529355     
  -27.7696398604861     
  -23.9907686189552     
   66.7967351653312     
   55.5556973346351     
  -166.460703259992     
  -235.055732709126     
   116.387852393094     
   42.4958931626592     
  -116.426597716896     
   419.981082873958     
   21.7532261790963     
  -41.2152346709573     
  -4.26072860767913     
   87.4910138794104     
  -64.1279039820374     
  -60.5877762796767     
   75.7763143627839     
  -619.787654361829     
  -13.7026304262448     
   247.221737594183     
  -19.4521549086247     
  -12.7654345176230     
  -11.0034792758315     
   38.7852413212431     
  -392.205564433602     
  -271.609307748460     
   323.884757866746     
   54.6195316340296     
  -21.8822168976375     
  -6.07746425743184     
   25.5868081188054     
  -346.582014977945     
   173.139690827683     
   91.8777311459403     
   18.9449336585365     
  -8.83544290363752     
   21.9238050492134     
  -14.3432707421970     
  -12.7045088695690     
   11.2738880558915     
  -42.8583908332072     
  -13.6339746786236     
  -6.68387553605095     
   152.433190266126     
   91.6722133779500     
  -3.76564831637420     
  -184.867952349369     
  -620.493623271173     
  -83.0860000696361     
   6.34772283636175     
   41.6419215740603     
   21.2043402698045     
   72.6320486968791     
   90.9253289539858     
   80.7998201000801     
   8.18830455411985     
  -21.4087021422697     
 -8.979119651458589E-002
   44.0046198948385     
  -126.351837040669     
  -36.6993854242721     
   178.924361405584     
   153.743677844052     
   126.474915239984     
   27.5588559563863     
  -7.61913319182741     
   2.47519081501589     
   2.36600146810299     
   2.34980834281823     
  -3.73782844282471     
  -2.43673606844280     
   11.8259573155729     
   4.50919575219243     
  -17.3160282092229     
   1.46593987376692     
 -0.674923269279731     
   5.97827178566291     
   4.73147131882393     
   2.96915222739572     
   7.92148539587918     
  -4.50625709308457     
   8.30466434790115     
   5.08041974551332     
 -0.750186889973431     
   1.79672102806926     
   6.44465172958091     
   4.59920481930143     
   1.93346111305514     
   5.25477298247751     
  -4.50191527233816     
  -1.71624132544674     
  -1.69100451707023     
  -2.87732125353155     
  -5.00328791920640     
   7.22682405801226     
   40.7597925827696     
  -6.01675404830660     
  -8.90749747065821     
   5.80411716931537     
  -3.05283431281816     
  -3.14281237804582     
  -2.38216886377725     
  -2.22494250646840     
   7.41816380511692     
  -15.9651344513499     
  0.207176803474308     
  -1.03110366623400     
  0.189346413824866     
  -4.47908364068472     
   29.9852512817876     
  -1.30509734423988     
  0.382982532184782     
  -10.3541706762789     
   11.0386042962376     
  -19.9394495998582     
  -30.1592244941535     
   2.22914677860463     
   4.31936745677494     
   14.0186472480919     
  0.205456448239220     
   6.17196875823465     
   6.07026692439091     
   42.5667264530015     
  -25.4295546552613     
 -2.372281982026037E-002
  -1.76751068987250     
  -8.12099457080519     
  0.523014174395503     
  -24.5931205319538     
   30.4293923071169     
  -59.3361464885972     
   32.6125074632545     
  -42.0413899273891     
  -28.4142584645093     
   18.3396084021331     
  -25.0589889770321     
   22.0596469015222     
   45.8072506199872     
   44.2548617550896     
   1.05904461010179     
   4.36671423407581     
  -64.8187354556928     
   32.5564212021658     
   40.2085472604606     
  -31.0347146015311     
   41.9175190773200     
  -28.8796545805421     
  -15.2660669360020     
   43.5200416391389     
   45.0019396592099     
  -51.6054489737986     
  -34.5761598458034     
   37.6736946746235     
   38.9180444391501     
  -113.880428158681     
  -6.96567369276934     
  -4.55104244783329     
  -36.0679101122060     
  -9.55097862915999     
  -13.1526736283381     
  -34.4714753454286     
   723.400166572389     
   52.2681187270260     
  -385.700983631274     
   164.844310620092     
  -381.551003706964     
   62.6964647748921     
   15.7050456081632     
  -18.1526137194621     
   10.5869909789121     
  -33.1644743990715     
  -15.4201189984069     
  -44.1722050499823     
   28.4606873304229     
  -3.26697190088966     
  -34.3197671611239     
   57.7878594335479     
   8.96075046020518     
  -30.8565991756315     
  -19.3536422634973     
   40.3852564913014     
  -7.42044252804690     
   39.5642374060699     
  -7.96569624390774     
   25.6180922969662     
  -7.71372758507490     
  -28.9890467067747     
   19.7145732124389     
  -19.8017232517524     
  -28.3250403177457     
   55.9055406262506     
  -21.4428143331534     
  -28.7597906926010     
  -16.0070696372460     
   50.5808639342022     
  -19.3481004511255     
   75.4007679907521     
   20.0245427608912     
  -15.8446822931796     
   58.2646785202867     
   89.4211724789650     
  -44.9008251331982     
   68.6890220168997     
  -8.93270325032882     
   32.2068756050543     
  -30.3091642358616     
   28.3819600685147     
  -307.642107614335     
  -44.5285084220297     
  -26.0211467256339     
   182.616471742481     
  -56.3198507497118     
  -34.1203508096240     
   167.651307446123     
  -92.9373750882554     
  -50.1996178286479     
   207.348132093916     
   201.486557439514     
  -874.135450367358     
   211.268939261674     
   72.7777244912003     
   53.1748277784406     
  -122.304211664589     
  -129.295469090377     
   60.6683703763842     
  -158.352828822830     
  -144.354213270008     
   335.917351099370     
   4.26390510859341     
   11.0067413104849     
   14.2535313174690     
  -8.17376037490747     
   6.17406085207568     
  -14.6079651995423     
  -39.4580363602289     
  -2.01298491898417     
   75.0598195567988     
  -12.4947390105783     
   8.56713574454481     
  -22.3486042463953     
  -33.5715177275269     
   5.96965300206591     
   17.5376653479006     
  -10.1629932260549     
   71.8045461218985     
   20.8711151532567     
   7.79523602829222     
   34.5288981431868     
   4.04392428147943     
  -542.273470099315     
   7.61581259325938     
   143.444409297274     
   204.124347573290     
  -165.541688227162     
  -122.981116257707     
   187.580926825542     
  -1090.77798919002     
   174.371120230329     
  -17.7427610989171     
  -78.1305219168141     
  -66.8908583821583     
  -94.7688111694389     
   68.8760443070402     
  -86.7883108963257     
  -109.125271521393     
   615.880859678987     
  -270.410631325414     
   4.68501181121952     
  -9.11333996918707     
  -1.19725987424804     
   12.8607495518341     
  -5.78666405205657     
   13.9257759106140     
  -8.04161548016485     
  -17.0143573773311     
  -15.2961071351307     
  -1.45027571977335     
  -1.26994241840322     
   24.3948601563786     
  -19.9270344736247     
  -9.07033440673943     
   13.8968050859763     
  -14.2350211274433     
   6.91989746887803     
   10.4478791368891     
  -13.2296755702342     
  -16.7555042921510     
   19.7921233285112     
   8.62747864628804     
  -15.6207291610441     
  -15.5373493049459     
   38.7230805525100     
  0.109726817357952     
 -0.139610902529133     
   10.9095613835145     
   1.23676246106869     
   3.09202590214747     
   15.7394147206413     
  -173.213389229528     
   9.64468991666250     
  -2.08184746671408     
   100.181948818166     
  -40.2772777802146     
  -29.1349332745162     
   91.8617447593928     
  -58.7294302460421     
  -37.6198685927879     
   3.00028762956844     
   93.1672088294963     
  -75.0803308547363     
  -38.3284754678266     
   98.7287639027304     
  -671.112626238008     
   76.3678577745261     
   11.5394879158909     
   6.33470722332362     
  -61.0138463674912     
   4.36500196499026     
   7.98360457230605     
  -41.1132878607921     
   19.2330862992179     
   9.01767583864291     
  -64.6229958148493     
  -35.2758036523539     
   584.355193002956     
   296.130588672164     
  -267.692857546778     
   118.311025774412     
  -15.8285702768531     
  -42.6987361874174     
  -51.3380434267088     
   58.8668897533385     
   60.1357540047695     
  -50.6929721438443     
   695.436366629955     
   477.730890730077     
  -440.496500716440     
   64.7119880319810     
  -6.47275199013633     
  -23.7683579707510     
   15.6034316195873     
  -20.5673171331028     
   344.196045487653     
  -285.526261359074     
  -343.885794724443     
   31.6979274392341     
   4.59404658990448     
  -3.98178046645203     
  -21.2024592278435     
   20.9807774442329     
   14.5334917269970     
  -22.6219083992850     
   365.417836666989     
   100.783570782724     
  -171.678412733897     
  -277.426876285846     
   37.9673865558765     
  -1.03994956762332     
  -22.4657113343182     
  -13.3767113216223     
  -16.6952981607034     
   192.746204374236     
  -192.825168346781     
  -278.195978945284     
  -133.145953460043     
  -9.71378079095525     
  -8.02507890994813     
   4.93558675412881     
  -7.33118595730751     
   9.82410403625787     
   4.40161043680889     
   22.2652157742685     
  -11.4023286155235     
   1.89613467447602     
   11.6123533234237     
  -7.62073914441505     
   7.07078304831664     
  -21.5609174137657     
   5.68749289392991     
   13.7546835031991     
   4.50750952554946     
  -16.2607549660253     
   6.91141104100505     
  -27.9181720805195     
  -9.56509315936575     
   1.71934184418812     
  -17.7494779694971     
  -39.8437412041206     
   18.7115961391864     
  -23.1081178759757     
   6.13320888006370     
  -8.14883238543368     
   132.621996567830     
  -1.98083682611590     
  -12.1442092276306     
  -48.7939169237107     
   20.2816685694164     
   9.74465098604091     
  -56.7359445994536     
  -73.8884671908919     
   751.967721580214     
  -86.9258401568845     
  -18.4798115822902     
  -2.74865279088113     
   27.0706642484350     
  -16.4464376521067     
   50.4838766097417     
   32.2772774661965     
   51.6626554743389     
  -365.678544989465     
   149.989377354004     
  -42.9985648771232     
   7.57952388299907     
   29.5820025190979     
   15.4746395425054     
   31.5902581980574     
  -30.2271127136283     
   22.9857035307519     
   31.5532572436463     
  -530.085904857908     
   272.090784818306     
   429.827723101048     
  -46.8952805648801     
 -7.963607533160166E-002
   2.86767783424648     
   14.4775513521198     
  -1.44020028914056     
   1.16108484401721     
   12.6756593805261     
   11.5622775059332     
  -331.363554238349     
  -203.501552439249     
   167.372494834488     
   249.626122042586     
   118.858668388483     
   30.8777659846694     
   11.4319118979439     
 -0.937399050322334     
  -10.8644081685753     
  -5.44015050895361     
   214.493229070707     
  -120.448219515467     
  -168.721853681684     
   2.76201774822191     
  -5.25908663166215     
   5.12833188099667     
 -0.314957996048571     
   5.51325974924347     
   12.9113935360715     
  -3.11846882459619     
  -23.8381432259122     
  0.571842488150773     
  -5.47114279236358     
   6.63514340131744     
   11.9489037953176     
  -4.21354083857193     
   8.55084748127659     
   2.58542554154011     
  -26.4242252986735     
  -8.46961329588224     
   2.23811053648909     
  -9.88796020313659     
  -10.3858132122167     
   287.371685194417     
  -15.2505052556226     
  -66.0869474398271     
  -97.9295435466763     
   36.2895488063243     
   41.4000230695642     
  -41.9039259491861     
   613.122652502202     
  -89.2312626451020     
  -3.25124249911885     
   45.2949315528535     
   42.7753140656886     
   36.5089725096068     
  -23.7110280332498     
   46.1652526084275     
   10.4940425792140     
  -365.449696293060     
   154.620022815532     
  -177.616510100977     
   50.0061051315937     
   20.6440114268881     
  -87.5946596229487     
   35.2075510259635     
  -513.130356270754     
   371.064355656860     
  -70.6232484232459     
   10.2996210493356     
   19.4328906697265     
   17.1894619023192     
  -26.6578874997176     
  -29.2789116248638     
   7.85922793481491     
  -327.613779729450     
  -214.909529019006     
   206.289170132961     
   271.257606574674     
   140.146771775820     
   30.6903379207991     
  -2.15691401498529     
  -11.1387524741105     
  -12.2846353059279     
  -5.24635114785816     
   5.53839861785536     
  -5.69909973640004     
  0.833932671658994     
   225.451830287044     
  -118.196660591473     
  -190.515317277314     
  -217.912077219563     
   55.3020203094171     
  -17.3384354059041     
  -11.4603998695292     
   64.3181555530898     
  -3.41419568117711     
   281.093303620548     
  -197.693218770634     
  -253.543677209777     
   21.0942620636874     
  -12.0002043857865     
   4.53207405088374     
   11.3184298198403     
  -8.14140829616807     
   8.52731975748256     
  -19.4339722381966     
  -13.5037715034021     
  -14.1098767235373     
   1.84651787746824     
  0.749581581502810     
   23.0762211384071     
  -22.7272020425147     
  -15.5482423061205     
   8.03284353187130     
  -7.57613992507984     
  -14.3498432169730     
   3.74834720917303     
  -20.6238449888939     
  -10.1256368128565     
   14.9223787642111     
   5.18458462220119     
  -6.55331729050331     
  -6.42413502745905     
   39.4056930093868     
   3.93069572045708     
   5.01106629872958     
   12.7989761039329     
   9.31586369373390     
   15.9491477339024     
  -2.04704408343062     
  -285.674260864019     
   19.6367359155141     
   2.79836400704920     
   105.071074301176     
   17.6575811881949     
  -34.0626154995375     
   82.5300634583009     
  -151.473059947931     
  -51.9651273970519     
   21.7965892173503     
   111.829958180656     
  -77.2211666365439     
  -37.7769782576808     
   104.696015967935     
  -68.3234508237233     
   102.426648439658     
   1.95231664759838     
  -2.14034029558956     
  -39.1043583791105     
  1.922156854032231E-002
  -16.5285529652290     
  -44.7596584618011     
   7.53526333922296     
   2.61815092053108     
  -32.8561584431798     
  -54.9362351483159     
   232.893412149719     
  -33.1460054118951     
  -47.0305337524962     
   180.634949428482     
  -26.7439441922955     
  -58.0022723386814     
  -46.9424682520668     
   6.84425620483155     
   8.39400433240046     
  -28.1202617614139     
   356.906430378347     
   209.878055285779     
  -210.510643098702     
   48.7156453796017     
  -3.90416470122622     
  -5.82184622232625     
  -33.4053994361397     
  -2.62058018773455     
   16.8589696629406     
  -23.1646968259986     
   273.233827736787     
   255.763734092321     
  -230.858470088049     
  -271.218560176774     
  -160.347639269059     
   4.35102033921638     
   14.1536180718162     
  -2.74599557400980     
  -32.7932045182667     
   21.2865329595777     
   17.3723723745928     
  -25.4945112491013     
   276.653882160743     
   6.32108314118238     
  -117.324734194560     
  -213.268797022760     
  -160.540964927732     
  -67.2491434149790     
  -92.0690771866647     
  -29.3188978635697     
  -1.62244239842093     
   2.19533887589301     
   17.5142659533346     
  -5.99423445418496     
   3.92278029995487     
   20.4837371563015     
  -2.76979523061059     
  -4.34557543818168     
   11.9884472786852     
   17.2076412892791     
  -302.634157890548     
  -163.045025103146     
   136.277307177542     
   217.560966952041     
   204.645017260755     
   137.245582492456     
   90.8187820212110     
  -81.0631325360489     
  -102.989181439000     
   131.605536370799     
   67.0303809100921     
  -87.2649981393345     
   7.37565765141691     
   21.8220918455700     
   32.1644387626250     
  -5.05706820039601     
  -14.0096661474847     
   10.7733931426496     
  -295.352854082789     
  -202.300172351643     
   166.710514880621     
   233.944830336185     
   138.660013687645     
   110.592063774996     
  -95.8939955127980     
  -111.784440257806     
   137.833899337973     
   104.461163501100     
   77.6796368778243     
  -22.2137960029660     
  -17.0737207911947     
  -28.9946705852745     
  -2.32307817828399     
  -139.910075846310     
   4.96159860275504     
  -110.358672616075     
  -51.1849808099566     
   77.4932697889114     
   114.169224285857     
  -28.3608778175503     
  -12.9217201070368     
   1.05161900357369     
   2.23695312829509     
   40.3952842465498     
   10.5102773718865     
   23.9389610747604     
  -8.61793919634334     
   3.64105375314285     
   7.45893762985749     
  -4.37113482328037     
   10.8451418097490     
  -21.8335720909541     
   7.72605522612541     
   10.1986814658961     
   2.79883057282442     
  -18.4937626830178     
   1.52948544797268     
  -31.3147315754075     
  -6.08988235412952     
   1.23799417164217     
  -19.3793063201816     
  -41.8062967604486     
   5.68974503012823     
  -15.1603500315477     
   2.84330034832339     
  -1.48295114358537     
   199.886575395901     
   8.06261398473949     
   13.4899384705268     
  -75.9123232081252     
  -7.10301430631243     
  -21.6067109913744     
  -54.1453915940000     
  -10.9552718019844     
   259.970016401069     
  -90.6909954555638     
  -15.4542173820434     
  -28.1637227705302     
   42.5620575086126     
  -14.0070871809949     
   41.2672144795066     
   57.6838421048328     
   31.0130816064816     
  -71.9798661938048     
  -64.8175716666045     
  -139.876182259750     
   21.8743738561139     
   33.6248933914858     
   42.4772496045940     
   22.0073772007145     
   2.39047130220316     
   6.29623141154465     
   8.51572566065997     
  -296.412314984153     
   110.591695613154     
   326.750566292133     
  -41.4149837537953     
  -2.60777179326439     
  -5.81849610889199     
   29.9799527420345     
   3.74519451172938     
   1.01767184856130     
   20.6229677267764     
  -3.32584689114620     
  -271.486506589724     
  -156.881223035606     
   116.407990294216     
   210.144356298572     
   146.631802342351     
   99.1468183729779     
   89.4021433336429     
   33.4915385625939     
   4.57571089828284     
   12.9129700556475     
  -25.4911342216990     
   1.70922798037811     
  -13.4005443529291     
  -18.6769370932467     
  -5.87946468536272     
   176.000276115667     
  -65.0710584332059     
  -107.061126399180     
  -145.832817837199     
  -84.5572159605374     
   53.4622257169346     
   60.2912778197251     
  -69.9097029516303     
   51.8613857116602     
   48.9425225019259     
  -1.47099374639256     
  -24.5141932921951     
  -19.7123331436091     
  -17.5920922254326     
   8.51414012965723     
  -14.5863804510408     
  0.960304629334590     
   222.449990177168     
  -85.2049179787893     
  -181.832844323181     
  -193.440327058683     
  -108.873798100151     
   63.1959348161249     
   85.1528020714138     
   96.9581488541589     
  -89.4365494919989     
   50.6830202434529     
   78.2536569042530     
  -54.1239065871166     
  0.334689073986311     
   5.62313189215442     
   17.0894556572398     
   8.89990513978565     
   23.3890996161516     
   1.50024547313324     
  -11.4707093942883     
   2.95121164312411     
   102.871681125032     
  -57.9156382838150     
   86.1172356037997     
   75.9355967408433     
   26.4095390731752     
  -36.2544528465200     
  -85.4773185046418     
  -7.08888935646332     
   41.8968807517295     
   9.05208053066815     
   7.27265363744422     
  -15.4141826068948     
  -9.39418735531424     
  -82.4493379171867     
   99.6951001961956     
   7.57147030367521     
  -26.0076426037275     
  -3.94514255491873     
   25.6397916204760     
   62.5344820607042     
  -68.6048932005491     
   7.12851553142166     
   6.39781874075261     
  0.212439296724864     
  -1.89600775427586     
   21.5128769156703     
  0.159056422381823     
  -3.95663335614839     
  -3.19151325560520     
  -1.00558057857054     
  -4.06359674637918     
   6.50235537965990     
  -7.72715055373985     
  -2.05054400816348     
 -0.130224123076863     
   2.52461945431082     
  -1.49442283053846     
  6.286860787915005E-002
  -4.78921944195410     
   3.58966981396151     
   4.99435710487361     
   2.42006794229658     
  -5.62247502682497     
  -6.84340898462920     
   4.54054034142441     
  -5.81680367950999     
   44.0666795413401     
  -3.19181949720056     
   15.4165752571420     
  -8.34123726130619     
   1.86014346129859     
  -7.75550332348653     
  -51.0549096784541     
  -13.3959773937536     
  -15.6924529943659     
   28.4888728728928     
  -3.20031914719330     
  -8.11439272676640     
   35.5297187666304     
  -49.9645116891563     
  -68.7626245141981     
   140.475804947451     
  -14.8789490561828     
   6.65674582089171     
  -4.29327772716146     
   7.98606585512588     
   47.6615474428539     
   1.70728709779053     
   2.11822655198317     
  -23.3735162527187     
  -12.0697413428648     
   7.14556686921283     
  -3.70686023369833     
   7.48361499146791     
   11.3814735573147     
   12.6089868459019     
   8.93285973142172     
  -14.3424290321940     
   9.92202066011693     
  -16.8974465072756     
  0.468919478738330     
  -19.3128948904224     
   82.6193692685743     
  -11.5601544777064     
  -33.2149656196882     
  -43.9195854028224     
  -55.6456877783899     
  -60.4606162222417     
  -18.9781883749705     
  -805.944609376931     
  -84.5674897512268     
   56.7483778525636     
  -10.0632892202135     
   37.2835594690551     
   10.8295722932230     
   13.4175702037458     
   572.231158803953     
  -590.012626520529     
  -3.74779972292490     
 -7.518308048380806E-002
   1.37333115428331     
  0.868390914901034     
  -1.63228238894777     
  0.379861250753919     
   8.64072862710404     
   2.22110231130730     
   3.41809100095919     
  -5.59532000301581     
   1.05427153151051     
   3.20775369710566     
  -7.42513873484320     
   31.2837486795330     
   8.67399771882060     
   28.8788049894432     
  -35.1226603700390     
  -13.0679846194701     
   8.40550444821347     
   11.1657968271117     
  -25.3358429892275     
  -573.293115804005     
  -14.6979945639416     
  0.693034063318200     
  -1.95912033150502     
   14.8449009380539     
   8.72985501651784     
  0.936317927947080     
   9.16318775822177     
   216.762249389062     
   282.755752245716     
  -154.073666786186     
  -8.38682735186245     
  -6.09516798987072     
   8.28037836181568     
   141.901472097834     
  -41.9127574435975     
   10.9237262635484     
 -0.612276459650452     
  -8.38155050476484     
   5.02020721787790     
   125.353453299123     
   223.365717102608     
  -56.1070908983573     
  -43.4792395400448     
  -4.16378628132920     
   15.7178929905744     
   154.276780459804     
  -71.0159613444763     
  -30.5784045757108     
  -1.07525552784612     
 -0.677077112828429     
   1.43392420881663     
 -0.237163886484084     
  -7.87356267775350     
 -0.410870002772294     
  -1.10644146183427     
   4.86092307718187     
  -7.92801270587012     
 -0.823669104492352     
   1.93400262948326     
 -0.222292097875405     
 -0.374520949754332     
   3.11566716427472     
  -1.50389618676204     
   2.17367827044537     
  -3.37879473652568     
   3.22226340989036     
 -8.405793462090161E-002
   2.46571602805813     
  -34.6019536115077     
   2.53478676024322     
   7.13423695740013     
   16.9912029349973     
  -1.75608645976539     
  -1.47971573276840     
   4.34120159618158     
   286.699749541871     
   13.4887469201867     
  -10.5080708183484     
   2.53765682363285     
  -1.27829850883804     
  -10.3970782957735     
   3.07053220906462     
  -4.00284599815756     
  -11.6972009504333     
  -152.441376267959     
   145.510730703601     
   30.0900689819154     
  -5.32612156683153     
  -9.09810847736778     
  0.217237238512068     
   2.96892097471568     
  -31.9678998207295     
   72.8385457869005     
   5.34306047692821     
 -0.729905385114270     
  0.716619571175665     
  -5.15263791272936     
   3.92010262124301     
   4.84148753123088     
  -1.94307955566182     
  -55.2818122770058     
  -69.7449005631629     
   27.1402406996836     
  -16.7163916566377     
   9.13592822009733     
  0.381271739629863     
   2.21231450089704     
 -0.504806404879629     
  -3.47620718670668     
   2.81296015246840     
   7.70939690497999     
   14.3597399415611     
  -14.7466596040103     
   3.97378302173529     
  -12.3300130226496     
   2.52103762950641     
   3.19620407419009     
  -3.05656139596777     
  -4.38990128075530     
   24.0839467354439     
  -28.8300794121001     
   27.4707464080684     
   31.8492572551028     
   1.98150549061980     
   1.56884600906371     
  -9.94978772527965     
 -0.414731653873605     
   5.35126509234327     
  -8.38884178818961     
  -75.0577002319401     
  -95.3790290656589     
   53.7224975281302     
   24.5915314337885     
   11.1914842792340     
   16.7610219339473     
  -1.85968513124400     
  0.386288296686672     
   16.3709941793156     
  -22.2793682507668     
  -1.23684221293422     
   4.92489413264771     
  -2.21413536875212     
   7.45192156547282     
   3.21714680009784     
   53.5347251867477     
  -57.5838772366760     
  -36.8991025638961     
  -8.14919634089771     
   3.47618278252138     
   4.03829211621608     
  -18.0324698397042     
   25.9749409677106     
  -12.7591645547695     
   3.31571111517423     
   2.56276207201296     
   1.28337277641095     
   20.3736795012607     
 -9.550458253814831E-002
  -4.54156107993174     
  -1.41283569663631     
  -4.77088902126120     
   59.6533005620250     
  -11.8686828982357     
  -10.3587966286272     
  -8.90783211048332     
  -246.055066202938     
  -60.2248315318284     
   10.9714483381058     
  0.824158031656642     
   18.2097309489093     
   6.21456405639563     
   85.0341216178340     
  -38.7739099496450     
  -25.8147900084128     
   7.46549886878176     
   4.82054913219293     
 -5.559473083772914E-003
   46.9861498491174     
   70.4463064907173     
  -9.57621675501479     
  -11.0732071688289     
   27.6602074743569     
  -6.82245020686322     
  0.795167155099631     
  -6.78101903818401     
  0.704877266801929     
  -14.3997224633012     
  -2.00610364189185     
  -18.8326752359334     
  -1.06396400642317     
   8.79915036368524     
   19.2476612313202     
  -5.70035468171833     
   4.25982986056757     
   72.9760143324694     
  -30.2718720794041     
  -11.0283278871235     
   4.15853962848478     
  -3.40337623223863     
   3.25742970937817     
  0.388307576441204     
   4.53439078600598     
   23.2918703792820     
   3.33386179440336     
   5.00331602822366     
  -12.3142111855913     
  -3.04023472993737     
 -0.749185454730527     
  -11.2981853188886     
  -9.54057660047583     
   14.1435816067411     
   22.2271380201582     
  -46.6153580245142     
  -13.3414624940529     
   10.2472791105183     
  -13.5310984281873     
  -27.5575302717760     
  -611.255857309304     
  -16.9495007720920     
   16.8174973671110     
   25.1990012807368     
  -1.55243863630442     
   30.3053522679376     
   32.9326793784152     
  -3.98949112742650     
   231.609839112091     
   331.958002031017     
  -172.641399196142     
   28.9373646667505     
  -6.86197004066368     
  -4.71711373262649     
   8.08449762955449     
   200.221856435081     
   184.208436211392     
  -58.3974962619078     
  -44.6442562059794     
   40.1089403066531     
 -0.119785137193309     
  9.939354803971390E-002
 -0.783809634116071     
   195.552791566648     
   325.271247128181     
  -85.9223054261072     
  -32.8615318017043     
  -80.1905344834758     
  -69.9356000594646     
  -12.7012725486032     
  -3.01045775989903     
  -3.71154320409224     
   1.28748553934055     
  -4.42068462178014     
  -7.47847363249732     
   3.97096578442068     
  -101.509329538576     
  -120.903931587477     
   44.0236106584205     
  -12.9207727198968     
   11.9848361237071     
   15.5418534691486     
   2.41843324313651     
   8.50837787901688     
   24.6105497382652     
   37.2773089815470     
  -17.3351324479009     
  -23.5283559508796     
   4.76056575231719     
   3.36884027023790     
   1.48364984392113     
   50.0184843663048     
   88.6885195704663     
  -13.4316042530676     
  -4.62364553866634     
  -13.0328506633239     
  -3.64651450995230     
  -17.5973464280225     
  -15.1694448619103     
  -36.6244897728454     
  -43.9461154940939     
  -8.18311257282526     
   30.7025873661789     
   160.804350573663     
  -75.8317452177138     
  -70.5041027951609     
   47.7212420562243     
  -8.92058436052492     
   1.60999126115160     
  -4.18519848593572     
  -1.07824123691683     
  -2.16252134504390     
  -16.4203518918479     
  0.868923261740711     
  0.760005296921484     
   7.86569458743768     
   1.04452887814938     
  -3.30347532311447     
 -7.187913185278777E-002
  -2.69526995345255     
  -7.16339563774390     
  -14.5563342103400     
  -1.39249092491195     
   6.93204245499169     
  -1.61270851085766     
   4.96777330979415     
   4.41914787055366     
   8.95398341755724     
  -54.3541395872385     
   5.52100522793721     
   11.5053345139863     
   17.4195726317600     
   30.1859740720974     
   29.8855228395795     
  0.201547725400609     
   333.929387596144     
   58.3248905121385     
  -33.4649052134248     
   13.1448241591642     
  -22.6268663582820     
   4.58831975159090     
  -34.7853592766897     
   16.5421801014849     
   15.7184763283699     
  -215.816289444197     
   189.484815159711     
   5.09156942182270     
  -11.0080659910849     
   1.51290856043982     
  -28.9913512257319     
   13.1598895658141     
  -3.79343359032308     
   52.9997558401688     
  -11.1615283461813     
  -1.12589006321666     
  0.599838357918930     
  -3.64342429770841     
  -4.11854920574487     
  -3.39346835613660     
   2.72491272432179     
  -97.9208778937496     
  -131.304037278286     
   48.9523270635073     
  -16.0383082713997     
   12.8924734999190     
   25.7159139135265     
   41.7816297357978     
   2.66441045861330     
   7.05273574057571     
  -5.95898151092833     
   2.36537911919886     
  -1.73844922013528     
   3.53924992830163     
  -4.60279282641015     
 -5.563251459343999E-002
   62.7655390538084     
  -33.1354926965311     
  -11.3864707867216     
   2.23233546389787     
  -3.71701365317028     
  -8.08265729485963     
  -2.88337567930638     
  -17.9017977443148     
   9.45791010948606     
   1.51874394173850     
   1.08979192358574     
   3.58427541566372     
   5.65732598394287     
  -7.29003897576152     
   35.0436122540777     
  -25.1020073207332     
   56.5488603917677     
   7.39716287983947     
  -7.95758969557381     
  -19.7788914377938     
  -7.66663939292610     
   8.31910883816435     
   24.3404018021884     
  -3.83762756749957     
  -1.39200835423137     
  -7.05151174601108     
  0.357340477213362     
  -25.2673727122950     
   6.02132338539757     
  -19.0191379134131     
 -0.816505635166290     
   6.17463922524457     
   10.0262811654102     
   10.4522666239639     
   9.53566842635641     
  -5.28258190366895     
   9.47472048771633     
   54.1490642376003     
  -1.29203317481579     
  -6.93932917232224     
  -9.51224048498382     
  -15.5870421467601     
  -13.6262493888128     
  -5.72681821443854     
  -97.2190093567564     
  -148.874206611618     
   90.7450049354473     
   6.39552315465691     
   26.7074454157502     
   46.0598250998679     
  -26.2165724534671     
  -3.92638635590389     
   2.93993990385186     
   43.9696723084819     
  -57.0681046290431     
   9.89799208180141     
   1.98802065665734     
   18.0736523283318     
  -1.87532949523479     
  -13.9682852468048     
   108.510423312771     
  -101.903479665438     
  -56.6560549799778     
  -23.2068795609824     
   17.6980439953166     
   9.75263074817605     
   3.06691349030979     
  -59.7371990222028     
   69.1346037127399     
  -5.74544863383767     
  -1.05989723653523     
 -0.322121246567872     
  -1.14635278912298     
  -14.2610334477124     
 -0.322226902627172     
   1.97334214954330     
   2.38531150301866     
   1.80721822830085     
   2.50285899784267     
  -1.63643740620959     
   1.74953336808496     
   1.58105227964955     
   1.69595294130310     
  -2.68569372542617     
   1.66244721675539     
   2.48483906633933     
   4.47079620763326     
   2.66771228628524     
  -5.00390382008157     
  -2.13016054212878     
   5.06860337621748     
  0.880668009133448     
  -5.06064549123754     
   8.75336749383774     
  -29.7199466772444     
   7.68032838186662     
   4.48240640798301     
   7.51279146057403     
  -8.30727704373095     
   4.68337303776669     
   45.9430126997994     
   8.71511726283423     
   16.5639158788359     
  -30.9551348267532     
 -0.709996328886520     
   10.3751726686065     
  -32.3193243952391     
   362.026624951308     
   49.5596309547956     
  -95.7216572228830     
   3.37406741874803     
  -9.12949552839810     
  0.972207039298015     
  -5.63979458415380     
  -38.5067385606350     
   4.01686362639736     
 -0.214229441065386     
   14.0834245982846     
  -1.20565554089801     
  -5.15936070316678     
   4.99351851442821     
  -8.65041866332887     
  -9.55218458714647     
  -7.76477258510227     
  -5.91931963330212     
   16.1071162024673     
  -12.0760555243560     
   19.0088398224322     
 -0.981292024736490     
   15.8520007587165     
  -301.730975624655     
   51.1635326686146     
   58.7151892022452     
   20.4740448674104     
 -0.431092241578945     
   17.7875920582861     
   33.6181765571151     
  -283.460389960068     
   196.183492179138     
  -86.2445016924484     
   17.8606350064103     
  -16.4005906935064     
  -11.8966466561769     
  -61.1096268089976     
   320.925040884986     
  -195.093162243774     
   7.20990909343295     
  -3.30914076824122     
   4.06920564614850     
  -1.72538096705574     
 -0.388811635978450     
  -3.33376324342625     
  -11.9548551877344     
  -1.46644836430369     
  -3.47837449172716     
   10.7926999536238     
  0.193749381240849     
  -2.48852798788226     
   8.21194197423973     
  -211.933802777119     
  -2.21238568167066     
  -19.9858301701300     
   35.2021445426279     
  -194.130677519976     
  -2.54088250193353     
  -7.33151752449617     
   30.3063189465971     
  -70.7023546518911     
   130.257980638925     
  -15.8582158039374     
  -10.0532306545501     
  -9.50129366097818     
   11.7847235850174     
   14.2631102184404     
  -20.0247870148005     
   229.278278919867     
   233.605515613204     
  -217.317997122441     
   105.681275812635     
  -1.36802343261682     
  -15.6824942689257     
   62.9572233296268     
  -115.845928499275     
  -4.58043558769353     
   2.26860245748558     
   1.98501470659793     
   3.45785866068741     
   15.2407429257548     
 -0.361551707101223     
 -0.212026566971820     
  -5.68534879569269     
   2.41498131655100     
   1.36054940587986     
  0.125982025222489     
 -0.250925148958523     
   3.54977180014172     
   1.48564714003636     
  0.647648552876197     
  -6.29438259591589     
   2.70092209680187     
  -5.43553915670561     
 -0.184756748553908     
  -1.56801592401550     
   164.783441593801     
  -10.3990171668352     
  -11.6203876441781     
  -23.5222714399798     
   15.4026840150431     
   7.17365527882191     
  -20.0006641188197     
   89.4467957395493     
  -83.8050849090491     
   19.8163812907679     
  -1.01008704739876     
  -12.2961488735446     
   19.4568121572676     
  -2.43473817817017     
   3.99536209876288     
   33.5658266419995     
  -206.076438341270     
   179.068051713705     
  -94.7825629617398     
   19.0185330773745     
 -0.319625202452699     
  -14.6912652439561     
  -1.37834922043080     
  -157.314933833855     
   136.355932627664     
  -78.4232250157070     
   4.52094238165607     
   5.13187117106838     
   8.48865649797093     
  -1.89229875440055     
  -1.38909756251202     
   11.6857223245885     
  -64.9285371005573     
  -65.1136436995993     
   88.3137704510444     
   67.2041508806260     
   52.1800951896758     
   54.4748605688915     
  -4.97690514415110     
  -2.64686690797049     
  0.827729809500360     
  -8.03714970307687     
  -13.5150058015529     
   75.0595002970055     
  -66.8891710162959     
  -52.7919562076680     
  -44.1955999410381     
   29.2858032309924     
   7.84387511679787     
  -2.50706074530257     
  -2.14878906727405     
  -1.89847572204409     
  -15.9631161795035     
  0.739458890053169     
   4.81980239632904     
   1.50707055252680     
   3.24485058887857     
  -60.7611054941024     
  -4.13721489465591     
  -11.4468235271691     
   19.1010744072403     
  -74.3915187376062     
   51.4378883385702     
   3.79362290743196     
  -17.5006069707182     
   6.66546584832949     
  -14.5842147750816     
   73.2994958881513     
  -14.0766612269589     
   10.0642722989451     
  0.965698841371823     
   2.21481522288384     
  -4.10715214261015     
   69.9734261064954     
   47.4882493263281     
  -61.6551308067423     
  -38.1027320346863     
  -12.8819153405510     
  -1.14745793119743     
   5.52160271316665     
 -0.478829429074193     
   3.60382338023610     
  -42.3888409140457     
   29.8790253983306     
   53.7833652916093     
   26.0207161820826     
  -16.3948050321819     
  -1.53499671315097     
 -0.698552862714986     
  -9.18513139736467     
 -0.478192416830781     
   4.16213171186478     
   1.05448476038373     
  -8.45350121985287     
  -2.62503735172430     
  -5.56079315779292     
   9.03611491319985     
  0.288640721884463     
  -3.38631545353334     
   8.38307923189515     
  -55.1256006358332     
  -8.87798417492698     
  -16.7607854569635     
   17.1829935967053     
  -58.0624309056143     
 -0.452111806550644     
  -5.33229279057848     
   11.7186918617960     
   147.423983557358     
   49.3159318219673     
  -19.5099315873810     
  -19.9877663971142     
   7.25536410886118     
  -3.88735653122207     
  -8.93633111919424     
  -2.64907388535786     
   21.4065807240043     
  -46.3527260746389     
  -17.0639266123065     
   48.2037462548471     
   6.69692628801373     
   2.35299161197695     
  -6.92773981273071     
   14.3415045014504     
 -7.439452443943040E-002
  -54.0620095704014     
   33.0463039843563     
  -1.88442142091776     
   6.08418757354397     
  -4.71771675278081     
   46.1603165062619     
  -5.42883441094029     
  -57.9924419933872     
  -21.1650867615587     
  -27.7619626634734     
   3.55133916176343     
   2.32154223229414     
   2.66507664309944     
  -6.11243343262939     
  -4.22718433755328     
   2.62075225623167     
  -19.5477133137333     
  -8.43201171874490     
   39.7761339545952     
   54.6971695576011     
   6.79071889386585     
   11.4731975539596     
  -5.06391450546567     
   26.8868734849701     
  -1.34304132705670     
   1.42033088189841     
  -3.69026037928172     
   26.5946348531069     
 -0.706983424886218     
  -12.7114390276422     
  -19.4044753858160     
  -8.35415081375058     
   9.90061187976335     
  -51.2841397896194     
   3.05841283789864     
   4.93436860354915     
  -113.466415544768     
   21.0024296754612     
  -5.34400145992079     
   12.3941720280036     
  -11.8046492508549     
  -52.2958618524434     
 -0.153516162723102     
  -3.57235076878262     
   12.5478774426261     
  -124.999094594815     
  -235.093513183325     
   64.2048416347727     
  -7.32197692802136     
   27.2002810865598     
   8.99482038117584     
  -3.24213148308507     
  -4.74830033785729     
   5.19074763403366     
  -6.28069023836076     
  -8.89451532755832     
   18.3084775680985     
  -33.1534787984065     
   6.60597264083234     
  -6.05379893567777     
   77.8204204920683     
   6.27519025401346     
   1.91284535883803     
  -1.10140275535037     
  -1.89501285974231     
  0.597433618858614     
  -2.02310576878072     
   1.15201933839598     
  -1.76239488050760     
   6.72157732630884     
  0.365691486349834     
  -2.55922427857849     
   4.04636028946121     
 -0.835280222529387     
   2.68332181890084     
   1.61828808839509     
  -5.43158806401767     
   4.72371884993966     
  -5.92208889084862     
  0.802630134716306     
  -5.87309009759166     
   48.4505455882611     
  -17.7623810453660     
  -14.7960485926468     
   1.87062594597940     
   5.55218324721745     
   7.17013722534053     
  -2.34373820513333     
   105.255210884351     
  -37.6489333511962     
   31.3317917411092     
  -14.1596076781044     
   8.55066637647072     
  -4.31648468309981     
   4.26193890822938     
  -4.25755929251690     
   9.17753070407915     
  -78.8848905234766     
   29.6873450742919     
  -27.2435883844751     
   26.9159204782187     
  -22.5705508134216     
   1.44823153111622     
  -13.1290777537286     
  -120.302819394283     
   57.5558008786624     
  -28.2719805342282     
   5.72491145266471     
  0.684359016149058     
  0.968455193751123     
  -7.62527392044465     
  -12.2862545196744     
   5.86681067010807     
  -92.4487470372757     
  -81.2747854423502     
   66.7648457183955     
   91.1345554928964     
   35.4581555846678     
   15.1445949361849     
  -7.02635499480451     
   3.12946827534075     
   1.54512244431232     
   1.29323815931059     
   6.86223515623725     
  -4.98758906077580     
  -10.6876176884732     
   71.3652373628846     
  -52.0912793441692     
  -53.9633961977301     
  -60.8530828772211     
  -20.6687978277152     
   11.1975161684272     
   20.0185832312124     
  -6.23510651178378     
   3.29624052622858     
   8.07078663840689     
   3.10056282581053     
   49.5275859504091     
  -37.7992972236534     
  -63.7517957200390     
  -15.1620710580520     
   8.34351459841858     
  -25.5103964606213     
  0.963492368781590     
   4.59209558280793     
 -0.637424713229034     
   3.65576398993391     
  -22.7606841229184     
   2.26809144048534     
   22.5967808447678     
   19.0599184771210     
  -8.88254089690485     
  -18.1072414725114     
   28.4361555635551     
   5.25482536894064     
   3.95686999517764     
  -11.4267655735323     
   4.13436937430053     
   9.65668611687115     
  -9.51575920112652     
   21.2980107352315     
   62.1737904235897     
  -1.20091049577143     
   30.3534356122986     
   24.3398463280578     
   17.0755831566438     
  -24.3033876259527     
  -26.7119905978079     
   8.27515471462023     
  -37.7114953046305     
  -16.3684164111082     
  -9.09661828231093     
   11.0301284255862     
  -4.11938080437024     
   10.7256621099199     
   3.83204007213397     
  -4.28092796366264     
  -9.28937067734365     
  -19.6564389743766     
  -23.9844665917918     
   27.4849048247256     
   24.8199874450699     
  -4.87244972568701     
  -15.2562228815959     
  -8.25583178285955     
   14.8246138705817     
  -10.8038684559608     
   11.2632744662700     
   29.6150576631419     
  -18.7052241211403     
  -105.368678471759     
  -32.8699873531039     
   26.2660508012027     
   30.8292921038923     
  -7.62509985465313     
  -11.7202933860935     
   5.02916178348279     
   4.65672831942718     
 -0.953923730917564     
  0.631452763346722     
  -4.52765803998508     
   1.53207258473386     
  -20.7642677154921     
  -5.84019114075115     
  -6.24958743766316     
   24.5324933093890     
   38.2191460805089     
   38.0270047269373     
  -23.2570108062118     
  -26.6323495733714     
   3.77783733901247     
  -18.9708433664493     
  -42.3922661698288     
   16.9866237859315     
  -10.5084646044266     
  -4.62140734864330     
   12.0965590534327     
  -9.35795635273690     
   5.76454207493223     
  -4.27143502612516     
   1.73030082562612     
   3.87560481741427     
   37.9745190762842     
  -6.04543829829673     
  -9.74171692716762     
  -40.9219802318377     
   29.8174270909511     
   28.8823739925683     
  -3.37696415025131     
   3.21663379552882     
  -1.04084916719731     
   7.73713249614956     
   4.67994766881500     
  -5.67036953728568     
   9.81156475264248     
  -3.25875213540354     
 -0.983000134752750     
  -2.08700277843892     
  -12.0002115615671     
  0.416639234678314     
   4.73776083058904     
  0.276731882775665     
   3.47012844092637     
  -76.1617288901936     
   17.3089213704570     
   9.37368373198213     
   1.62581583503837     
   76.9843893230000     
   59.3168818047013     
  -13.4788207295198     
   4.62480519942941     
  -13.2021906238000     
  0.977938376131091     
  -6.46619254007661     
   1.30359138562180     
   23.8189898035504     
  -6.21411798297746     
  -3.42740545362458     
  -1.15717037590386     
   19.3154324795391     
   22.3590089764524     
  -33.1934853633080     
  -14.2704695036910     
  -21.4873053067774     
   5.24107064563858     
 -0.706409771667430     
   5.19539766827634     
 -0.755960506103672     
  -30.3746796638365     
   32.4708262687761     
   29.3035041205545     
   19.1263366842157     
  -19.8354292701384     
  -7.31216769589609     
   3.59998358207441     
  -3.53967834022364     
  -25.0969910421858     
   7.06907108275686     
   8.21055684813047     
  -6.08997102580284     
   18.6122432172085     
  -8.42965374546162     
  -5.85792406962356     
   4.08497515882931     
  -36.5829077263550     
  -55.2492253915004     
   17.7027988703620     
  -6.03006296072335     
  -2.00198755757644     
   9.12705520371702     
   7.13766018533443     
   20.6821521458043     
  -19.8625986158499     
   7.04530817612141     
  -3.75603510996495     
   6.96968298889693     
  -4.06254148491440     
   26.0327582310173     
  -14.6293609618851     
  -6.75421841793857     
   6.69695768392468     
  -9.59653038562068     
  -6.29367631523611     
  -4.33241284508502     
  -14.4016379209096     
   7.96747498864665     
  -13.4057860501840     
   5.66507973187843     
  -6.32163180410485     
  -30.3687609144812     
   2.95578894700638     
   11.8240050818886     
  -6.08840620087118     
 -0.371865082660219     
   34.0498723177207     
  -4.84171725884540     
 -0.907292620370884     
  -1.83872591017318     
  -27.6493540072858     
  -28.8740132576585     
   9.74635788843808     
  -8.64673143412934     
  -12.6310915087557     
   9.39075445043005     
   1.63394546481245     
   19.0897025696139     
   23.7525801723245     
  -14.0550640495119     
   6.41307441563931     
   10.7918882844665     
  -25.6257841372405     
   3.40490936697700     
   1.90796135794663     
   3.06960219921879     
 -0.605966932464405     
 -0.797441465891465     
  -1.23872138973472     
   11.3712873459211     
   11.8494541569339     
  -10.7347763122241     
  -9.19793883230574     
   2.78797266853718     
  -9.04313654926982     
   6.74518311047738     
   3.93211866260442     
 -0.975191418339497     
  -5.17214003786237     
   1.95585038145852     
  -5.52219123099477     
   2.67695378183078     
   1.57280914667791     
   4.49247864248076     
   7.02314374289816     
  -2.18718253376025     
 -0.685010649267442     
  -1.77554876937908     
  0.101138629163763     
   113.117803120792     
  -7.95841805403426     
  -8.75868347795756     
  -16.6996575585855     
   99.2275544179634     
  -75.5017613992275     
   5.83764805626370     
   7.93518098195847     
   7.88010454764703     
   10.8545959879382     
  -88.5488535690702     
   56.9960694289041     
  -21.8636162259522     
   4.06948287502675     
   5.05031257776551     
   1.62111558935080     
  -51.5637749494696     
  -34.8757370321543     
   39.4313425894276     
   9.57421246531162     
  -3.29976461891177     
   36.2223528702507     
   19.5580449458107     
  -3.61418472430506     
  1.134158000509200E-002
  -5.48448076553526     
  -1.37673702978332     
   40.5376025089418     
  -28.3804183045655     
  -33.9801918808186     
  -7.31283666226453     
   5.31102842416025     
   9.61921281300219     
  -26.7929230061598     
   21.0838196982888     
   11.1050971008582     
  -4.38515839419046     
   4.68337925851943     
   14.8411885335782     
  -8.16052012567987     
  -7.18789767009606     
   5.43337221558523     
   2.92508773604883     
  -10.2614834573553     
   7.41807596565480     
  0.178371841098258     
   4.97191961470722     
  -6.72763119056104     
   5.71146374878438     
   6.73305275307293     
  -50.1282521393271     
   3.19504968135330     
   2.33301544242693     
   5.52369486032005     
  -39.6153539343524     
  -17.8003084101306     
   17.7806712364286     
   14.5966105059378     
   5.28717854236900     
  -8.57219134890507     
  -6.65743852209160     
   7.10627109148541     
   21.4094641895740     
   34.6377958564478     
  -1.48622787955071     
  -4.79339834218579     
 -0.252281385776431     
  -5.12251679322238     
   17.8845159812374     
  -6.04643611252157     
  -20.0710618307416     
  -8.38508387185763     
   4.93247456059082     
   9.07136777161364     
   5.17855691047102     
  -10.4018320634096     
  -7.03503658023132     
   7.59314972474878     
   5.28312840541013     
  0.981721967044091     
  -2.61946404115227     
   22.6159774429573     
  -7.92083792692712     
  -5.84423047335213     
   3.21040471727230     
 -0.498415217113699     
  -4.54236776795908     
   7.41951051517208     
  -9.19406789353332     
   3.09648835053294     
   13.0328550069856     
   10.7837873275886     
  -3.69346996892351     
  0.331750094087114     
  -1.36022561364336     
  -1.67659997471089     
 -0.948924011577483     
   2.10662038952005     
  -4.31826675132450     
   2.23213448097247     
   2.77579539190462     
  -5.24497707169388     
   2.45182148538982     
   2.07235813767049     
   1.68232162972146     
  -1.36975271036777     
  -1.17342461677709     
  -15.4228156534801     
  0.438495951577660     
  0.785667596656442     
   1.48245337936901     
 -0.247856633161298     
  -1.54909271701507     
  0.437233682676712     
  -1.53881177539363     
  -4.02335658976028     
  -9.31441389827805     
   3.26737955661738     
  -2.40276992760424     
 -0.183981933783405     
   5.88485131217133     
   1.12069282995202     
  -3.01868082190957     
  -3.48311862243473     
  0.575579546545379     
   1.39030593171702     
   4.82024451063133     
  0.207421577555313     
  -1.99708683943139     
  -1.29251007470955     
   3.21767200270050     
   4.70973729854658     
   8.70388333793283     
   11.3651208649229     
  -1.28573702621646     
   2.81126157932840     
   1.36958700786648     
  -5.56727720058172     
   1.99159995631737     
  -8.09122837593111     
  -3.96859805990178     
  -3.85827127079652     
  -6.35311301614312     
  -38.8667759547873     
   19.3871816094451     
  -4.77057126058503     
   54.7463890661739     
  -8.17180214085763     
  -28.9673148301792     
   24.1838099653829     
  -4.73029256305606     
  -14.1033133699508     
  -19.2587430642297     
  -31.4000593566542     
   1.16093268221903     
  0.890212665105783     
   10.1045116252186     
   16.8328376802322     
   106.389299615426     
  -22.3824699702238     
  -23.3632796260892     
  -20.5557300867746     
  -25.5306915712741     
  -29.3607278226137     
  0.535547750523055     
   1149.79891761122     
  -17.6912649000775     
   62.6869145693376     
  -135.650810935526     
   51.6460102382664     
  -226.011271677524     
  -46.5199384749748     
   92.7252668725994     
  -67.7572498398602     
  -2.92619125299183     
   95.9525939158611     
   100.669167234965     
  -225.609126285030     
   31.3296756995836     
   32.5267483769348     
  -124.472065205736     
  -518.803329820887     
   758.881116571111     
   572.043568743060     
  -1163.49368797143     
  -27.7807656397126     
  -8.00823019107069     
   7.85960090473365     
   3.11427566600103     
   9.27705975637041     
   149.924894363751     
  -6.54138972687714     
  -6.47941381649095     
  -91.6158222068650     
   10.7866851287681     
   18.3522182776441     
  -1.67199896238043     
   54.6721682104560     
   5.15993623372311     
  -1.90399050702496     
   3.29746732734284     
  -18.4611552289743     
   1.06207866011114     
   16.3188278678110     
 -0.141444722765511     
   41.4307907687375     
  -32.4453320567339     
  -1.22010725274159     
   18.7127228169824     
   5.27007411653421     
   11.3722802186801     
  -36.5189300929376     
  -59.2620400924572     
   18.5521649690050     
   9.70950435543758     
  -4.24860639600528     
   29.1086068220202     
   44.8423221273911     
  -35.4460912315094     
  -857.443233463340     
  -4.66974628307088     
   15.8106585410527     
   19.4693533580073     
   64.1791811122709     
   48.9798121513225     
  -58.0522442054624     
   302.668038106398     
  -420.022839645484     
  -214.746220893873     
   539.939216123014     
  -494.790145677313     
  -344.207399498533     
   570.529958396779     
   358.633302254737     
   560.818059118524     
   8.05326350274071     
   18.9200133822377     
  -46.9267516834160     
  -26.0478871523377     
  -5.29195036977702     
  -740.017624687683     
  -19.9271469425354     
  -23.1614056257153     
   2.25852315011931     
  -21.7330207903921     
  -2.27106988398673     
   57.0789525117120     
   20.8520798853682     
  -108.132353628364     
   39.1329927950318     
  -22.2791460502810     
   15.1662645064403     
   57.6806166664648     
  -7.13129605670435     
  -78.8469405491787     
   23.1631802898843     
  -86.1171141473775     
  -12.6015100843396     
  -15.4404915120198     
  -45.2128935454963     
 -4.644929121649888E-002
   442.299943020457     
   71.4044587985518     
  -67.2674409707865     
  -264.132678393123     
   236.492121518971     
   168.420994588503     
  -320.474201830649     
   1024.21430436695     
  -162.667562827665     
  -6.36898710888005     
   107.163852797206     
   15.5996402372318     
   143.492957253801     
  -85.6964724287775     
   131.557788045241     
   200.444633187718     
  -485.540218280374     
   198.132010836803     
  -22.2819915158519     
  -4.37018658178426     
   1.38771939091849     
  -10.5488289312404     
   1.99448757947332     
   8.82210868873840     
  -14.4058175481498     
  0.466292229357554     
   5.40914026389859     
   10.1114041511400     
   17.0597902686395     
  0.465295222372122     
  0.704503187612764     
  -4.61346668404169     
  -7.66854625049570     
  -26.9884935640517     
   5.93822343297658     
   4.84462825282899     
   10.7712100247957     
   12.3740400946281     
   12.3851741009076     
  -2.03416310373072     
  -200.026015163606     
   2.72216654310445     
  -1.35873789045630     
  -30.7619974866075     
   77.4576266239540     
  -79.0193644385612     
  -218.873557392063     
   311.129025029467     
  -320.522554000035     
  -8.49388749281799     
  0.275103254300975     
  -13.0821036635776     
   113.314977186622     
   418.122716991115     
  -250.229828213358     
  -104.937048777975     
   248.371615083872     
   417.260959119938     
   169.882934302375     
   3.58873372652379     
  -4.21498310770224     
  -2.98765908693447     
  -19.9702233920606     
  -7.73601954118127     
   21.1828105280561     
   2.25769404646670     
  -518.201426057504     
  -132.449210265630     
   9.10702209139266     
   32.2368345318613     
   60.5691137680562     
  -59.2345873884859     
  -56.2121676815949     
   78.7997531164280     
  -539.882102849760     
  -420.977739878805     
   336.687312894887     
  -24.3498395065819     
  -2.28954008493038     
   12.0952372281519     
   4.91714459340015     
   308.185133181104     
   39.1508193898805     
 -8.589447663041483E-003
 -0.900079289629383     
   6.52856659915714     
   248.611233319947     
  -596.858971317584     
   285.576803194900     
   34.1181469825642     
   7.56062420187657     
   10.5056301116063     
  -449.708414536143     
   174.403887913998     
  -19.5985403467667     
   11.3457073239761     
  -12.7968745617811     
  -5.14937404706893     
   16.0722070664872     
  -4.20173930646646     
   10.9254082067788     
   7.38763365376655     
   8.32664598391564     
  -30.3057352133535     
  -3.57938708935864     
  -5.73889515870957     
  -9.93417216434559     
   93.2332243663952     
   18.4759463651607     
   27.8184303859180     
  -90.0658122701550     
  -71.3087961435802     
   76.5091096492219     
   23.1460958964932     
  -87.9919820802698     
  -194.147711158573     
  -30.2302702991341     
  -13.4422279322464     
   1.28449592937313     
   38.3486485967699     
  -18.6188306305321     
  -5.26905522370677     
   38.0983915273405     
  -86.9913786454157     
   126.992302401859     
   22.6020620596520     
   1.05039233843703     
  -4.93849974631885     
  -4.80161182596221     
   25.0202205381116     
  -129.775971385917     
  -70.7953558163553     
   122.397332470083     
   93.5884597159153     
   46.0563448437673     
  -19.5639064854097     
  -6.33246945733713     
   17.9823822386894     
  -101.827988477711     
   147.303429283445     
   25.4958348259856     
   75.5566944613455     
 -0.329585193873799     
   29.3349633128305     
  -59.9924797785334     
  7.118388790277441E-002
   15.4519067808694     
   19.7825401425732     
   223.978634621259     
   273.239290919226     
  -51.1616886284733     
  -1.73796217391178     
  -25.6095260508737     
   22.0075098434678     
   1.71705475488528     
  -2.03701006352330     
 -4.511983883444159E-002
  -1.23557096288590     
  -45.8995674815250     
   1.20234546335086     
   1.45264161007646     
   23.2191485936713     
  -3.00470531989341     
  -6.30987526778509     
   5.19670422890470     
  -28.4509248505144     
  -2.01082863370524     
  0.241614754500721     
   1.12138696453500     
   15.9276974168179     
   1.06610619186241     
  -7.39674426476614     
  -1.35145715308059     
  -21.3333493405894     
   13.2472444066500     
  0.611380672781288     
  -9.45602366782603     
  -1.73191379129401     
  -8.16181103649317     
   15.7709515037340     
   19.0196205363704     
  -3.76619252336944     
  -6.49668874400594     
  0.737463560404569     
  -12.9424741696992     
  -19.0030966801362     
   15.2869094944279     
   179.994696420639     
   8.97247499193555     
   2.15627335631389     
   10.7779187531430     
  -10.2685230714460     
  -9.30318676495024     
   22.5098344626569     
   88.3958602752312     
   102.895603535591     
   17.7717829098392     
  -174.358656146886     
   167.279649355668     
   93.7649894371919     
  -195.973491352254     
   221.858722317470     
  -101.742639330799     
  -5.11172710241701     
  -5.54318636893065     
   12.9739806822184     
  -1.84438657625798     
   11.5427558654489     
   5.43341220949550     
   6.86260690196525     
   36.1093281810095     
   89.6610838667302     
  -9.87595985697770     
  -36.6133387534299     
   24.4086401064257     
  -28.0202754099724     
  -8.88897770169713     
  -43.5191835334261     
  -56.8917498066378     
   435.292878263546     
  -219.935496545731     
  -145.273145406739     
  -1.52400653595462     
   4.93242757516040     
   6.56606287473657     
  -42.2488341770582     
  -136.696522368939     
  -338.865394583388     
   169.341444002980     
  -64.0011599165468     
   15.4240131956961     
   70.3487738635602     
  -51.7460568926655     
   496.823281664815     
  -346.520210052350     
   6.81947043822039     
 -0.889459785747608     
   1.30670166909119     
  -3.53703564250958     
   5.96456285705668     
  0.872547976943500     
  -7.69654479011730     
  -250.985224211703     
   61.5532966562456     
  -243.167889370908     
  -290.449158683954     
   8.20916093357159     
   3.34812043351110     
  -2.33523301635774     
  -12.6968961493063     
   7.97071773402645     
 -0.392867954146346     
  -13.6198503991187     
   166.627935093826     
   45.4656087858203     
  -81.6383079780087     
  -110.789216363324     
  -79.7360428316669     
  -37.7778343525934     
  -27.4899474857809     
  -19.8736778372733     
   1.11346525382368     
 -0.242182888587312     
  -4.85727595332565     
   1.11503634842302     
 -0.886842007013235     
   156.700215667483     
   179.171225415848     
   236.201980812921     
   49.0877993244172     
  -26.5803531273274     
   1.85451313464389     
   3.87574001431091     
  0.816376902249749     
   11.7654041382442     
   114.283842212114     
   169.059154300236     
   216.443220119720     
   52.1979035201247     
  -47.8870983354769     
  -7.16246111458118     
  -4.37608138355641     
  -3.38943368061879     
  0.610463391985718     
  -2.35857368561995     
  -8.29586594450907     
   1.82279968153465     
   294.169695985036     
  -139.785858391485     
  -210.064200463557     
  -77.1772343869546     
  -16.3317453536143     
   34.9586842970564     
   4.12761225637737     
  -15.3321075830828     
  -12.8030983824544     
   5.46575495074642     
  -5.54893290640500     
  -5.96851104250383     
  -43.0761826301468     
  -140.513410778103     
   29.3249539519735     
  -33.7803555217208     
  -37.6864722225217     
   15.3139078645410     
   25.1221103338091     
   44.2524138979667     
   35.6739848960061     
   27.6421842003835     
   4.95869074138518     
 -0.477709645971304     
 -0.728070333708673     
   2.83245113807168     
  -10.5098920991861     
  -30.0260100454160     
   55.7293327343345     
   172.047612197690     
   43.6472991011121     
  -24.9430355410140     
  -2.37803822918969     
  -2.87600175041854     
   4.25085772045179     
  -1.70400483602010     
   3.38679999171260     
   5.00409208213667     
  -2.03641224023963     
  -10.7207838104247     
   9.21864536665570     
 -0.100465843740561     
   7.15338187393448     
   4.52869926120522     
  -1.13371331368642     
   7.76547530105002     
  -2.10008984983576     
  -14.0032474263680     
  -3.15767121478212     
  -6.73460590557110     
  -11.8319644847492     
   10.5061586621912     
   101.226283653498     
  -10.9076997480307     
  -45.8606267091897     
  -24.4596198727312     
   33.0325319529928     
   11.4102209796444     
  -22.2075571434637     
   168.991861834034     
  -26.3932380323170     
   9.20366456613426     
   8.15244582083126     
   27.5952676121646     
   10.9839528792443     
  -10.6275427455847     
  -1.34476031457229     
   18.3615868133602     
  -101.756915045569     
   38.9744151554414     
  -15.5181558933756     
   34.5105962999545     
  -25.5319202696849     
  -13.5857288823379     
   2.29694470347916     
  -185.631431120889     
   123.530658065711     
  -6.81415865390321     
   2.27585251043500     
   9.85896817235418     
   5.91059307093472     
  -18.2292988860922     
  -11.0369471519468     
   10.1420611581542     
  -160.390413310872     
  -103.503159019962     
   99.6635877946412     
   131.563272822298     
   81.9279500075302     
   62.3592680214002     
   71.3781911458072     
  -9.70738286519091     
 -6.895513814491361E-002
  -5.66619423139064     
  -3.97187661678624     
  -2.59984126857547     
   10.5805918656405     
  -3.25790440796979     
  -7.72100706423538     
   119.764203431458     
  -62.1357381697318     
  -108.043236117166     
  -100.528303679629     
  -58.6088217670403     
   37.5445187154472     
   52.1874346909297     
  -52.5732725807317     
   24.9329272645825     
   36.2625828680879     
  -8.29236327928076     
  -4.81018966258833     
   14.1608426362454     
  -7.17921440017627     
   123.012823257675     
  -78.4204845926805     
  -87.2499143887039     
  -56.3707419089125     
   47.1748387804794     
   46.4187129528468     
  -63.4523669665662     
   41.6274591008004     
  -13.6356317020725     
   10.9145058450136     
   23.4554797227064     
   1.54153871795348     
   6.55122694506709     
   7.12127016375172     
  -9.79711364062083     
  -12.6755964752936     
   27.6333468169009     
   14.9863049103281     
   72.8443394243776     
   38.7467652503236     
   18.4840670542873     
  -32.4723319726244     
  -44.9097293216548     
   2.40551329620755     
   13.4290296218263     
  -6.20377096578692     
  -7.56190432851415     
  -15.9201651193782     
   4.69480421436920     
  -7.26789162562727     
   12.5838706929930     
   15.1333079378429     
   22.1139410190777     
   9.75613034837338     
  -67.0853868764140     
  -73.1517898395224     
  -34.0992374069359     
   19.5815610922504     
   46.2917718091605     
   43.5891085989569     
  -11.8542050414704     
  -20.5118819295997     
  -22.1203478811266     
   8.39598460920010     
 -0.745351912624301     
  -1.46531646014916     
 -3.292583870425325E-002
   8.81252471015975     
 -0.384287048926377     
 -0.517307217850944     
  -1.46436976765229     
   3.74315731382762     
  -4.16008932056324     
   3.35435267450082     
  -3.43406265137628     
   19.2298978000501     
   4.62676208304628     
   7.90800166415905     
   17.0402531753721     
   16.1440211974227     
  -23.6277348247800     
   10.4740652766477     
   54.7455975777507     
   1050.12141477376     
  -10.5419328355956     
  -4.29743981375218     
  -13.1184404444298     
  -8.30624751646698     
  -4.82744326425350     
  -583.136323654528     
  -27.7923374272814     
   11.8983390680515     
   2.46387540788863     
   29.3520036256557     
  -9.51939063379555     
  -20.8171840874741     
  -68.5855469444169     
  -17.5368854010034     
  -2.05113784589475     
  -3.15752196614182     
  -3.29459303158558     
  -306.053898257244     
  -480.628071396850     
   14.2041608429773     
  -14.8251059764849     
  -2.45410993034736     
  -4.25981947496503     
   8.10988167853371     
   76.4238515579857     
   115.571881878435     
  -37.9410965583574     
  -17.3255706272714     
  -26.2784922134537     
  -12.1596930559536     
   10.8545011633430     
   2.08429847546822     
   2.45060249765894     
   3.14875757210929     
  0.610030909567518     
   188.624679624106     
   9.79506605500199     
  -44.6881720298947     
   5.70272334512730     
   9.38644072461496     
  -10.5870847448967     
   1.01706917504384     
   1.24464429092102     
  -3.95455051453568     
   4.16411271631975     
   5.75902259427308     
  -16.4910250326633     
  -1.04956368763390     
   4.86672377564998     
  -3.07374929692006     
  -5.11211281862992     
  -5.92410725591538     
   8.28543531232656     
  -5.62428577390830     
   1.32111878770623     
  -1.80805558315787     
  -182.156993020490     
   29.4573951878591     
  -5.06620669327804     
   1.48588573812139     
  -27.2451894807959     
 -0.272401394300903     
  -1.15806928356074     
  -3.56090993503457     
  -308.829758924560     
  -545.241482682107     
   33.4521484984657     
  -28.4609655042592     
  -46.1967680767801     
  -1.10326598368941     
  -17.5543146550304     
  -3.39889387229230     
   2.40243123662205     
   9.19675567373496     
   88.9519801685087     
   166.905719352374     
  -57.8364750752077     
  -25.9149134406260     
  -59.5130030220232     
   21.8984681665879     
  -7.76400386738438     
  -32.9324360009505     
   26.0921327688755     
   1.21822333367975     
   3.19736984514528     
   1.40714426591442     
   1.09374829164863     
   241.352889173128     
   16.7427404417429     
  -98.0910134705199     
   17.1033109432017     
   5.99991715188648     
  -8.25387185404136     
   33.1882002551098     
  -13.4753002887108     
  0.642592777990614     
   2.21428435946445     
   3.75283036029184     
   3.33582074009995     
  -2.41593428046108     
  -15.8916002118341     
   34.4471226055030     
   1.58343898741011     
   3.29965060593808     
  -9.80463904328649     
  0.527242297125611     
  -11.9680810856781     
   22.2722588128801     
  -4.32197189865299     
   1.78719858249586     
  0.575073639434482     
  0.362611131202999     
   5.51143861609494     
 -0.116322232652659     
  -1.24784966636772     
 -0.617619012379088     
  -1.14542115858921     
   28.4718491548224     
  -9.58363709699922     
  -3.81197106867051     
 -0.376028080827936     
  -112.134374636927     
  -25.9092040094716     
   6.84047133406894     
  -3.31562303068981     
   12.9523835296148     
  -2.78174152039386     
   16.1040988019930     
   15.6263555462881     
  -9.98663942969564     
   4.88160455205460     
   2.94208665228761     
  -2.12567900190674     
   23.1848321227459     
   19.6269426608658     
 -0.791220795414848     
 -0.604865142216481     
   1.22136361700802     
  -6.84879103845060     
   10.6550598797212     
  -4.29336804073938     
   2.65565396039000     
  -5.10590807236462     
   3.32641661680502     
  -3.33417956713313     
  -6.57966930927308     
  -1.30397692416129     
  -5.28231962994280     
   8.13698016638820     
   2.84419112069898     
  0.288810902611272     
   3.34986278771000     
   10.5404252392439     
  -3.24481308647498     
   2.77505780291524     
   30.6563857736399     
  -11.2812799065321     
  -7.73442054660913     
   4.20065441086765     
  -2.54992107569213     
  -5.89385475924341     
   2.39695750409934     
  -6.95177616482760     
   1.19690588971498     
 -0.464083839106829     
   1.72917751623119     
   21.2374453491699     
   27.5220332906406     
   4.18030469327206     
  -4.52937902629438     
  -7.87658544257049     
   1.94371651265002     
  -3.72870043989852     
  -4.88109573419944     
   7.31064097579121     
 -0.768267551695863     
  -1.74527762511643     
  -4.47509254874706     
   1.13871249911098     
 -0.544880683833481     
  -12.0773288269195     
  -15.1138934230933     
   2.03464253917605     
  0.228543317858036     
   1.88147957514079     
  0.636228301663625     
  -1.24729467633245     
   7.00344075390422     
   21.6028203233576     
  -5.61804663076962     
  0.567921414339688     
 -2.436571521015396E-002
 -0.864388976492235     
  -19.8130337163028     
  0.649118028306529     
   1.71434234298497     
   5.36887264680587     
  -3.03577641173422     
   3.66481477567206     
  -3.92046420444564     
   2.98295705633026     
  -7.69110196185579     
  -1.77294251637319     
  -8.94229234708240     
  -11.1907126647917     
   194.186227090620     
   14.7989640422342     
  0.209256205881601     
  -46.3909081677576     
  -216.612258169938     
   7.64727000441293     
   3.39807906951628     
   7.90514925373147     
   5.71188809477992     
   4.92834776111457     
  -42.6501940110510     
   85.2118067168681     
  -35.9065461188324     
   19.9277458907118     
  -11.9021595198782     
   13.6798145530409     
   198.994394826403     
  -129.588020675702     
   5.53974820241261     
 -3.835544963961787E-002
   1.03266267007750     
 -0.345018609407840     
   25.8227540205121     
   23.2590043610438     
  -120.079929636782     
   50.6232111528284     
  0.195573407099661     
 -0.225529922682465     
  -7.37814576396985     
   35.1908814820475     
   31.5106804301448     
  -58.4055313346379     
  -28.2892586006604     
  -8.90007076621985     
 -0.191109197460897     
  0.589623047490213     
 -0.169850052429884     
   1.07467062481221     
   15.5750300735304     
   90.0137603936910     
   71.3445141535229     
   23.7820117868543     
   25.3937072307399     
  -4.55080998463214     
  0.396366514536684     
   1.88399793552057     
  -2.71459318936469     
   23.4410346589980     
  -28.3722294993579     
  -8.44722969530881     
  -16.5743935080144     
   15.7185041360834     
   20.9246496802338     
 -0.496546906195353     
  -1.57554203730801     
  -1.04311641675980     
  -51.7861190410020     
  -17.7593680200290     
  -9.27156593040448     
  -10.2343045278051     
   2.76124783125631     
  -2.73430447809306     
  -11.2768075679269     
   4.78674646006307     
 -0.449622872241846     
 -0.384585038884529     
   27.5845439769293     
   1.67071199500125     
   3.90955599056469     
   2.98178696293524     
   73.5600938847134     
   183.411601701416     
  -54.6420381737995     
  -4.69592752127627     
  -11.2544400985786     
  -3.13841433151603     
   3.74340168745328     
   6.46729268405145     
  0.196359276848328     
   3.31878961392620     
  -2.83405936068903     
  -22.1836728570910     
  -52.6997800490320     
   19.0297127731129     
  -6.35375406182134     
  -6.96267870645336     
   4.33169519825929     
  -1.34921175079889     
   23.7461312300964     
   58.3842716965643     
  0.143247142290573     
  -9.87447951359720     
  -2.32055034884791     
  -2.66526377714400     
  -3.97373375486001     
  -2.09787428034408     
   10.9964543315584     
   38.6572039826010     
   91.8039899421254     
   16.1538919688636     
   7.08034927547280     
   2.02975032443266     
  -2.50712313237320     
  -19.4755293870432     
  -3.02599311727903     
  6.554765696961340E-002
  -5.10564171552776     
   5.22121418992597     
   5.89700354912824     
 -0.889853097968745     
   21.6030465452576     
 -0.160290295573983     
  -17.7911478809098     
  -21.8828205963875     
   11.5057165047679     
   10.7324868667464     
  0.753209284411550     
   3.08918730624291     
  -5.69221967795619     
   21.9381431228025     
   1.54132025531090     
  -2.97180030175432     
  -6.65142910180692     
 -0.773244636098595     
   1.13734770217084     
   56.1626567561320     
  -20.0426338971305     
  -10.0901746393973     
  -7.18649871439233     
  0.181898046294249     
   11.5067945621910     
   5.53456213175387     
   8.38412694264797     
  -2.38454615210423     
 -0.773476857274765     
  0.600431987665473     
 -0.515903980399285     
  -5.18766914003090     
  -4.05265160578949     
   2.13075834686229     
 -0.172965680467741     
 -0.998235262807958     
   2.72862249280971     
 -0.204646257712739     
   4.33732083650345     
  -8.13385556468316     
   9.37718778253651     
  -16.8726505226640     
  0.678786746077139     
   3.17285762273463     
   48.8329617985913     
   35.3448787456028     
   13.9612767469213     
   10.8201483581340     
   1.24994403425701     
   3.72930524934531     
   3.18695325034656     
   2.00438484206391     
  -2.70921625989429     
  0.532861088970937     
 -0.729020359584502     
  0.346504522423121     
  -2.05525937298049     
  0.323792761429319     
  -1.64041130354441     
  0.707366543635447     
 -0.597370872895714     
   57.8093426122680     
  -13.9107829945188     
  -6.66056786892479     
  -8.37478429371732     
  -2.96788806318406     
  -38.8544675138501     
   9.03231595079524     
   4.35224456323577     
   2.16612866904770     
   7.02925643874268     
   28.8436272707526     
  -37.6780813284031     
  -20.5554943386515     
   3.22163183051994     
   1.16025601953100     
   4.28128938978121     
  -45.5555681701678     
  -42.6875450360812     
   23.6101289160172     
   23.7023857364991     
   12.9977034949303     
  -1.71303902931355     
  -2.39656689050827     
 -0.177106017727770     
  -2.48279344216868     
   37.2819749011219     
  -19.9964854286387     
  -21.2526993936926     
  -19.1041562023266     
   13.7355300558708     
  -6.65932366038886     
 -0.469016908272917     
   1.70061550992845     
   11.6391366932770     
  -6.10666321865401     
  -1.89252561327740     
   2.30612180664917     
  -17.4699909836086     
   3.53419771468360     
   2.41733678871877     
   3.33861094730281     
   35.9040521836500     
   44.8472089500866     
  -29.8251162559133     
   7.10480783809813     
   7.28606891594765     
  -6.03194788239886     
  -2.48806751203576     
  -23.8722166129402     
  -24.4041801175153     
  -31.5187746467729     
   15.1939334765250     
  -2.67652648123238     
  -2.57312629690579     
  -1.28833991718696     
  -3.37746023450371     
  -36.7593852224885     
   28.6555106040824     
   15.2885471001229     
 -0.711507859638452     
   2.27017697593685     
   1.22139310655802     
  0.765389465618660     
   18.1080959970025     
  -12.8015098351236     
  -12.6169318049710     
   24.6899848438419     
  -20.8556061449596     
  -3.07112974255174     
 -0.880049193920720     
   2.31352711745081     
  -5.75795881404598     
   13.2453827592433     
  0.130871372290641     
  -1.88757779563321     
 -0.218354555522551     
  0.617334844834018     
  -2.66882470173881     
  -4.96387491393215     
   8.17759411737760     
  -8.09071746492436     
  -3.99789456062332     
  0.482218036411581     
  0.523309582462352     
  -8.24926156355837     
   1.66945945865995     
   2.41019933429180     
  -1.14313951519160     
   2.31970827258679     
   3.99155439752972     
  -1.15905214983460     
   2.08770969251836     
 -0.897977879105553     
  -1.26651879997108     
   1.67714862227553     
 -0.902139638418957     
  -1.64491230731378     
   6.46648542547630     
  0.747185764461692     
   1.46221824386589     
   8.80317146042383     
 -0.867271038875711     
  4.137696679480592E-002
  0.739423989012121     
   3.78945275529813     
   26.5597945223015     
 -0.437160736424707     
  -1.85438979293252     
   1.39235761917153     
 -0.661049862335596     
  -4.86138950117692     
   4.17155396705722     
   3.47135415837571     
  -5.73765539951842     
  0.983221001244574     
  -2.55908882524984     
  -6.34704721227391     
  0.256943160910882     
   85.2832958522235     
  -1.16241597238398     
  -3.15914048971002     
   19.1637768999288     
   649.998570976733     
 -0.395232653448698     
  -12.1075613980708     
   3.34871396947889     
  -533.740018824487     
  -663.332821725122     
   328.352093615616     
   142.411091088525     
  -266.895251056088     
  -1132.59248782913     
  -144.227601714575     
 -0.436095907574988     
  -11.5092306201813     
   7.50695491509216     
  -16.7158712903233     
   1023.45920609896     
   293.912929251223     
  -5.57595309648950     
  -19.3449712164115     
  -13.4806343393107     
   54.8068142849518     
   177.017427275120     
   268.206836433394     
  -139.564410636832     
   44.3131090451301     
  -18.5442371085132     
  -46.9782583218519     
   57.8595242130414     
  -379.719584527421     
   235.462594777551     
  -15.7070885131204     
  0.127189538245962     
   2.06197224424935     
  -10.4866577915407     
   431.644932640112     
   903.199573762130     
   190.874445385942     
   62.4131924940866     
   4.65043808274189     
   3.27713318558739     
   4.24299605653166     
  -76.8311247030244     
  -369.086092263101     
   68.9715168813630     
   41.5478054801253     
  -30.2443006627391     
  -65.3920335502276     
  -2.46263178609570     
  -7.42640829934069     
  0.925891494616173     
   8.71262790030945     
   42.2408090185260     
   89.7536144415333     
  -17.3933848396313     
   8.73456994557833     
  -18.6763615856205     
  -37.2894580901780     
   24.7129582795137     
  0.383020615993750     
   5.18004193726438     
  -4.12166575742940     
   9.00742635685435     
  -342.508584358223     
  -153.545367814330     
  -160.389457231984     
  -8.25707350314856     
   18.0928156419305     
   27.6775077607275     
   2.14256231417580     
 -0.885636881920743     
  -1.26642421368308     
   8.27013309702859     
   5.00574405880153     
   74.6512713510173     
   92.6943101451049     
   29.5456963294476     
   24.3213339183786     
   22.3449614460865     
  -3.74128822553683     
   14.1906224107907     
  -22.4316063878613     
  -8.56576002576791     
   9.75222675592273     
   1.16176247517059     
   2.63611104399080     
   13.8025799620720     
  -13.5179649316781     
  -17.7151109063518     
  -13.2592208045154     
   11.7310402740786     
   7.51408696048866     
  -6.56021433785579     
   15.4619926583339     
   50.5407968222129     
 -0.564502344736026     
  -2.11263517436044     
   619.519987002013     
   73.5913469231828     
  -6.07408201469067     
   3.08528764508102     
  -18.9646329992705     
  -1.83374094864795     
   4.56849899076281     
  0.625430605171034     
  -1.10379237755696     
  -58.0553512883321     
   9.94405011030701     
  -1.07410261931956     
  -1.18719547202282     
  -2.55694763135142     
  -6.85499373323761     
   4.93116097201272     
  9.665337603217439E-002
 -0.183099790359941     
 -0.101119471911090     
   6.75649107846095     
  -2.73312689257540     
  -1.91541103543834     
   1.04436191471354     
 -0.723509683022638     
  -1.08876966152498     
  -1.10855780888946     
  -29.5033825304995     
  6.376285507975937E-002
   2.17077413925106     
  -176.003103977920     
  -81.4442487242595     
  -9.03459296911026     
   1.75783317766109     
 -0.306197551898103     
   3.86282034008415     
  -3.55325454235807     
   1.20010008018956     
   22.2929224182230     
 -0.374672763690656     
 -0.139831360769433     
  -29.3788851565334     
   8.72589700464751     
   12.9434390424173     
   6.76988615855227     
  -1.72114725438239     
  -16.1085433581255     
  -7.36503134985025     
  -2.41653710858170     
 -0.189257925126918     
   3.79063643473432     
 -0.153691496455771     
  -1.80006897054070     
   12.7975720600758     
  -14.5832865438296     
 -0.887395643233329     
   1.46112972891603     
  0.471353816353929     
  -5.90461459830840     
   5.31726247065978     
  0.309598986642974     
 -0.216304537933240     
   8.95179423566428     
  0.845472590002075     
   3.34325182268481     
  -982.197431424982     
   98.9023902151471     
  -8.44318577006947     
 -0.806878179578212     
 -0.428384862514827     
   2.13962141412173     
