   60.6681257357666     
   153.977887030258     
  -144.572576284128     
  -19.1270062261979     
  -147.323299557802     
   101.304415253827     
   40.9831791800596     
  -491.167123301428     
  -87.7781010156670     
   194.327124442132     
   321.878056275224     
  -220.279320583868     
   46.7621109830422     
  -223.397279827612     
   352.040155527699     
   346.204829747770     
   52.0605218670545     
   275.324426598914     
   258.401968320334     
   242.290288633753     
   327.238372482091     
  -55.7006028949612     
  -231.964444782578     
  -18.6974781145371     
  -252.058860306351     
   11.0214081994769     
   239.254079990972     
  -187.905463851415     
   81.8625078103570     
   255.819620300353     
  -24.9141999150275     
  -137.196343642173     
  -149.590608111614     
   67.4493297122798     
  -56.8557628974285     
   56.9823613695359     
   32.1920828836544     
  -109.706835609948     
   70.5681258672489     
   89.4527166850914     
   100.767011013236     
  -22.8382078441235     
  -3.46041317985913     
   2934.80666791859     
   76.7193567465575     
  -1333.86065203166     
   440.706368748547     
   379.714426900525     
   15.5949130122340     
  -263.616370820640     
  -966.933466144126     
   1125.23492270954     
  -189.993961088180     
   511.360300455618     
  -276.842244465726     
  -693.085215941232     
  -333.345666046748     
   698.470659205857     
  -169.857196189616     
  -108.613596976541     
   252.578745355931     
  -495.255942297468     
  -39.5613669304425     
  -408.486630436691     
  -548.639491801322     
  -649.577232107761     
   68.9465933299301     
   181.921810130669     
   78.6931713467936     
  -321.872257512863     
  -911.072245237762     
  -616.131058153664     
  -340.850589216257     
  -1435.85053061049     
  -144.158070978443     
   553.176673816010     
  -423.795111344666     
   210.942422899312     
   635.585245535552     
  -572.933926419985     
   264.249134421134     
   94.8244474912869     
  -566.631620027830     
   128.219014221274     
   493.937473693020     
   109.723283073221     
   101.802504123066     
   52.7360819289791     
   23.0313833110997     
   202.502834908718     
   711.116515697273     
   776.068635020676     
   133.458852298448     
   431.103515091709     
   153.725660549773     
   309.988714852352     
  -44.8485917257535     
  -308.859132782513     
  -307.732576193253     
  -15.0319556609137     
  -220.844353372761     
  -908.511864867927     
  -465.260307543458     
   279.509531508807     
   211.401156265543     
   478.001762935159     
   595.752128777984     
   273.992224472601     
   394.526037038515     
   535.919295440681     
  -509.071630939897     
  -209.582328139723     
   249.737725023208     
   2435.91519895037     
   78.7039499771910     
  -1480.13682906739     
  -152.543714906544     
  -22.3232703022653     
  -363.222408935534     
  -239.523645455681     
  -147.356647827231     
  -329.693435543654     
  -53.1032486968670     
  -501.623120991234     
   177.155157587706     
  -186.253349192637     
   205.026415108542     
   137.950110427711     
   337.358662335456     
   66.4402796826856     
   418.585413463042     
   455.728405618640     
  -484.034861537544     
  -190.152809265894     
  -59.4827218006390     
  -660.907385153219     
  -56.0289474477275     
   42.2879403585318     
   18.9561828146464     
   311.559070026727     
   72.3858172215347     
  -183.771321764338     
  -39.5593769907818     
   79.6916944897236     
  -60.2041838847842     
   18.5424455108952     
   565.078699347823     
  -227.979674521034     
   146.110954057735     
  -218.267846211490     
  -218.860797976244     
   59.3617177619318     
   144.761784227348     
  -154.157991625068     
   443.467529504991     
  -242.470036552035     
  -197.057196006090     
   495.569425514941     
  -443.879240748109     
   78.7946299639185     
  -336.098216048034     
   190.015802919465     
   9.15092675716141     
  -460.358763591404     
  -40.8635213673917     
   384.515921020261     
   168.227109121340     
   130.039618068274     
   585.108722964602     
  -13.4063802699064     
  -272.596047723370     
  -560.695641854682     
   108.810294748394     
   339.662984441563     
 -0.720352593071027     
   828.527582296957     
  -214.942931770037     
  -22.8381599294155     
  -345.450921853853     
  -256.259787433332     
  -450.930394073066     
  -269.718226429595     
  -125.407934579149     
  -343.385818777196     
  -90.8685614545678     
   380.453564398271     
  -735.833523321607     
  -273.017390251031     
   359.264863356562     
   56.1054588317887     
   390.595673489638     
  -56.3419287948884     
  -688.456963350244     
   215.074984298631     
  -582.337417020140     
   342.983308242155     
   153.744554807021     
  -138.492132650723     
   11.4537839311486     
  -74.7473451098583     
   25.9152434258364     
  -910.162823304889     
  -50.8365165721441     
   115.024781843951     
   210.477360412737     
   100.850219942915     
  -49.2702542669176     
  -114.085894710557     
  -134.391337284817     
   92.3192024851417     
  -31.4950271264006     
   70.6512054022779     
  -94.2815278106147     
   157.824413006227     
  -45.0075742328414     
  -77.0481858368221     
   536.462667866592     
  -17.9316364281506     
   84.8080752562901     
   169.231093577089     
   372.567262310352     
  -152.149717022573     
  -1342.74659913920     
  -1549.79918293787     
   365.441771558206     
   3097.15366986302     
   224.015685354235     
   1003.71116146432     
   357.323722655052     
  -2349.85333228649     
   2826.13276527608     
   1682.03788938405     
  -597.189866680572     
   474.159351632393     
  -1160.31213240767     
   53.0240130862458     
  -1291.08568555688     
  -1026.82170271528     
  -656.746051860399     
   2174.89570415423     
  -1239.73133990135     
   491.876234979607     
   589.076153707695     
  -594.923269780249     
  -1748.01190481198     
   512.157154754048     
  -1343.30066990685     
  -12.3593099857252     
  -851.301680727909     
   293.642688745568     
   365.392860887730     
  -811.406281940713     
  -1072.22342671653     
   739.991151017089     
   556.902756961638     
   659.806353031114     
   409.503820144068     
   612.433900228559     
  -1433.27708004051     
  -403.981361537305     
  -170.362888877597     
   2446.85522498457     
  -580.754917291559     
  -2071.10774816813     
   268.023642295082     
   359.859106681798     
   1109.96132246016     
  -235.565806567680     
   714.070549707273     
   880.555357403283     
   947.762939804849     
   1112.57471590840     
   415.082814051637     
  -1192.12346816320     
  -576.060105749028     
   751.516023807885     
   997.004570510560     
   860.777257535321     
  -206.362607216495     
   670.873932275058     
  -1519.54803117310     
  -501.790442878726     
   517.854000937082     
  -3816.18743018969     
   1793.23997143681     
   1081.42936405110     
  -534.719527375965     
  -1834.83232777258     
   1191.35380500456     
   832.696519529507     
   317.717336235102     
  -161.503347617145     
   181.488095419992     
   425.286257705884     
  -540.282564620215     
   819.437222425012     
  -737.711933437194     
  -297.876991098309     
   1518.71783491105     
  -146.724099587312     
  -197.810737294175     
  -687.250964551671     
  -678.034916535507     
  -284.004485671448     
  -549.428945679672     
   795.495733979525     
   1120.13193756953     
  -129.816342371499     
  -231.271541377424     
  -1655.30105437394     
   935.664761352583     
   497.120103750109     
   488.341239125137     
   1097.32964060739     
   532.229935245942     
  -1414.58155744597     
  -1059.83312480865     
   342.210535327261     
  -144.971675214119     
  -2004.27121628266     
   584.042784010997     
   969.333092680746     
  -1895.23210149585     
   865.594193623060     
   1581.31882960473     
  -1607.24563731783     
  -912.634076729928     
  -1445.74054353196     
   807.289658297190     
  -1832.23564641727     
  -490.585887659279     
   645.446951939149     
   393.341668614825     
  -288.011564847895     
   89.9000032548320     
   7.64650586400472     
  -1744.96568609755     
   685.266181184183     
  -285.736569209364     
   1473.00220586478     
   2317.19856414670     
   327.398165571095     
   116.377853374112     
  -676.589974965313     
  -1767.86463560588     
  -706.785029101885     
   1654.52507032078     
  -1101.02882161013     
   1876.14227475760     
   1190.68839377060     
   71.9007851920094     
  -532.901810188097     
   956.041363506017     
   1608.01996919756     
  -279.644956264760     
  -164.582589642268     
   27.5447227197719     
  -346.583153615011     
   558.144000083668     
  -44.5828739021933     
   422.242235905826     
  -1008.64957153076     
  -1456.28601641670     
   490.344099493242     
  -366.901524369493     
   427.940219805893     
  -269.600809221474     
  -1320.44520397203     
   991.685842309192     
  -567.633736210530     
  -58.2430735958686     
   268.375083686560     
  -295.149877146439     
  -727.265571826082     
  -842.395071508766     
   373.223483429041     
   57.1162531695771     
  -285.021732566931     
  -43.1863806198178     
  -712.609121768649     
  -581.128014331245     
   692.657856389012     
  -550.737598442787     
  -1037.20702046974     
  -2006.39906665419     
   896.029235007660     
  -90.3597683127410     
  -226.171067198412     
   688.695743131999     
  -274.540906873903     
  -288.858688165901     
  -432.907420699017     
   1464.99227484916     
   1830.88369541633     
   1431.49740243269     
   516.425430974282     
  -910.121635651587     
   81.5663228787170     
   734.733548221535     
   505.471733662878     
   1252.91476806699     
   372.109782709500     
  -433.251407609369     
  -649.289915064363     
   314.374685421855     
  -1628.33400307510     
  -283.716029250151     
   17.7183666869298     
  -75.9609871032017     
  -1123.57680278485     
  -1496.94825868583     
  -1019.98038313860     
   842.206974330774     
   489.238796939495     
  -2226.04064736244     
  -1854.85471041921     
  -468.619440096864     
   176.840357611193     
   880.759928108594     
   1775.21751800448     
  -2804.62057948050     
  -360.411442820747     
   1290.12654281379     
   1675.94713049879     
  -899.149555149127     
   2723.73253194720     
  -2104.29686320671     
  -96.3505001740072     
  -377.844884087031     
  -959.688104955751     
   385.816115642545     
  -1469.94501992575     
   1302.12022556929     
  -312.650806968454     
   1741.01194641165     
  -1787.15055485640     
  -728.341970406563     
  -200.386839256631     
  -235.912486208762     
   2475.01213992495     
   671.574546837961     
   128.677623585168     
  -61.0124188692054     
  -1117.57315286112     
  -488.191783123028     
  -1640.32586023728     
  -280.904746345069     
   826.818435036940     
   101.512769364203     
  -286.503062780187     
   92.0707561858596     
   459.546793215574     
   597.453681190785     
  -202.804034995963     
  -47.0817003975673     
   209.328516072058     
  -462.417185258788     
   312.454553541933     
   599.497972010150     
  -323.688412406334     
  -602.785538267286     
   1553.22784556944     
   68.9016068244795     
  -635.182698877013     
  -178.604051210230     
  -1284.21038516435     
  -830.399155791619     
  -420.371136209209     
   173.480079000874     
   2053.99747227779     
   112.590391663300     
   777.652221185001     
  -156.153914602777     
  -221.863250262533     
  -1282.25792430616     
  -1106.70163358445     
   891.080465111262     
   927.581732103468     
   546.368629995864     
  -787.191332072199     
   108.486059151217     
  -383.405214115593     
  -1059.23261034573     
   716.666416547343     
   126.668480044666     
   395.113049423483     
   898.171104715042     
   739.629057748857     
   1054.90572143550     
   590.909831378188     
   598.073973039175     
  -675.526461840942     
  -509.131190580981     
  -215.776083254266     
  -212.105265414033     
  -412.382303919076     
  -342.748944867154     
  -372.501549328446     
   370.935714793789     
  -125.693404998382     
  -489.374362166238     
  -130.803069550571     
  -328.299191937620     
  -840.593526060625     
  -427.935427723644     
   641.692668971780     
   301.655854317693     
   327.288270512210     
   410.184266979741     
   333.625324240320     
   1327.86608569134     
  -468.596422449648     
  -214.020178378333     
   289.039457874184     
   827.257827629672     
  -234.733038274507     
  -312.444420837933     
   14.5232676352401     
  -645.833164913657     
   351.292179266396     
   1182.30721885301     
   207.293547408526     
  -856.758326986055     
  -1762.40881734949     
  -154.759126278121     
  -823.597611038192     
   703.572083824236     
  -173.405687433429     
  -602.590570727932     
  -223.922808707307     
  -107.409088653928     
  -110.588877356362     
  -174.454758315272     
  -287.717406090566     
  -14.2985977213064     
  -926.123440038434     
   784.495146551949     
  -96.0388733729100     
 -6.486532653502763E-002
   121.309903801879     
   689.487952734938     
  -208.433022373610     
  -657.228625797372     
   539.570928158860     
   22.1545096992739     
   1495.69743461821     
  -298.987090156439     
   832.179887540812     
   397.153996033185     
   484.831518144342     
  -1828.38440088584     
  -275.101103885346     
  -149.145432152964     
  -1021.28150256773     
  -865.360957351732     
  -215.918858712834     
  -536.946081693390     
   138.926203082022     
  -347.856685240234     
  -267.052884965533     
   501.114750479698     
   307.630490600626     
  -549.443127186689     
  -339.554813525186     
   448.353314541568     
   381.448018276789     
   464.973112390353     
   1205.53113764510     
   30.4460726757137     
  -357.294377581114     
   407.259492759138     
  -417.541834514419     
  -483.899622776175     
   50.2011013565044     
  -1062.44870267298     
   1033.14677134970     
   103.455156274065     
  -486.607275230685     
   1276.35696765884     
  -1735.48911290601     
  -104.791520013371     
   52.2671772639021     
  -386.671026082119     
  -170.779072813803     
   629.624524205327     
   486.084669562949     
   9.58313305501899     
  -809.820853233120     
   821.048326048165     
   266.182691651340     
   956.695440888571     
  -873.944158983348     
   968.586896116161     
   533.613692300595     
  -91.5791163379817     
  -603.766035395624     
  -2805.36093227968     
  -1143.16669826606     
   1068.77806445566     
   45.5052152035532     
  -164.003280699959     
   309.699072333417     
   1359.93822060927     
   268.228634583911     
  -79.8016348906651     
  -1134.65302588950     
  -1263.99998089737     
   230.461820552785     
  -452.740900655302     
  -427.206786373088     
  -439.522318595228     
   635.100943772845     
  -184.357657365956     
   132.253903704842     
  -12.7869951513977     
  -751.125271721319     
   406.899587402738     
  -313.066943275036     
  -356.163773628247     
   291.036080531881     
  -1610.49162536188     
   1588.65469219568     
   337.150265458161     
   1072.29597333708     
   2264.45862679886     
   401.552653358477     
  -246.657635895513     
   1804.73989335458     
  -470.962709369794     
   11.3389173653603     
   17.9083906608057     
  -235.518109560160     
  -80.8092827537360     
  -113.685429404546     
  -219.460075732998     
  -965.650261054574     
   220.421511958296     
  -1049.15155211879     
   506.582640592757     
   187.658173064312     
  -94.8533989766569     
   384.761577810982     
   521.644851794517     
  -283.006358646467     
  -394.314395638309     
   1247.23634948458     
  -3856.29030233976     
  -1611.92655277451     
   3408.15305653285     
  -1058.78228547786     
  -346.684038630632     
  -1302.39627738681     
  -165.963274818892     
  -624.701557041042     
   134.311695304239     
  -916.856558358929     
  -946.709016281869     
  -54.0639822240353     
   288.660437729011     
   1056.00249765109     
  -143.005025715829     
   802.068069681111     
  -482.240535369142     
  -1579.57733190726     
  -44.1481765160823     
  -1050.16885273876     
  -248.374750764868     
   125.845361959788     
  -226.156508136106     
   557.753874027956     
  -185.495961780284     
  -971.947070685537     
   529.848861391371     
  -177.155888243593     
   1167.30594001546     
  -403.744766424682     
   304.115467131958     
  -1160.52390226696     
   335.820908442408     
   229.426650004670     
  -772.205254506317     
  -359.034400074713     
   585.751437297430     
  -132.822051488088     
   49.7948588929637     
   27.8489924331470     
   522.056648601512     
  -4284.55942523296     
   1162.98580904151     
   496.317624453233     
  -543.722777731219     
   585.997591606817     
   95.5335854791375     
   546.568508684087     
  -318.681867146145     
  -156.013366681287     
  -155.001646990882     
   390.226862212410     
   92.6728719775350     
   234.326447808307     
   521.153603556921     
   601.261236666676     
   292.477313132300     
  -6.23988677375591     
   1630.24460270260     
   404.089456857337     
   633.162539474230     
  -361.490972437441     
  -553.031435864963     
  -58.2740651002713     
   15.1423724419089     
   3175.35173978359     
   428.548246402123     
   334.754372890063     
   1207.66715654981     
   61.4535050524396     
   57.8399475440304     
   2055.44950336616     
   1176.85601362019     
   408.934500076780     
   55.9779619463535     
   1534.59398422934     
   227.225432413494     
  -1132.30747006753     
  -688.914223810769     
  -609.022718155143     
  -26.6520365153419     
   37.3987841842202     
  -784.297964576110     
   183.976933853232     
  -563.230828490286     
   233.178400735948     
   204.070466603428     
  -23.5649170913431     
   415.625514833855     
  -308.106707864737     
   136.062149192597     
   588.774687347220     
  -98.0123019514050     
   615.406536454987     
  -255.354407729189     
  -379.269671088869     
  -288.582651318037     
  -186.418766592351     
  -350.709146573270     
  -466.788480612708     
  -64.5879810473381     
  -603.972651668686     
  -1213.80335703524     
  -229.547613837449     
  -1094.68638196091     
   1231.41241443613     
   2912.22977525713     
   306.469683480069     
  -254.848205478807     
   1486.49590350519     
  -744.079197859401     
   2352.28701957643     
  -138.119261333442     
   338.407864238960     
  -1330.71499606781     
  -585.868661395251     
   29.8661725480846     
  -314.526456397386     
  -774.947394561658     
   94.1172801175580     
   35.5751126125864     
   552.166526026583     
  -55.7258608711589     
  -304.479489818634     
  -587.462318971481     
  -474.044134154731     
  -632.302758919379     
   460.596950054458     
  -42.4354388035844     
   1284.27383844571     
   1375.53772220441     
   878.701429818149     
   726.455987165113     
  -900.660291619861     
  -211.160229773494     
   1179.73973594421     
   704.955445958233     
   395.384901826867     
   661.949879162634     
   1601.93263899546     
   1044.61743033859     
  -1502.24645980272     
  -55.5377500869263     
   76.1042198926791     
   1085.35862801604     
  -720.657833528034     
  -1382.35011716359     
  -288.829075138926     
  -641.531586207096     
   192.676019717060     
  -548.933373825269     
  -736.617441550373     
   1074.03038946968     
   782.044336514945     
   691.566834224400     
  -124.960277957463     
  -916.433662536819     
   1852.40478110696     
  -2010.22783754606     
  -622.991417006205     
  -2013.13653286048     
   528.708090255680     
   532.906190064158     
  -997.860307637007     
   146.896910500942     
   349.668603478212     
   253.903239647197     
   96.1625029746219     
   510.236496457912     
  -14.8464645549476     
  -219.011959576331     
  -365.207332790730     
   1382.97964173574     
   1656.99807685526     
  -187.649518178024     
   22.4610560385947     
   485.634713858880     
  -469.117782697717     
  -27.1779231405750     
  -511.730077274176     
  -448.795394487330     
   538.297940347487     
  -420.989522534303     
  -648.361186783368     
  -141.391533993931     
  -64.3563316250638     
   463.379285513807     
   480.036838611057     
   281.873546446789     
   387.363573805418     
   16.6481538737138     
   412.905284617651     
  -654.384386344241     
  -5.55707880683093     
   269.454414494410     
   1056.59842611263     
  -199.461595075301     
  -1076.30372235897     
  -25.1066509353892     
   799.925323003887     
  -60.6549815036823     
   216.060420088437     
  -107.733748818618     
  -218.432277375724     
  -448.314894899703     
   112.832947969663     
   1880.72809694379     
  -897.171241751246     
   124.263037871776     
  -142.024663045637     
  -249.364908772818     
  -512.278160649239     
   1245.81504552791     
  -351.434759865732     
   256.188719124384     
   590.009522583099     
  -134.986677040206     
   2399.10490654930     
   109.304243236035     
  -48.2759112096436     
  -253.773415508103     
  -156.591665179819     
  -137.550281055108     
  -817.408108615186     
  -780.571158662718     
   159.101825574390     
  -150.435738765250     
  -43.7086361732003     
   106.126090209399     
   600.616216445149     
  -79.1693122465496     
   349.455549814985     
   148.496133121682     
   447.564240170828     
  -740.752184329043     
   529.665825591873     
   101.694371727865     
  -134.948261856048     
   354.013247551945     
  -416.161522595738     
   1056.47539090039     
  -118.305981343486     
   518.750405568446     
   1580.30015508092     
   285.905220721284     
   329.516605011902     
   556.963019673680     
   438.242982632608     
  -523.679196546046     
  -976.663463722633     
  -458.865165120836     
   363.742141748964     
  -207.428103716478     
  -306.950684865996     
  -31.2031188979793     
  -406.473050792958     
  -123.805165942743     
  -149.096238450806     
  -56.8718405965138     
  -794.371058342068     
  -50.8513549016714     
  -645.376043472444     
  -612.280825812202     
  -1312.71818054931     
  -219.215585936371     
   345.924513355932     
   979.290538450854     
   170.842361677883     
   622.570518617886     
  -191.519802867837     
  -24.6832831815178     
  -235.405223438788     
   419.768422497516     
  -198.629335140801     
   516.070424122563     
   221.991678714469     
  -142.199256917846     
  -599.981275443632     
   218.831815470768     
   710.316398632302     
  -136.007260912972     
   70.1431036239532     
  -247.357506905198     
  -563.200932102968     
  -341.340701527350     
   420.146595024149     
  -633.697125720356     
  -255.335353766060     
   122.875391258738     
   537.896025815101     
   218.057333254770     
   131.463412450610     
  -306.349128607178     
   468.738232917564     
  -511.485086697775     
  -1022.38007524522     
   403.866339573148     
  -579.327227041667     
  -923.836550133320     
  -343.538117651957     
   15.8519531776312     
  -307.093825648200     
   219.717186427162     
   216.462562162512     
  -299.131089095910     
   272.341290694964     
  -35.6905673406700     
  -264.231614256850     
   646.489284333471     
   564.578031680614     
  -364.703152538113     
  -2276.99987096817     
   895.463777343583     
  -899.655942688135     
  -60.3358944411545     
   858.966006295661     
   840.748398030229     
  -113.018896909313     
   106.614561485007     
  -148.932672530808     
  -2791.99746822557     
  -136.146538788255     
   3124.39436597514     
   100.975945078593     
  -30.0329892601293     
  -226.672405247471     
  -4.31233558986804     
   363.630783100664     
  -450.459248018122     
  -53.4005503448974     
  -3299.33500406559     
   320.836495014790     
   236.611909628399     
   401.975180776687     
   297.392774560639     
   25.3347869204309     
  -2196.19599584018     
   600.578205616908     
  -28.3203551951332     
  -189.113509032054     
   73.2653541046463     
   133.664768171045     
  -254.453976920732     
  -1592.60717082777     
  -1374.60079284814     
   255.071157314540     
  -199.071366550195     
   58.2496648336469     
  -70.6845147954485     
   472.855648053044     
  -1687.06296415666     
  -1272.37086994817     
   625.939568387232     
  -1088.80257988132     
   387.056424720570     
  -155.168272196010     
  -999.875738073160     
  -485.229463533489     
   169.607965596862     
   829.647611113003     
  -672.279872864108     
  -1212.93571492318     
   217.696781987885     
   42.3100012124402     
   448.829336045795     
   164.771383510171     
  -511.439932629443     
  -254.828909966190     
  -14.9606977022548     
  -100.380618439867     
   150.377405821973     
  -86.4522682988794     
  -470.448663335672     
  -63.0300914742298     
   7.36031376928774     
  -746.302288162479     
  -270.593761316292     
   35.2789401304498     
   55.2555490766139     
   622.978657291315     
  -242.858734430385     
   518.768389575213     
  -365.462573200075     
  -467.156963646489     
   70.9905882557457     
   206.191705367538     
   414.598433009109     
  -214.559027590390     
   56.7973358748061     
  -50.2594184341205     
  -92.6254441381887     
   3371.13637993513     
  -140.894381344773     
  -32.2451757400838     
  -95.6954801944632     
   390.875483656144     
   51.9778273754431     
  -823.788034893551     
  -4541.42706884518     
  -1972.51319461410     
   350.109445999670     
  -758.911029403845     
  -475.389678500857     
   798.019244111250     
   828.394476299680     
   348.053358331141     
  -893.899471585871     
  -256.420017323810     
   408.071756545184     
   2268.07472898123     
  -3550.68619338582     
  -1958.98371578341     
  -897.901576931332     
   2308.04384166564     
   321.001952302281     
  -1296.96429730679     
  -2819.31171722834     
   1994.93295305518     
   979.959829487517     
  -1745.45455772453     
  -267.020926687721     
   1474.25844783038     
  -732.604022163790     
   443.038667000617     
  -1391.55937030613     
   1352.13463019317     
  -149.651949969556     
  -815.656848439624     
  -3913.94786384922     
   2250.16844356856     
  -236.346250122895     
  -538.927967845374     
  -700.476648162725     
  -265.471932473964     
   2317.31231831715     
  -2689.20683312385     
  -106.720031619782     
  -296.377790402331     
   273.911208550140     
   3099.96289201732     
   236.916218380631     
  -1881.85411944916     
  -1822.78158978329     
   603.431653550529     
   335.684822421720     
  -1175.40989972591     
  -1007.42364333650     
   3430.85911765158     
   2171.50459443750     
   2403.78145621210     
  -122.957374300633     
  -166.512557138488     
   1528.57320061388     
  -536.765119883528     
  -199.062103116082     
   707.081071685550     
  -1165.61599899152     
   1321.16225395938     
  -623.480789385573     
  -636.102664771880     
  -979.899900771725     
   600.944390706951     
  -126.637876213060     
  -25.4044870087671     
   2308.00091046808     
  -815.603243412269     
   2220.62368685234     
  -1156.31488117826     
   882.782956845825     
  -501.109929899482     
   1313.25064864373     
   1332.06061664409     
   617.590731124557     
  -551.912122728536     
  -172.247686843062     
   1067.16871086360     
  -458.984857001900     
  -481.377216437191     
   2015.08941489909     
  -824.678657916028     
  -1592.34965129986     
   1770.32195713764     
   1321.66917360643     
   793.802402382647     
  -1391.10693658071     
   552.680890533383     
   874.122648866302     
  -2146.39956020324     
  -605.117776003578     
  -92.1128442595774     
   141.992714503756     
  -1694.97901726739     
   993.726455313223     
   108.386275325284     
  -1741.39493262955     
  -2338.08032978033     
   3539.42793622019     
   1096.59300518249     
   1239.65733426325     
  -703.362018518008     
   532.625738192554     
   234.723458540814     
   783.337976928459     
   693.848865710214     
   3544.07592777037     
  -283.753310555802     
  -672.376095794975     
  -1980.67370580054     
   1155.77659513867     
   2123.62721842716     
  -468.847536108120     
   401.561996147663     
  -1045.33911808921     
  -119.223556922804     
   5415.62307477466     
  -1427.87766449891     
   1803.27505399159     
  -1314.28024652267     
  -245.526132435328     
   324.519344804816     
   354.847553953284     
   1269.09555727270     
  -2701.64027156610     
  -2394.61419608945     
  -605.861956862463     
   595.118711906061     
   1273.92164805371     
   1238.38796018140     
   641.803037473564     
  -872.248298301954     
  -2657.20156172240     
   67.9255948054105     
   101.125980022038     
   1754.63156574285     
  -1131.17475622843     
   105.626223319470     
   208.642053826593     
   574.868474661223     
   227.279608429393     
   796.327858705605     
  -1220.04398024778     
  -158.549726967843     
  -322.463697026956     
  -2862.21733277551     
  -1153.11804762393     
   861.491026304833     
   1930.45679996939     
  -451.189590909882     
  -295.717414619924     
  -2194.27106411417     
 -0.928582048378416     
  -3241.15795444876     
   1.08025495410266     
  -343.130571266862     
   699.954461262816     
   3043.51389011631     
  -1324.88784051189     
   411.924369155114     
   81.9769842364767     
   237.967950761727     
   235.637282331945     
   2010.52679557447     
   479.727011150716     
   2458.61954053307     
   1749.48289584594     
  -1340.80541460306     
  -1536.38213309004     
   3074.78677984344     
   1127.08821614598     
  -2218.65575654108     
  -2673.58963153697     
   531.249890233601     
   561.625013060351     
   1960.58915589452     
  -772.446471676130     
  -63.5499213974285     
  -213.656690889347     
  -3625.96060711599     
  -2308.95799011754     
  -2333.48115261739     
  -676.613605399048     
  -2808.36784371413     
  -122.507291597714     
   1166.49789005654     
  -766.493690772541     
   851.899738107940     
   1213.42435685137     
  -839.730310422704     
  -134.217198161805     
   1296.31919166714     
  -1071.01981957185     
  -170.471219267952     
   715.668770476584     
   1506.18368545622     
  -1296.25053717241     
   2139.28838564399     
  -789.284629128359     
  -999.828742058924     
  -1213.99530022389     
   1966.63283875193     
   4200.20031507987     
   961.665649367566     
  -1652.30901278845     
   63.8600042932806     
   1443.26683256726     
  -2503.48024409701     
  -1281.81386104657     
  -1317.28650501477     
  -1725.17885422111     
   1008.45665435853     
   442.968953702995     
   1142.56748211805     
  -653.102275925449     
  -2795.38165977780     
  -931.415097651177     
  -1744.84667183365     
   84.7707184091703     
  -555.000930472982     
   975.623467863304     
   618.042783499242     
  -33.7684449470851     
  -366.533896375158     
  -639.966398480837     
   581.055459303495     
  -2228.80360858654     
   1444.95321216750     
  -1438.25378455775     
  -163.250326315710     
  -2502.08184983947     
  -317.235752385018     
  -27.3252522931741     
  -64.3499653038983     
   1185.47506989139     
  -423.626957582637     
  -110.086502908933     
   1578.00177520408     
   582.197478525603     
   1498.59692020505     
 -0.581793451240856     
   2249.67982913261     
  -1343.78608669639     
   476.938906542033     
   529.156325587961     
  -2308.01849625753     
   1008.51310032150     
   60.2469878018128     
   3.18812015771618     
   2281.83606092221     
  -669.432996181217     
  -655.221786255099     
   260.694408998055     
  -82.0695046819806     
  -833.238329636023     
  -662.233107480516     
   462.711733843823     
  -125.595427792565     
   1607.72904205879     
  -108.764810881892     
   1.77088667236757     
  -598.590428911834     
   1832.41289268081     
  -977.907732169475     
   1724.98990896680     
   1346.95755643101     
  -1822.41014828727     
   661.941689890011     
  -821.181481062696     
   861.172724102296     
   1359.07131565503     
  -876.565558759164     
  -938.854168263404     
   488.809153814505     
  -2572.43385294021     
  -1596.12086892663     
   585.358801638640     
   751.601089396001     
  -591.695775278925     
   1137.95899024239     
  -1652.88135087763     
   2317.55580347757     
   251.683827078448     
   421.156711464165     
  -1085.19894283598     
  -1274.44539494055     
   1329.08914553774     
  -382.848093572179     
   227.596284364537     
   470.922207722817     
   320.267763774023     
   1666.26021325543     
   1078.26040818341     
   990.633046665828     
   516.097581633291     
   429.420696896145     
  -766.992288766924     
   21.3004286244071     
  -1537.41753467137     
  -2580.87243901347     
  -361.610751541554     
   1869.52316742965     
  -1322.94748860672     
   91.7469968044452     
  -131.214285442186     
  -313.926462400914     
  -2230.79775766514     
   1199.63024241059     
   536.563910696188     
   306.737603422406     
   1883.44164422265     
   785.749353900516     
  -91.4887422000650     
   1916.91815796906     
  -646.583550743401     
   1044.55811796855     
  -2361.26235123941     
   1643.17563975507     
   617.775883554055     
  -2476.35996724431     
   683.246391073389     
   2283.62150376060     
  -149.276398016247     
  -1981.06277042778     
  -1082.08853420624     
   4319.11218595018     
  -61.2200759609807     
  -2850.98360963627     
  -1850.54974225642     
   771.022528494472     
  -1698.67883676287     
  -1814.79080241473     
   1667.89279792280     
  -655.384527338478     
  -1059.64078956299     
  -1252.57232495478     
   1052.20346065742     
   938.675399874878     
   465.802850550412     
   1880.90568186924     
  -462.092567194066     
   1083.29729936745     
  -441.524026491899     
   471.179854277447     
  -114.685177986826     
  -924.994791217285     
   63.3915497450030     
   486.642414998178     
   189.894688842207     
   176.656939157773     
   1266.69100887959     
  -1621.67113280087     
  -1270.91420038379     
  -1613.95453027752     
  -248.530616114215     
  -804.915780605033     
   197.303249256149     
  -3318.94877337543     
  -918.613109670627     
  -1186.39759058893     
   1697.34993052516     
   436.407381575601     
  -1562.74599598162     
   252.848641335386     
   2717.54690502179     
  -2046.02413127382     
   373.321945734425     
  -1370.20062390028     
  -1574.36233146647     
  -1008.31393267629     
   1585.53473010091     
   626.479793761709     
  -1588.48295319661     
  -20.4072364472799     
   2558.23413607614     
   1067.90366031083     
   1999.11011938897     
  -10.7736448234334     
  -2698.43464683914     
   1997.34104722511     
   426.100951685000     
   1442.13283722382     
   1554.55423369456     
  -743.629561058666     
  -2128.85753894827     
  -397.059737485433     
   1325.74325840383     
  -639.189749526767     
  -1005.09036866841     
  -620.766304541442     
   1303.87785525115     
   1135.33878823721     
   942.255424176082     
   1071.77569108226     
  -691.109697138487     
  -3924.69503460738     
  -219.857142150781     
  -65.9161836263254     
  -805.726366694168     
   496.860101187606     
   348.231677587325     
   3112.81551215074     
   84.1450157216607     
   2411.95538155593     
   193.906689639120     
  -329.297396501171     
   312.574352884352     
   643.956207332698     
   1252.28868130467     
   1799.21228073996     
   1295.18910549715     
   716.002585510584     
  -562.030096016490     
  -1875.72946726081     
   650.077130318132     
  -277.764226303500     
   812.120952338880     
  -2288.89080186716     
   914.266696478115     
  -152.972692604018     
   1642.61977228641     
   762.195608812021     
  -2307.91393128954     
  -4002.72167675114     
   343.327389961110     
   2317.83512642633     
   1209.11717622196     
   1520.71864693122     
   3043.45299084295     
  -1850.21211120710     
   1672.19771171641     
  -692.536614561820     
   1454.23749980637     
   328.314118689083     
  -3887.68637104474     
  -462.658549186040     
   1850.46190258270     
   1713.66403708653     
  -74.0298755480827     
   1551.29166219803     
  -3554.82552481186     
   620.872501360672     
   3955.78255749733     
  -2499.34089384494     
  -3026.85608548650     
   3841.24134262680     
   1689.36297275320     
  -3658.30772970695     
  -1549.75549290415     
   337.090932432284     
  -21.7785030800220     
  -1570.06568861543     
  -2298.34058554740     
   236.525345653492     
  -2623.10033802015     
  -2015.27829808277     
  -147.730032509544     
  -37.7916470886660     
   2638.21545497371     
   973.450440058858     
   2424.28761966666     
   1495.94782330124     
   235.145049799480     
   630.606850303000     
  -1180.66073115026     
   2014.44085261457     
   293.014061687137     
   3643.57622599291     
   466.260461668397     
  -1363.28976157483     
   1889.17195727110     
   2314.05935715708     
   1033.20122453600     
  -2142.00037227062     
   1643.33460843596     
  -86.2799417132809     
   461.043420704033     
   210.755850067703     
  -1560.93047706245     
   47.7544463757151     
  -531.033550278755     
  -643.053171135415     
  -1540.86085277437     
   440.945205900993     
  -9.87308492397688     
  -2811.92544969753     
  -287.495636534428     
  -1046.92031149700     
   1558.74501999285     
  -2221.23752418641     
  -1222.68952547300     
   2841.21556716012     
   2261.05989289360     
  -2160.95082447752     
  -669.011042429942     
   1602.86891170817     
  -344.779250232440     
  -161.516914262684     
   5339.69141149072     
   4414.47009977262     
   846.128658312607     
  -4306.97464441896     
  -959.426475804458     
  -1107.25289568830     
  -623.020444579803     
  -1496.63615105953     
  -762.059370374968     
   40.7530651157208     
  -385.775159716683     
  -76.9040005422037     
   1084.52774029487     
  -1807.34474274670     
  -1407.98756466740     
  -1091.12726302527     
  -867.800436974580     
   3951.20812686876     
   582.854643841591     
  -1368.30429611161     
   2255.73045885141     
  -91.7378531843443     
  -1129.20441426057     
   1605.14541393529     
   83.8311754290074     
   1798.73082992004     
  -1348.13226614394     
  -1168.52453362584     
  -695.952745677165     
  -2531.96069289613     
  -1684.95228807508     
   2866.70608464753     
   1787.11286757622     
  -2607.57761677558     
   159.207933217514     
   268.353302869317     
   1083.41648445099     
  -1030.18254939045     
   2557.85367487262     
   1989.84554744513     
   563.636504491508     
  -1344.79022426119     
  -1091.42346096564     
  -858.213064376244     
   1815.54560473328     
   1538.96630313474     
   223.310277855133     
   502.531478447423     
   51.6080976985967     
  -1250.65217425131     
  -400.289505470746     
   629.009807678245     
   138.769503899168     
  -141.949323078637     
   1703.20860844431     
   809.348528009133     
   1634.75589560800     
  -1058.34153373152     
   2246.06801728371     
   188.725680471712     
   2322.65792212278     
  -974.582923730769     
  -1621.45775661153     
   2447.41482934827     
   1287.46278362084     
  -1977.22107509241     
  -2639.83303293205     
  -2136.24027955123     
  -395.085657199365     
  -49.0357981964093     
  -404.983098285379     
   2016.94166487567     
  -1756.88014208974     
  -635.895326359922     
   967.093220708272     
  -347.173689366447     
  -1230.32772664735     
  -1873.13187076588     
  -1298.57525550867     
   389.721541822219     
   416.027471312315     
   25.0095079319065     
   1521.69076856795     
  -903.772375235633     
   369.067549489284     
   461.915795440099     
  -768.308330190996     
   1272.32530668864     
   1979.73481348966     
   1148.99279170982     
  -3049.80806678034     
  -1033.20728915320     
   4185.49068847691     
   2897.88331636110     
  -1165.06549031048     
  -1163.78299468634     
  -99.1516716967474     
  -1962.48302124144     
  -1025.28036229042     
  -478.064077390290     
   1160.08590916233     
   696.032104214770     
  -716.624237027195     
   234.920970988975     
  -2622.94341565045     
  -2061.50512278062     
  -1108.22063794693     
  -511.923459213897     
   372.551888146878     
   292.517124813559     
   1510.91677575594     
 -0.387902790631756     
   403.331635435861     
   513.678873443074     
   477.646831931973     
   1216.08764018006     
  -383.246891295959     
  -212.803721820727     
   289.837873472003     
   377.550461799814     
  -897.037039206512     
   237.794091012872     
   128.860203459897     
   680.649068044169     
  -1217.31008800280     
   996.053239731099     
  -550.878176885449     
   1718.42446423248     
   379.254260839084     
   213.491847362115     
   421.125956353680     
   140.393440467251     
   445.795750174625     
  -1001.24450360637     
  -1162.93933449270     
  -20.3906608470938     
   276.490988178074     
   74.5743963765431     
   962.488951518206     
   1001.17280904879     
  -140.847149680267     
   318.553727970366     
   1452.82030279584     
   953.356996931029     
  -627.814855539579     
  -1413.51941381400     
   393.166693627990     
   430.851391184482     
  -41.6536236935349     
  -15.9425763654148     
   314.770946555144     
  -300.867166331908     
   214.849219483080     
   2090.97511268143     
   185.801164075991     
  -1325.10079271549     
  -561.817994680683     
  -1500.62816641833     
   1302.53528623337     
   229.255426878089     
  -106.248380413580     
   407.366135747911     
  -544.726038024705     
   40.9821579301495     
   2416.86673176389     
  -1778.87951960079     
  -636.028720586497     
   1417.28856893229     
  -1055.17379456877     
  -378.633302403955     
   494.792739024923     
   658.970660332136     
  -623.823589519090     
  -1391.23913753219     
  -828.020233464047     
   704.744825341796     
   988.788970579046     
  -308.036292319511     
  -7.13803571890031     
  -1727.62178722762     
  -24.7615300521465     
  -1497.28598036559     
  -82.1295529680393     
   469.841097378612     
   628.486891105985     
  -1199.45300790012     
   633.580876804970     
  -423.763323140781     
  -1300.60223753988     
  -1066.29926307190     
   1420.12652252828     
  -2224.49797656579     
  -1240.46890825024     
  -1157.21158097449     
   1158.41823647443     
  -376.697678223724     
  -3960.46406134111     
  -459.028354956784     
   1442.07636079571     
  -559.411728519229     
  -1236.17993988761     
   542.032858395926     
   1253.07764120768     
  -1335.73835717156     
   380.873615430034     
   1147.15228116880     
   2268.39644320794     
   1207.19032900323     
  -1080.26311791557     
  -1672.76863722482     
  -153.441941248885     
   1119.39497173798     
  -464.134288564696     
  -1828.92545991515     
   2102.27091813169     
   914.733856734121     
   1076.89192053272     
  -1401.56527464701     
  -2186.77820119220     
  -182.029595615743     
  -43.6394570808904     
  -418.642955647947     
  -424.092208182170     
   1853.76279495214     
  -408.083692614872     
  -1073.10572026689     
  -443.620427986961     
   62.1611219179650     
  -1195.77471621647     
   358.911634830864     
  -1529.85786522207     
  -1465.70236491086     
  -351.085486077115     
   861.002843392102     
  -220.229825081588     
  -545.651303838893     
   582.534478539507     
   777.516306412506     
   3057.52959323026     
   3063.22081786977     
  -1504.86236659556     
   153.960940247463     
  -1953.29508855149     
  -634.207502881307     
   1343.77051599634     
   713.849754064719     
  -389.750714448760     
  -1392.00835470377     
   256.426861997826     
  -46.5248502129944     
   514.173821778797     
  -152.997800817190     
  -2049.05186290958     
  -1017.91403497545     
  -180.717298845183     
   682.187534732046     
   1511.22329377498     
   1187.40844505072     
   1653.39109540446     
  -1032.89359935295     
  -1443.73615135317     
   2016.14251867829     
  -787.653820382525     
  -1680.86607602505     
  -262.839935686346     
   870.561929473725     
  -1130.95816384789     
  -580.512432351312     
   130.682049307997     
   142.628429027158     
   160.338473674122     
   316.603428789902     
  -3220.75018937747     
   473.020120207623     
  -148.736662772337     
  -1371.51695267828     
  -703.121771076447     
   1317.94796777435     
   556.757073113602     
   2626.74876733497     
   2309.11128589114     
   898.181696075969     
  -2257.48910966458     
  -1713.49256772706     
  -424.595340133815     
  -736.247499057607     
   2182.36388635669     
   475.943056439133     
   1247.30823901770     
  -1233.45742240057     
   476.702836922724     
   1388.67461866632     
  -910.414452606020     
   1162.69575169564     
  -1458.72030454321     
  -1340.28625768394     
   333.100538435628     
   343.799819090926     
   826.843812890267     
  -21.8618355538141     
   386.817299547063     
   331.333840160584     
  -1103.62022902436     
  -1580.59170573406     
   679.490358653711     
   764.670398016446     
   35.3459679984608     
  -472.484312771926     
   1148.47614516558     
  -137.297866617247     
   623.607286073606     
   173.940717909151     
   603.727454477823     
   917.444045991618     
   350.780893763458     
   1300.54801793792     
   594.672969475556     
   345.737814213538     
  -1005.62818780419     
  -1690.98412841343     
  -1265.09448595673     
   123.081609384183     
   110.830714909637     
   703.122065136680     
  -773.927166556336     
  -555.731404682475     
   1421.85949820994     
   610.593520920794     
  -626.406107606126     
   427.935368353909     
  -730.179338080825     
   367.773609947542     
  -2001.64382774527     
   519.105307277465     
   734.320638830682     
  -3551.23233709735     
  -679.869322406984     
  -284.865593784486     
   201.235079818250     
   1606.01375317149     
  -663.429827454619     
  -817.222278392117     
   1132.71998111624     
   2499.32459220865     
  -225.133881933470     
  -1338.83955614419     
  -597.925155582578     
  -565.124990688924     
   66.1800404416082     
   1955.52145928469     
   611.402001470136     
  -422.827374720607     
  -1716.94554831978     
   198.768918881155     
  -68.7770181107564     
  -474.265367480235     
   252.789845407373     
  -874.494086237896     
   636.499730054231     
   91.9243536630058     
  -834.023968533433     
   461.360518986581     
   1091.79133450531     
  -127.573097625033     
  -315.930921623860     
  -978.845185601028     
  -2050.47368428844     
   90.6973230161170     
  -1324.52305832532     
  -956.169321912946     
  -3021.41845736452     
   1118.41808432462     
   517.360059976676     
   231.144234386159     
  -1428.23142653790     
   4430.02436066230     
  -174.124795264266     
  -50.0979709773060     
  -1574.83295136694     
   1496.25307306752     
  -268.691529426047     
   264.799059478945     
   1492.06806061848     
   420.294388049838     
  -1072.70995967279     
   3657.92493465540     
   1548.51149205038     
   1873.86205559041     
  -346.871087392427     
   1827.89019279337     
  -1078.97267968698     
   94.8483467301996     
  -58.0234960797736     
   1155.87036120105     
  -1874.48243777561     
   3102.55499618651     
  -2432.64191910189     
   3251.65140349580     
  -879.855068374902     
  -1205.79561024095     
   1199.15020047479     
  -592.087101958208     
  -123.492568190414     
   1033.75110051648     
   2426.30393919887     
   504.718659962127     
   1237.09729155024     
  -132.512449919490     
   1461.61138604800     
   2208.35148720289     
   1985.97054382824     
  -75.2562905287452     
  -559.828064713632     
  -317.365444236785     
  -816.548056535737     
   1353.55080567901     
   670.017148171039     
  -953.336217949929     
  -272.322731348490     
  -664.941345314687     
  -134.269339451069     
   659.805544269027     
  -1237.24483005288     
  -1408.87812821095     
   214.517623483201     
   868.183975327657     
  -1388.37795427283     
  -760.972521397364     
   585.230372288846     
  -943.807003274983     
   1043.27875429571     
   352.637311538384     
   744.536431725660     
  -861.945161534890     
  -1021.46637921441     
  -49.2169753081948     
  -1168.14240189656     
  -239.641682003621     
  -160.576301493844     
   370.978707923918     
   238.956722548837     
   1719.75526283026     
  -1551.22542888603     
  -1155.67432707609     
   2968.93709529556     
  -6.53143798379386     
  -262.273546059281     
   772.273426428197     
  -971.843285621641     
   368.426054927438     
  -685.428231677206     
  -699.810695988293     
   909.627162340417     
  -55.7104092547823     
   281.092429863568     
   937.657274707159     
   1583.85697504875     
  -1613.47220973352     
  -288.616602999539     
  -150.057400350054     
  -996.353871169680     
   974.980506699988     
   1144.99957178223     
   208.667605692897     
  -141.879311033672     
  -148.967964699377     
  -549.762281858826     
   157.545725802931     
  -309.477791229195     
   610.909264490831     
  -1163.36023725496     
  -2161.76217206082     
  -427.252542027147     
   130.437508325215     
   1633.23039781420     
   2121.81934350046     
   722.076441083239     
  -1827.48303483339     
   4188.04469365340     
  -2445.35559158027     
  -322.224870241864     
  -481.396640567394     
  -273.259287563401     
  -896.793517978429     
   51.9023697851421     
   168.562026055218     
  -884.956199037206     
  -2014.88174764106     
  -1074.04244675669     
   482.069063427838     
  -2660.56729332502     
   1091.55255704899     
  -1107.67416660564     
   2166.63556402498     
  -1399.11818696917     
   127.775016254960     
   104.092303508814     
   309.531000145340     
  -757.409526833902     
  -1210.77639946104     
  -997.219331970764     
   527.360641480580     
   252.685159489418     
  -240.068201747355     
  -346.924376211277     
   3084.84471638545     
   2812.97002054962     
  -1821.84883434737     
   724.213891222339     
  -781.487352545404     
   317.352697067167     
  -33.5502841848422     
   4610.06754914535     
   229.799041307065     
  -2551.68225610378     
  -1720.00075719068     
   1992.96198594549     
  -5021.56674488462     
   393.405706692100     
  -381.863347057496     
   1432.52394392141     
   1910.29399619441     
   272.495388667597     
   614.985051808640     
  -1209.40096290374     
  -663.378647726701     
  -482.256454628136     
  -1788.46738594906     
  -184.630123012147     
   198.876447733265     
  -685.162368042988     
  -1298.40148406782     
   2298.52710240322     
  -2728.56705388172     
  -502.947041313503     
  -47.4552599365620     
   517.010122204867     
  -1336.36072147613     
  -718.205473458829     
  -1390.46881779950     
   1000.67432725284     
   1359.42072514777     
   1064.32480147706     
  -1679.07168969720     
   2464.81118413977     
   2059.94700823002     
  -969.160366739048     
  -84.4138986548078     
  -3852.77672603760     
   207.518167972948     
   2227.08644524287     
  -2112.33104879458     
  -290.886836392069     
   1773.83276969320     
   1104.25110168171     
   377.542117560425     
   78.5794901333458     
   461.348865579491     
  -1325.59508590743     
   528.517792551523     
  -203.101137353620     
   296.616402299883     
  -1241.14562168687     
  -568.885458928311     
  -363.636692715787     
  -187.628780465570     
   674.975056090633     
   337.395953845396     
  -412.435391444305     
  -616.737425477534     
   1166.74603748772     
   1204.81772228178     
   1058.90941824207     
   1057.96611992614     
  -28.4079368159801     
  -177.441316040223     
   2039.33124672409     
   1644.49597029955     
   157.032543677531     
  -286.920969515416     
   1239.42845799674     
  -246.756327942756     
  -807.356651868219     
  -184.592561535049     
   121.859974078756     
   550.691036297861     
  -1098.25545096629     
  -764.519702937106     
   486.573968581903     
   167.280130376087     
   207.190823867559     
  -672.492165514159     
   1016.03375371390     
   200.300617601074     
   1923.37655016070     
  -636.690053324988     
  -857.479806166865     
  -332.115582744420     
  -2482.33546331175     
   2114.12798624651     
  -1666.40675811294     
  -901.771761019528     
  -1203.32779482874     
  -753.269316985269     
   977.563096754840     
   37.3577287410424     
  -4.02166501033514     
   1460.12403187549     
  -1092.49723938507     
  -2139.99909996197     
  -714.455734318551     
  -1332.76715530956     
  -1906.37271104015     
  -58.4750916458058     
  -832.584260362530     
   474.732684156308     
  -1542.87088483100     
   500.508664491581     
   177.760311749557     
  -1128.01418189114     
   2237.71868594254     
   727.707542369016     
  -3476.69379567727     
   1396.37386436270     
  -3478.10808899620     
   498.359113412153     
  -974.007593425954     
   1078.73920875063     
   3313.87971027552     
   340.148212992240     
   1020.91829944481     
   342.948108361495     
   784.614899503876     
   686.094714559757     
  -138.200178922505     
  -1526.18750815010     
   195.668443105133     
   1118.17293727395     
   201.319874259988     
  -733.909101147090     
   847.492270014325     
   309.787828019237     
  -522.613281703148     
   2254.83425318654     
  -506.244612305881     
   1261.06603942339     
  -819.141800389794     
  -938.690769326380     
   286.498501226690     
   197.334984017816     
  -827.031253111677     
  -2377.07912362481     
   2328.63014701522     
  -203.097256289165     
   171.163962555043     
  -1444.40262342184     
  -1979.92553173916     
  -115.109822350783     
  -362.479707162430     
  -1125.22932800128     
   46.5697404829841     
  -1549.06608771994     
   740.505562018454     
   597.341792764601     
  -250.229250608481     
   745.086420210637     
  -1150.65923172665     
  -257.319507316472     
  -163.846501158335     
   1110.70816656600     
   552.600128664303     
  -596.470561341303     
   420.127394792549     
  -1305.28089680863     
  -905.814776679733     
  -417.604406084771     
  -958.339629909389     
  -283.622027964861     
   595.543363235743     
   190.102755411132     
  -249.066105308143     
   197.411926987684     
  -307.379823282549     
  -298.420711282707     
   894.097866838199     
   1525.30500533119     
   1509.78701329515     
   1133.84363318044     
  -110.631461684615     
   465.290128503102     
  -938.533960277762     
   4027.25610910062     
  -2355.88795336901     
  -880.922711285827     
  -2222.03148886192     
   577.638306151988     
   650.254171817606     
  -948.865047533117     
  -528.625056548058     
   2265.20548695650     
   877.839945225075     
   3219.50686818574     
   690.242806823138     
   421.800440209313     
   661.124039389832     
   254.332259953312     
  -116.027530207354     
   2062.87897420969     
  -1659.43195057519     
  -311.659797857717     
   1389.05339702650     
   1190.71599833234     
   2215.97057850793     
   1819.94630171527     
  -2319.91462466354     
  -904.612607838187     
  -160.183525716990     
   855.958614554596     
  -532.656354632517     
  -71.7762215558204     
   1606.43609417542     
  -3567.96963395351     
  -298.520175957719     
   983.300972021859     
   2279.87516247898     
  -722.770585253044     
  -2511.63732721547     
  -1039.41129636831     
   3467.20106425630     
  -744.748582930889     
  -91.8477275744596     
   2808.48015595707     
   604.587764820787     
  -422.938946252172     
   5807.32263915040     
  -1260.73678372594     
   936.268841517142     
  -4672.23547813204     
  -2006.53690489852     
   43.0865363755636     
  -968.817341908683     
   1349.93496980208     
   266.751061294151     
   65.6252185342202     
   292.876804280088     
   1222.40664416940     
   681.103517935142     
  -1399.71217026214     
   4121.87369838530     
   780.614537919273     
  -655.897439754594     
  -2796.30340870519     
   772.630685011824     
  -499.694731449958     
  -792.634839542181     
   491.769495729422     
  -944.231700307561     
  -1584.94915949722     
   241.232808035194     
   1280.52706900717     
   1839.97054950745     
   164.310264139879     
  -1674.35915667444     
   320.333001929542     
   1103.57922486372     
   2171.35685565862     
   2548.91915339799     
  -1212.24109308570     
  -167.986302280579     
   391.885610144358     
   1292.30471431537     
  -1264.44551035347     
   747.314300033039     
  -586.162162674112     
   1209.21563162291     
  -2210.01662497897     
   78.8960118987892     
   1477.71943991039     
  -320.806774473132     
   721.277405830552     
   641.809298680906     
   403.011192952755     
   1307.91309560254     
  -1932.73754512964     
  -135.720259104690     
   1326.39633318167     
   39.6786926495031     
  -1043.80413643273     
   1153.78999154860     
   483.161202242741     
  -1410.20696302881     
   1511.11331885050     
   976.904089462604     
  -627.605074810003     
   744.209998698663     
  -368.672153557292     
   2486.90684604714     
   2353.35500492988     
  -304.433539511299     
  -690.247639832509     
   1579.68820962238     
  -42.7832093142073     
   229.115285362398     
  -866.018200502630     
  -246.512578103096     
   53.6835714826383     
  -1059.18781288355     
   1792.76921759560     
   980.896730567481     
  -5686.79619564875     
  -740.308696340415     
  -983.055731443601     
   424.352604171770     
   924.654930286948     
   2.88005831600927     
  -1548.47953448597     
   99.6486495399183     
   659.487763640885     
  -1125.51048695649     
  -1089.75204914572     
  -543.286200003817     
  -707.680790266639     
  -441.414570147064     
  -598.451968673524     
   799.035027524417     
   720.806639686306     
  -269.780258799689     
  -225.169298006483     
   887.481869699908     
   181.166623803340     
   495.281565230768     
  -281.109333617915     
  -1566.40305968806     
   808.218383626172     
   158.043636867104     
  -1038.17169248063     
   630.536461092679     
  -623.792239823471     
  -237.623458772419     
  -467.144469524287     
   205.900640655604     
   509.547510055301     
   2730.07081317422     
  -818.476087823220     
  -637.439939179139     
   360.038937700921     
  -37.6479227359869     
  -336.966570230270     
   1444.73151347378     
  -183.633713276753     
  -116.335431672712     
  -24.1763983118735     
  -908.197456650022     
   369.523022260120     
   430.814878368782     
   695.728109341922     
  -197.061918227212     
   487.476921858085     
  -174.501002425474     
   41.2005060583647     
  -857.232517780707     
   1853.03078282123     
   508.102935201265     
  -703.958552600208     
  -1632.70381061559     
   1357.83576477667     
  -694.513326002349     
   288.548855072934     
  -235.655125177047     
  -668.494629561898     
   1056.62235609755     
  -733.255185593544     
  -768.118480696105     
  -1212.96359123102     
   498.154578362383     
  -1362.01924446552     
   411.638432301988     
   1169.52861370299     
  -73.7279147583661     
  -1037.98391691585     
  -937.457211189946     
  -2701.71853039058     
  -298.266227371605     
  -559.382097273493     
  -983.176418242421     
   482.092160734019     
  -75.5431621963159     
  -244.676844682655     
  -876.259393060938     
  -1297.86859983450     
  -72.4483288271848     
   386.246068753794     
  -650.575487558401     
   2648.19640241245     
  -793.780322319104     
  -510.913702794579     
  -652.126451537151     
   922.668494503888     
   84.6591106854527     
  -942.639642312758     
   1254.28104479615     
  -4053.90967707553     
  -1145.31107984780     
   849.577320409964     
   1538.63025095231     
   1589.41794411235     
   2151.28962507948     
   16.5414708090808     
   233.688518436596     
   1804.18128152270     
   731.564106577329     
   2542.25236588693     
  -2383.78574546183     
  -404.713722615755     
   1340.42535173215     
  -574.430058497893     
  -1413.60890663919     
  -1218.59108507923     
   188.444399125876     
  -509.054969939476     
  -1965.66583052578     
   300.047211650644     
   743.992636582270     
  -283.800617092830     
   92.6086114239242     
  -1861.76977069753     
  -1804.20745814654     
  -3069.99805003004     
  -552.082206458891     
  -862.690229290716     
  -2503.01568225669     
   417.218204486608     
  -716.336915861707     
   99.3166820490663     
   303.445743949620     
   112.591055250878     
  -99.6174386942067     
   2023.29119843317     
  -1535.35392623023     
   1540.38534973993     
   487.229695642826     
  -66.4811549587661     
   70.2672053777474     
  -984.480102016581     
  -397.384874604897     
  -248.903866421061     
   71.8316191444374     
   952.801198371022     
  -344.998252173110     
   56.4430691511021     
  -702.828635433052     
   12.5985070827120     
  -197.820547601806     
  -402.803208102966     
  -548.953482131941     
   256.511215910142     
  -281.332731864327     
  -339.803467020600     
  -55.9946346683953     
  -549.403375363084     
   624.818913040958     
   1318.48564092520     
  -609.416061085765     
   1559.39240038758     
   476.577475986120     
  -715.713840822075     
  -46.8246375247949     
   898.195683498754     
   1507.83970985028     
  -335.839911568634     
  -251.976829706137     
   554.232541161037     
  -1519.91087069574     
  -179.326225069186     
   416.492361712377     
  -486.435223219265     
  -817.962390606855     
   413.767834721744     
  -440.734408111126     
  -955.922575304951     
   222.436228233339     
   516.261801075275     
   1016.13535742671     
   64.3311411700678     
  -201.558233681168     
   445.725334716239     
   30.1428176797473     
  -86.4464660935535     
  0.703153194571740     
  -1432.72864106653     
   239.756466413848     
  -218.509988901424     
   892.349886968108     
  -249.576456296909     
   200.191964266617     
  -831.787292163665     
  -283.624187015861     
   1055.43621514838     
  -665.771085010539     
  -695.493386343288     
   1180.56923849178     
   1538.73386345825     
   1189.99228238152     
   669.245801750092     
  -395.279126566796     
  -337.624780103836     
  -19.8982699260799     
   1525.65288076845     
  -1431.34613308466     
  -939.791087669726     
  -2577.47412886123     
  -1827.57576392731     
   4484.20892478472     
   1880.91832431887     
  -131.753864149331     
   771.469505414052     
  -270.032985760709     
   1174.14831093043     
  -802.209497650786     
   1159.44184420433     
   1026.87025406961     
  -79.6354442555539     
  -2483.04526217997     
   346.746800753976     
   3732.47699273621     
   229.099377500410     
  -1623.47291202487     
   177.808423218040     
   91.0958021757444     
  -1348.84777239747     
  -1251.49581304045     
   1723.50672064696     
   552.633367845393     
   2903.78816159259     
   2067.64917112056     
   874.066720423276     
  -2468.42351746469     
  -1723.06745065913     
  -1632.33736179424     
   3539.15619807107     
   372.522995339440     
  -1262.90904079004     
  -295.628169945179     
   94.3806543100374     
  -276.898860512651     
   2240.00516346795     
  -1204.60600129940     
   9.16740515747793     
  -613.272251338649     
  -2198.68321721367     
   2394.12522490005     
   315.309905042943     
  -3812.89669958697     
  -1132.97411942825     
   2069.67500581585     
  -1783.82498907108     
  -5435.09644674342     
  -2011.58778156548     
   436.276478235891     
   1740.86666048171     
  -554.353379774879     
  -20.0696610458628     
  -1524.42367880735     
  -987.307697687386     
   2376.58982634433     
  -1780.27137395815     
   1168.76677759236     
  -652.007616600585     
  -898.300759212041     
  -1161.46997915411     
   1638.96633516984     
   608.103494300340     
  -2302.95643964294     
  -777.515645993525     
  -203.935929178592     
   1057.66768422729     
  -1903.91544034617     
  -1458.03381083800     
   882.106548126265     
  -83.7227335065321     
  -2164.43381283539     
   529.638192085976     
  -1543.96350342714     
  -1240.27109985677     
   1038.60895651595     
   1668.38550005208     
   612.912929896871     
   1171.88189079077     
   46.1816388848516     
  -1143.04923337433     
  -165.878816655328     
  -62.4669207315751     
   214.194471497204     
   83.1200773904015     
  -798.545161572638     
  -221.116876180306     
  -1006.69237872987     
   541.752476945631     
  -23.8696312989816     
  -363.228590027736     
   428.354928525830     
   1280.81505334188     
   367.062573105073     
  -203.469608774260     
  -1011.38128866818     
   628.101076360460     
   739.138674160526     
  -1075.63383847293     
  -194.606820856263     
  -747.837989541735     
   232.196010639812     
   494.420376743034     
   376.799065902086     
   647.680053043984     
  -465.122221202800     
  -946.219061207236     
   509.187376994638     
  -140.466910054861     
   1153.70673765976     
  -20.0835061638375     
   1304.55083662590     
  -1012.52909830807     
   923.262274559450     
  -303.543764477178     
   1369.75098973020     
  -145.373695284216     
  -493.768387982250     
  -1019.06531877941     
  -3747.10327000904     
   1032.36017089053     
  -1887.45305622435     
  -316.267700193214     
   894.948125964450     
  -1137.44466439505     
  -26.1042461284171     
   1020.67666325910     
   529.894845381488     
  -615.140582463268     
   2378.61756233925     
  -1102.99947788850     
   539.259210101762     
  -1440.81691176752     
  -127.912265210635     
  -1637.14211383476     
   571.170141231333     
   412.874467322252     
  -852.625258910744     
  -729.970461168585     
  -554.244405367437     
  -1060.83159815623     
   887.649118011120     
   1196.08520527757     
  -67.5906548685530     
   367.082674057116     
   783.393046087562     
   404.067740433876     
   167.670199619971     
  -206.560506396674     
  -950.673586603272     
  -466.810358048761     
   1649.77019984997     
   1059.11284888662     
   1149.55026978152     
  -323.549110607765     
  -489.711969063729     
  -621.286983678908     
   281.344263766959     
   1303.07689393578     
   539.935533206609     
   520.758553458173     
  -67.9316314505307     
   432.532698217529     
  -747.142953298734     
   78.1638834567044     
   1857.91994231408     
   613.300198232768     
  -558.404966135168     
  -182.236734169383     
  -1668.16677396759     
   871.516351709912     
  -187.291613551104     
   93.8970449063307     
   336.105828005725     
   93.4610402275903     
   1129.24777332993     
  -167.496038659663     
  -606.380043963787     
  -407.356020734221     
  -1746.77717962544     
   329.084253874473     
  -361.035091886632     
   820.405344859472     
   713.331709298883     
   220.140115177702     
  -66.4869082895452     
  -769.623542718603     
   1069.94186393868     
   390.495031971608     
  -961.694834527569     
  -2288.28138175245     
   854.566399416524     
   130.935603526354     
   767.369111342632     
   1116.14631606158     
  -661.711682987825     
   231.239764993456     
  -1235.58155303284     
  -1492.38753177526     
  -1265.98427188794     
   281.462271361847     
  -2246.35307042737     
   1863.55345439217     
  -4395.42189048845     
  -736.208906234676     
   1222.52982106806     
   1047.74782831177     
   851.603613072971     
  -73.1017519128370     
   1788.94679368171     
  -1083.50365121588     
  -2200.75485268699     
  -770.427099740896     
   2929.23878915909     
  -1347.03284877833     
   3667.40699315672     
  -2296.19097183738     
   1028.82508501828     
   501.694777793294     
   469.905111068742     
   279.909305180566     
  -630.502575479635     
   3942.32379560732     
   1324.33298772974     
   413.617178725233     
  -1506.82088083780     
  -1478.45535541582     
  -330.906514791444     
   2113.80970157935     
  -772.832674087623     
   1372.89311738907     
  -1352.21146054247     
  -971.723593319391     
  -1192.03459886169     
   732.688160474947     
   1289.09048068489     
  -901.238100570813     
  -681.969446376633     
   1866.56325922839     
  -4439.31427506917     
   2372.00665775700     
   1740.15425317350     
   3880.74935315769     
  -276.303456647234     
  -1669.13635009363     
  -1405.94816057136     
   1041.52880302224     
   716.201571978238     
  -1848.58819797490     
  -1051.93700375414     
  -618.923320487060     
  -1613.52960867806     
  -739.753698351611     
   1111.35575976939     
  -822.781280047772     
  -1934.28867830119     
   500.988793864079     
  -425.687731200696     
  -316.860517663121     
   155.770566408168     
   641.674802726717     
  -312.466688310604     
   329.854877908479     
   332.427128183063     
   880.074362988458     
   321.969107351078     
   703.954139515300     
  -166.712086820718     
   437.668629435534     
   1383.29186094193     
   950.190823549542     
  -166.251949604217     
   536.739659455416     
   52.5158197228765     
   284.000478520081     
   1175.02149783486     
   835.662035238359     
   573.464141596251     
  -2367.18397152679     
  -324.201602050156     
  -1102.35354449725     
   1171.58742374138     
   80.5076515322241     
  -774.399121588230     
  -583.501879996991     
   375.331536524531     
   1538.72373506196     
  -2078.50494192856     
   329.757306654612     
  -1985.58017121082     
  -1590.53042797631     
   823.029051735214     
  -688.471627284712     
  -3814.20642346741     
   1642.27628739935     
  -402.210855091394     
   810.985580543404     
   651.998159642771     
   83.9082542493376     
   1063.16058825949     
   1607.35911436643     
   766.134479934794     
  -2155.54548104586     
   1199.79489136628     
   96.3867695290377     
  -1113.12374022084     
   1972.06391229154     
   74.7327996714146     
   110.348171508017     
  -639.971904935472     
   1084.84020735415     
  -394.313880858424     
  -467.946504755319     
  -1244.02800255450     
   723.973841020661     
   1315.53497119782     
  -351.412396686775     
   782.313541682528     
  -204.705962888161     
  -844.572166119326     
  -237.421800099839     
  -645.100628038038     
   203.895635264217     
  -55.4415352523023     
   1227.38294044862     
  -442.598235148555     
   1577.84547591637     
  -651.330941344344     
  -1245.03359931820     
  -1871.16652832772     
   1237.40638129188     
  -916.253849401243     
  -2004.18163830054     
   1963.25271629780     
  -605.605359098546     
  -535.360943745133     
   37.9480724196306     
  -338.788732932994     
  -2121.87316141986     
   1236.21597788240     
  -97.7609510991514     
   869.177932931186     
  -468.889116599020     
  -56.3029441725739     
   195.638347445412     
  -2085.31097984315     
  -2744.33136998632     
  -48.2268005113706     
   924.136850438526     
  -1269.19335677869     
   1616.61768431211     
   3035.95134704008     
  -1204.49100770119     
   1179.14934829838     
   1532.98479816936     
  -10.0572314213327     
  -1410.90179294385     
  -1425.33939501038     
   3085.21712571225     
  -1011.88279966652     
  -1385.27259474600     
  -65.4231032556996     
   1180.27707526552     
  -620.812065224919     
   31.7255788247332     
  -383.577858160074     
  -1293.22416073589     
  -1076.27873433855     
   1901.48986591108     
   1825.91633493724     
  -860.117188774933     
  -2182.03472346243     
  -1935.35284057816     
  -613.481677641799     
  -228.663708283898     
   1458.39864689185     
   1432.68152563835     
  -1785.49455279913     
  -1920.48209692474     
  -836.714684572026     
  -172.864745359171     
  -1066.99268377098     
  -649.837023650043     
   1777.42677117710     
   8.09570240349285     
   71.3277627332099     
   2420.02823452579     
   1664.18417894426     
   309.856205443287     
   2352.23962405453     
   925.620176692658     
  -3098.00244161739     
  -991.872522991072     
   531.505093972972     
   1420.62043055971     
  -448.269407037790     
  -497.242635972213     
  -299.118702431958     
  -1118.29201837237     
   954.046389095747     
  -122.890767829899     
   9.57625373222075     
  -1988.88805897694     
   4042.02442150358     
   300.050108427570     
   686.028038655227     
   521.560009355029     
  -650.680750819156     
  -225.074839872254     
  -523.499553704711     
   1023.16005187489     
  -58.2548304302894     
  -3189.56614066461     
   1014.59352397508     
  -110.393388568575     
  -504.990616319655     
  -557.441756930940     
  -1061.37503697929     
   372.164086429993     
  -2384.57016966348     
   2159.31369522050     
   667.672197203659     
  -269.309269723891     
   632.365926853660     
  -2078.45475757154     
   51.6583275527744     
   1141.99632662273     
   1244.11413337050     
  -13.7582097223751     
   456.244560421878     
  -86.6829889172067     
  -78.4050927658285     
  -376.851763409761     
  -505.321064201571     
  -2684.60718463876     
  -1808.48569902669     
  -200.855507457334     
  -88.0954784385990     
   2201.97772625724     
  -1097.98329827190     
   790.896713053785     
   1354.49342825224     
  -992.358717328355     
  -510.885698994057     
   3289.39681461522     
  -3132.06275264599     
  -1958.23135047562     
   763.989064655427     
   152.122419346846     
  -820.591080057214     
  -2934.88805674093     
  -814.181404039663     
  -1000.39027608668     
  -1108.75813754971     
   8.14826637466444     
  -262.759658804852     
   1322.20243598712     
  -1502.83657002199     
  -2211.26549575311     
   827.673383282869     
   2215.51910525474     
  -742.532088348529     
   570.876914004078     
   1453.07375272216     
   1927.15344168303     
   486.938203129689     
   978.723101141803     
  -1659.38851883061     
  -959.161287701627     
   1454.98370754164     
  -2255.78118703821     
  -558.552252458779     
   421.769625472944     
  -2032.21011557276     
   2453.21041234622     
   284.282728391683     
  -771.015977129836     
   1930.09336542419     
  -1128.46344752403     
   335.414302921614     
  -408.124879403132     
  -661.985281449059     
  -527.675231596838     
  -734.722815821506     
  -447.473571267930     
  -706.847869367724     
  -1975.61960259807     
  -3718.93216661808     
   98.7227893003047     
  -4.68770574156923     
  -624.331709166779     
   743.094110644938     
   399.102762883278     
   1012.31425917312     
  -463.199478609870     
  -391.878852659440     
  -850.214532372123     
   502.934781901977     
   598.456656217980     
  -366.876087746457     
   13.7941019568081     
   5.90952585053185     
   291.641538228762     
   128.837211425170     
   475.886180608654     
  -3204.19460209511     
  -1057.98987908622     
  -158.715268652820     
   1229.29030713373     
  -3753.76880226126     
   2096.89874688302     
   973.435458882418     
  -2494.10299241802     
   150.777281252493     
   94.1227275257049     
  -152.885785537999     
  -819.279887385171     
   535.662594716479     
  -839.227095391225     
   3081.42627538892     
  -285.714012758681     
   395.674132130704     
   783.717267291952     
  -301.953452158172     
  -293.796866382509     
  -765.427028311478     
   2145.79555662258     
   1538.33258990539     
  -569.802540540433     
   328.254685949242     
   524.416747165675     
   390.813224185644     
   2132.66289682281     
   2098.06991419059     
   614.190724510783     
  -1752.61065400459     
  -1275.24195216228     
   701.626733970288     
   242.652373806862     
   652.677313414629     
   309.007340566566     
   693.579763146184     
   3703.14754116713     
  -2476.13156129373     
   1248.40578651977     
   564.199879799079     
  -1780.13598029215     
   1131.88654801041     
  -249.967312819786     
  -49.2026900812932     
   362.596697923019     
   2488.31277614102     
  -2311.37097645263     
  -2922.33601735379     
  -170.295215346923     
   1339.27177063113     
   635.782934967188     
  -2273.85058663272     
  -104.120418136633     
  -310.907851776608     
   804.147924238391     
   180.864835846300     
   721.593728774019     
  -2431.28805546079     
   129.568681694029     
  -217.936710691859     
  -2162.13846905732     
  -977.511422152774     
  -370.983215515008     
  -38.2563519015723     
  -2551.92057670913     
  -744.468105789546     
   103.395898696215     
   1000.96810268899     
   161.445494510836     
  -360.288577901597     
  -1654.71628082939     
   353.183624052719     
   424.137661801719     
   573.194384001140     
  -404.628253042424     
   883.199646842240     
   722.036592937313     
  -254.307368107001     
   74.6069840055010     
  -83.0308829291969     
   377.107986502753     
  -940.962621511210     
   58.8423893551578     
   342.074446343483     
   427.036841482918     
   111.286454921667     
   544.628035125390     
  -404.256254252743     
  -63.4033000432875     
   206.096701792455     
   46.3460241456251     
   464.506608638143     
   332.844109381371     
  -109.871951227372     
   5.09718075914094     
  -327.460949621419     
  -470.033196088723     
   29.2163598462936     
  -81.7783433665108     
  -1782.71744686115     
   95.2048115255982     
  -453.763108052051     
   1225.28428219318     
   578.758240213203     
  -648.669657636998     
  0.138771114995535     
   61.4776095674859     
  -44.8067993441797     
   546.577007124107     
  -201.086431622580     
   72.9617031656168     
   540.143074224177     
   392.808025635289     
   4281.81263265430     
  -131.790516081410     
  -119.216218915263     
   17.0586705023450     
  -841.374746859468     
  -153.642429884165     
  -155.231503850581     
   1210.97729216692     
  -113.645858804545     
   342.498271216955     
  -856.150251151595     
   2391.06055532796     
   1516.26332371699     
  -532.889970755171     
  -362.724500022220     
   42.5971507774816     
  -75.8893119540745     
  -1029.86394483380     
  -535.043172843154     
  -19.0140039178120     
  -749.942619566181     
   1656.22110536489     
   95.9845827977157     
   417.593810572128     
   356.949233436869     
   356.837989342224     
  -610.998627916349     
  -115.571104733596     
   376.081405147650     
   567.944459847998     
  -846.573663826784     
   110.384705448352     
  -434.408435129114     
   226.101582369697     
   879.639078224679     
  -433.378527768455     
  -995.953103435739     
  -661.918276849587     
   1089.71322025634     
   958.207827908329     
  -77.4162969799047     
  -92.7267052805641     
  -670.433036022281     
  -535.304700627903     
  -1750.64075296513     
   401.361903574298     
  -5.05595719652820     
  -561.350092404698     
   610.887704640140     
  -685.291631730419     
  -1676.40743893041     
  -282.236542604624     
   1549.17026952877     
   932.717619854955     
  -563.814112912760     
  -289.493460191996     
  -405.624927038005     
   1109.90278119885     
  -1040.47744220226     
  -564.457596003090     
   1143.61771975857     
   230.041534579295     
   600.990136768679     
  -563.184436390765     
  -655.704346606720     
  -639.541275071774     
   1442.05541642277     
  -803.394991554381     
  -734.112465065563     
   278.365196527204     
   320.557694093868     
   487.923499298353     
   1217.44396836257     
   808.585953753437     
  -292.312714725366     
   525.828609614323     
   1184.30826777616     
  -153.480824952723     
   196.331370243521     
  -2088.74546271398     
  -171.599191270280     
   73.0348861620915     
  -161.998589137848     
   667.775744384200     
  -372.941814335111     
   140.648366581428     
  -470.930446780660     
   159.456347816067     
   72.4949472827926     
   440.552408294274     
  -297.706862951697     
   247.551316391529     
   3294.78796076175     
   634.185232799027     
  -222.096779050248     
  -1130.40029063692     
  -1575.50037557283     
   854.864570694681     
  -1743.86099465468     
   917.064909187672     
   854.825363303211     
   18.2151921853483     
   2143.79999406423     
   172.898612435106     
  -548.174295816823     
   1494.83866596574     
   763.679223760479     
  -811.886310374791     
   817.281233302027     
   183.964629529973     
  -708.978764583812     
  -1010.41265741625     
  -393.139652138843     
   626.065569622069     
   1801.30607212504     
  -83.2642573234949     
   661.761689168710     
   668.278043188388     
  -916.779464256187     
   464.641816539082     
  -198.598734889145     
  -522.862299931164     
   994.291704229945     
  -458.577875042696     
  -500.564572430715     
   756.485856662016     
   523.029039889293     
   236.660682077863     
  -604.747978128658     
  -41.1301328007624     
   913.769256239391     
   1281.49773602274     
  -1169.85027032359     
  -644.463294617904     
  -612.773638275836     
   1117.52571299739     
   967.898759365651     
  -877.612628617049     
   980.786722358179     
  -917.200276107827     
  -1349.69530607586     
  -307.336187708886     
   687.327462562695     
   352.049916771646     
   440.095658867062     
   1059.03315340657     
  -1062.99751219172     
   1043.01317596436     
   714.907594994782     
   539.288015241284     
  -26.4447229025025     
  -130.835796793797     
  -246.171522731582     
  -287.537488363487     
   350.292311891894     
  -860.415609039294     
  -1027.33105357987     
   455.228700707593     
  -1118.77877025333     
   2536.00039591188     
  -756.884859973269     
  -125.636548136803     
  -455.245647220539     
  -994.636575047660     
   401.102942607884     
  -916.291921019989     
  -193.096737755077     
  -34.8296384721084     
   20.6420016714579     
  -382.340034282390     
  -1324.68236976227     
   522.701093151856     
   419.877192288317     
  -405.428916624596     
  -2437.93668267531     
  -1077.07462429701     
   2134.40822930663     
   255.554249252435     
   1138.86675126736     
  -1785.07121059862     
   171.261953142772     
  -92.7808469418675     
  -424.344646581720     
  -1569.85673256561     
  -335.509058676492     
  -710.375640198717     
  -2691.13571287883     
  -238.057911743395     
  -65.2625832983883     
  -287.998479548032     
   517.179815878671     
  -1379.10756796573     
  -15.7739358560959     
   1404.48491590759     
  -95.3965877149194     
  -880.882526450767     
  -705.605131032348     
  -1377.61179694734     
  -842.660183930997     
   903.353279025428     
  -599.472632871403     
   1743.95302293186     
   137.135180584763     
   300.635832417329     
   1196.69236475865     
   2145.12923172955     
  -626.398055254380     
  -1247.01071326573     
  -290.454320648634     
  -931.126933095548     
  -725.519770215504     
  -723.663299548529     
   88.5203778433499     
   637.592600013164     
   292.519875324255     
   681.801054814301     
  -46.1351094781317     
   598.993851846235     
   653.335504728020     
  -1006.30226861000     
   1504.23214512853     
  -1711.97435486246     
  -18.3293308202099     
  -1833.23823720889     
   2510.00694283287     
  -378.307448121459     
   2036.02805053073     
  -607.060667131937     
  -150.027111337299     
   720.663878348128     
   72.8683073318658     
  -504.057567653289     
   1452.67784166478     
  -202.304710357119     
  -80.1986891897947     
   2052.84614950942     
  -3482.66187988671     
  -388.773103835059     
  -822.450260598726     
   1578.58072065143     
   2451.22815317072     
  -1045.83479145546     
   562.224194306768     
  -64.4450037014447     
   2216.56813860858     
  -224.357475701152     
  -575.385164105449     
  -182.420915043646     
   1487.96260324586     
   114.179815393803     
  -63.3913967434904     
   1156.16004728766     
   537.293326464127     
   156.228341711105     
   1239.49947372208     
  -209.809356609304     
   1644.77807796282     
   181.960206266113     
  -1715.73639967480     
   465.143803631106     
   871.848158958716     
   975.133582443477     
   58.3969154706654     
  -1072.46418316587     
   169.164055797921     
  -306.378638325170     
   1920.33286685527     
   2352.49618686338     
   275.392866444292     
   1137.25511343099     
  -643.576850818373     
   212.099473805317     
   74.8493592269068     
   307.072767577077     
  -63.8564818741841     
   1027.98058606039     
   801.305224591768     
   175.810050474554     
  -51.1990522045051     
  -515.957324274195     
  -60.3605925065269     
   528.697143107070     
  -2164.69594695950     
  -400.490313969296     
  -243.785952888370     
  -121.893443752763     
  -150.625665512286     
  -158.815899613067     
  -2439.80926414634     
   1982.63973902826     
   406.675075652157     
   657.415638640135     
   199.052259050014     
  -734.004788166056     
   1140.99547937080     
   1518.17880848780     
  -51.9638753473706     
   1343.39784265076     
  -335.939671831449     
   27.5989119993598     
  -2693.78115862020     
   392.700212670765     
  -12.2264871174367     
  -447.920469125431     
   548.639189682534     
   409.623573654820     
  -125.288577766266     
  -1141.70019504181     
  -662.248000438482     
  -269.438744603214     
   1003.31597911437     
   160.229211799643     
  -507.270077303147     
   562.063606709356     
   1813.52768606508     
  -959.534431080806     
   427.240960714130     
  -359.329869478185     
  -115.296585450633     
   471.474331454184     
  -401.403823635380     
  -891.196973168397     
   598.057991942820     
   488.833035771011     
   4408.99756900622     
   356.097905967432     
  -1806.71344090695     
   1215.48430518569     
  -377.136762877986     
  -391.802728626276     
  -1910.79337381909     
   592.697391817897     
  -1059.50044865181     
  -1808.36354956814     
   2586.01573201815     
   1780.37567121914     
  -551.878752127426     
   865.218928679604     
  -1669.15497597589     
   587.660267568575     
   113.942183134077     
  -1599.29361221810     
   82.9440894229801     
   27.6323677389373     
   19.1201979535612     
   470.810423674331     
  -825.385928576270     
  -633.401563641149     
  -1348.62621772865     
   844.918860476258     
   894.644357732775     
  -2553.31328820132     
   231.455902072713     
   343.326668155693     
   347.550637593749     
  -1550.40580697259     
   1880.72195464354     
  -511.792984788318     
  -487.492721469507     
  -212.337028213012     
   189.688947810455     
  -430.877763022708     
  -65.5407382505022     
   114.637565456311     
  -811.224828390900     
   524.740975926670     
   320.143781771254     
  -1256.29002402100     
  -55.8042199210655     
   1451.87409324858     
  -2053.28378464072     
   1747.28540627250     
   62.8424750376572     
  -581.672270271871     
  -901.770267278716     
   746.698730139516     
  -82.8561915909715     
  -874.396082886506     
  -460.692116540211     
   1277.99771471305     
   672.671000436288     
   31.9819388840142     
   486.935851468433     
   104.256722566112     
   137.270790676286     
  -341.090513995038     
  -95.5936417731402     
  -524.119909972802     
   346.324658114247     
  -242.308140585311     
   16.8406565906247     
   416.456027350027     
   144.776441864932     
   45.7740322030529     
  -503.382746399401     
  -878.881118629034     
  -86.1920063121756     
   204.261560315947     
   103.725429401389     
   218.392614041210     
  -894.901165052081     
  -947.036745987293     
   260.567919717345     
   1026.64829649865     
   1024.16127981394     
  -877.909228826868     
   1811.22227944432     
   369.464681374919     
  -599.909188469600     
   1018.34072173665     
   1858.30289413046     
  -152.704587555151     
  -1800.59377163348     
   389.392941958623     
   168.539507810304     
  -913.024938127385     
   305.025605865047     
  -676.261902219920     
  -483.645116486200     
  -962.282250789666     
   505.495576133951     
  -1352.18252439700     
  -892.108645594541     
  -315.899748346650     
  -1171.16745064172     
   117.137980436824     
   63.0014516890356     
   952.141879134804     
   106.307602480909     
   19.4815184080553     
  -419.761578781091     
   402.497778660024     
   924.513287942864     
   146.723323235464     
  -1041.04290014674     
  -1230.49589906847     
  -1171.19470184427     
   565.376840338083     
  -36.2744264927526     
   954.987413272605     
   327.721738520305     
   906.770544031481     
   2090.63981190276     
  -1192.31166647517     
   102.027744954666     
   136.238662779156     
   1469.62093689621     
  -442.759132623693     
   648.483238226766     
  -448.901524145626     
  -413.900603250486     
  -292.240298342555     
  -1716.55062157991     
  -1088.08488666738     
   2158.57257878914     
   463.980944826264     
   485.573926536417     
  -4336.38437135496     
   676.580647475057     
   47.1776303206299     
   1327.46389352146     
  -2953.99954131001     
   1049.85113393207     
   425.420130805683     
   1669.15506086486     
  -513.554274327622     
   1306.09380056766     
  -385.663743486585     
   1212.33457725638     
  -459.048211756514     
   41.7080160353399     
   773.620020255910     
   810.714057806904     
  -730.915848214709     
  -244.282502320614     
   391.131734644223     
  -575.544888163400     
   1216.36271066056     
  -421.188259786879     
  -220.678572915645     
   335.327567222566     
   744.584049859954     
  -497.919859586395     
   1103.33772435775     
   4260.51392059091     
  -350.148228616013     
   486.683725746657     
  -1223.86908673575     
   1832.30985773148     
  -106.358307936209     
  -995.823431315114     
  -1760.83554879962     
   646.241810521718     
  -340.240554286719     
  -433.886315443943     
  -87.2626775903612     
  -258.947877276605     
  -533.965935070595     
   808.007576025803     
   109.387931256782     
  -95.9177464456728     
  -556.321595246637     
   641.639044088836     
  -290.725879871664     
   65.8766321247363     
   6.56498860125554     
   429.845411903702     
  -651.473237974627     
   332.707505628773     
  -798.273005010537     
  -573.525693757190     
  -28.9827722639943     
   308.655466127582     
  -12.9946738794985     
   285.464647605842     
   300.311190412515     
  -1692.76457901543     
  -1316.80605333672     
  -97.3573900074319     
   1164.79377457715     
  -802.873422661562     
   119.793998943719     
   657.825210432233     
  -1621.55022442847     
   1157.48909605901     
   690.717560294853     
   726.749406900893     
  -280.669214810293     
   508.849602751370     
  -282.959232967145     
   594.130894857506     
   641.889398933363     
  -473.176855708190     
  -547.801185410060     
  -39.9406110451177     
  -353.295251074034     
   128.381589398167     
   237.285172109875     
  -260.360290379863     
  -561.812286004705     
   242.341068445517     
   707.579156122345     
   679.973928527646     
  -793.805021840441     
   713.022157261675     
  -1345.56251939104     
   902.303349010600     
   511.406529189303     
  -1426.31132985568     
   534.332810235843     
   59.0912636362466     
  -352.343167341667     
   687.759595368373     
  -194.720175662108     
  -191.170650794049     
  -1239.07752156354     
   2639.87324287674     
  -1377.40428472815     
  -1801.06767757858     
  -2044.12086721474     
   2690.38663858486     
  -510.822691346958     
   2889.56461329238     
  -150.067623470383     
  -843.320458820350     
   413.537845720792     
  -240.873360253956     
  -335.211374160265     
  -1096.38847032705     
   591.082163395343     
   8.04268095293577     
   37.6612650429033     
   164.489478264174     
  -242.897162142758     
   2134.60559699207     
   348.044706262290     
   1207.80811238150     
  -369.604215797220     
   186.150377062201     
   1092.90669529548     
   439.040014583693     
  -449.067032263708     
  -1836.26581604856     
  -1585.73089444183     
   1132.02171112829     
  -1710.59680273333     
  -71.6969585176363     
   856.583202152370     
  -551.116760473028     
   1556.16535570223     
   1178.12131256272     
  -100.814687743279     
   1890.48474573977     
   706.177976601931     
   820.459251050096     
   714.734760836614     
  -657.792548505106     
   727.999375627579     
   135.938442640965     
  -913.566186912116     
   2695.96490908978     
   608.202437797763     
  -1458.33267222649     
  -929.161930617953     
  -67.4855054831175     
   2072.47396523476     
  -79.0574197287193     
   58.4179897718728     
   762.691275463771     
   753.425900409613     
  -628.105947670429     
  -1795.84120903374     
  -801.076062731096     
  -390.106017019520     
   49.4918099404269     
   393.229938800736     
   203.434757407098     
  -899.431216605459     
   576.468873309209     
  -220.428963768314     
  -477.903393519905     
  -532.273509772196     
   500.772608918096     
  -159.091210602546     
   2188.83374257190     
  -899.564669949660     
   415.647576632665     
   954.025240082869     
   469.275893137695     
  -113.413540516103     
   331.619410016678     
  -1684.90690580799     
   986.537592475800     
  -355.932693686978     
   649.777244497104     
   678.317848617831     
   42.5702691271463     
   597.479822426587     
  -270.814570373701     
   548.584752399794     
   961.935542008737     
  -346.550984360560     
  -422.242169558643     
   1766.93275854416     
   84.0471093265273     
  -267.540371419262     
  -317.522772243928     
   86.4263368830654     
  -494.336007116776     
  -1031.64469357640     
  -514.457881978289     
   33.2719652714466     
   194.485155510571     
  -432.576339968306     
   127.158377820777     
  -2004.68815712649     
   339.044813860424     
  -31.0931927404439     
   169.003162839430     
   816.608383369192     
  -142.251339955021     
   1906.63149372276     
  -72.0969286567533     
  -1063.00980142985     
   487.082225049082     
   215.973597201317     
   92.3680538675441     
  -334.974301823042     
   944.891385380442     
  -2068.78863444008     
   203.761178704185     
  -415.907220577680     
  -188.774655561606     
   359.039399741287     
   826.027507977984     
  -244.336842266984     
  -263.512756379425     
  -1444.34607009991     
   84.1098207303657     
   430.393969166625     
  -1475.63373171103     
  -125.723080867089     
  -77.1435716298693     
  -282.085636800517     
  -699.865581042559     
  -1090.52248682349     
   20.9274440093549     
  -460.400279632193     
   246.802063027107     
   582.853609627251     
   647.979339242325     
  -7.69200891869251     
  -2299.11744325537     
   423.303062485707     
   995.866851826361     
  -400.147080461844     
   824.315405811110     
   301.441437431182     
   663.421486096403     
  -1767.94752416161     
   857.258609763126     
   362.986212764946     
  -308.799739406804     
  -182.011918144584     
  -908.711683961887     
   7.77852664124302     
  -700.414121211571     
  -202.380781844069     
   500.268544930106     
  -173.730684182195     
   921.437107728892     
   288.439170226714     
   266.669817144995     
  -781.098845983952     
   926.727562843620     
   420.115034981229     
   693.665055710455     
  -694.823865449027     
  -164.136329222736     
   227.301630952954     
   619.883078465106     
  -357.150940506237     
  -304.811570609860     
   1061.36513576756     
  -645.587192459937     
  -542.976466888515     
   85.6949980191438     
  -331.884609189842     
   84.2516389096178     
   5.09130266500870     
   609.600098262898     
   25.8613839732039     
  -723.783504755415     
  -749.852909064418     
   37.2910444103933     
   929.581994510625     
  -371.294867062247     
  -360.083140875935     
  -242.453371098914     
  -502.056455955644     
  -476.781503988904     
   499.694409310480     
   276.881296383899     
   459.851921775385     
   692.130021491276     
  -268.810887841137     
  -51.4796691088241     
  -2321.01300017304     
   878.257937706684     
  -589.250097390787     
  -781.248826649115     
   1005.59920603620     
  -1092.94275683428     
  -158.071231321992     
   413.414187091174     
   157.580029985738     
  -825.853368661597     
   134.413489737222     
  -721.047137659450     
   1144.46071485770     
   192.095752287935     
  -175.895064832758     
   24.2245166540568     
   487.024928002602     
  -707.885522816964     
   108.904004266638     
  -905.307909437331     
  -252.435431692016     
   1090.98608847375     
  -242.441961247764     
   159.158200383198     
   587.326320380576     
  -3590.17896998631     
  -764.609677003423     
   150.117253328484     
  -396.778913815987     
   12.8065612690463     
  -279.892188036984     
  -87.7780423736144     
   250.033885459501     
   694.217663101912     
   50.2321203060571     
  -111.146596024453     
  -2385.23779464948     
  -4613.67862612340     
  -2019.59194393775     
   347.192067610944     
   1619.23577749866     
   808.286427114352     
   341.137855980615     
  -1242.28238005202     
   545.430535614672     
   2366.82444602985     
   1166.18126614615     
   747.381376396028     
   1502.53356724779     
   1200.47281492170     
  -1934.25023394533     
  -796.117338770044     
   905.316633691942     
  -1552.15551499740     
  -1191.72259263626     
   135.618470666706     
   649.542984370876     
   1498.85048049463     
  -262.220886447581     
   490.638835787167     
   685.140613903145     
  -206.333908819826     
  -53.2078886462967     
   944.042195592571     
   488.727595196060     
   898.788986101265     
   470.024114243208     
   1097.50036831496     
   2627.34951002135     
  -924.034906014750     
  -757.424807855672     
   252.525623094599     
  -1614.61466223152     
   3221.27023489566     
  -1316.30184528051     
  -583.846243353320     
  -77.0202888521523     
  -1738.24140629317     
  -772.075816427996     
   835.543844166190     
   1565.32892513567     
  -348.080273393885     
   109.651542949734     
  -29.6197918029187     
  -372.887433603028     
  -584.616562979939     
  -9.52669844553495     
   242.207339640282     
  -877.210950965848     
  -23.1089840461933     
  -2216.92336554597     
   1902.62801051320     
   1621.96135379960     
   2278.27363820838     
  -3.28082982854403     
   1371.64703468002     
  -907.845618773696     
  -990.174638659566     
   100.440883009324     
   785.750240662251     
  -1424.59649463774     
  -877.432059648292     
   1998.66279881749     
   196.552455673520     
  -446.345543325441     
  -1585.03007009720     
  -910.236193973445     
  -227.639030149453     
   378.711899374073     
   524.393504006622     
  -251.985936100337     
  -606.455375828170     
   1166.44315701511     
   363.677897629465     
  -74.9494560057841     
  -1775.33392192978     
   591.543482394943     
   4137.33671402550     
  -1123.11574515166     
   744.990292357901     
  -741.682808307952     
   216.235024763414     
   1682.77154186132     
  -513.570992658071     
  -1919.15596719709     
  -692.319701523396     
  -2427.11145914663     
   1079.09553268002     
  -361.448729830309     
   373.458474134549     
   174.770732270418     
   1725.26593223612     
  -538.682772569724     
   1222.53341793852     
  -2580.60979969301     
   757.439372857497     
   853.904475021800     
   248.520673595492     
  -1136.05759627548     
  -487.960666430337     
   592.345375887807     
   355.229632512448     
   576.825273857870     
  -535.569599505259     
   559.357017903702     
   873.407275460241     
   1062.23240257905     
  -420.000245788729     
   429.102480386707     
  -1457.33513987589     
  -1056.71247111194     
  -223.735691476189     
  -14.7679975081078     
  -402.635132717099     
  -795.416200480436     
   2115.95131491208     
  -205.869934164777     
   1409.72016022592     
  -806.402891596645     
   152.494648163599     
   585.606933653074     
   79.6729165575382     
  -1720.01370497149     
  -344.817198780911     
   768.780794441828     
   608.418091271759     
  -1.27888015107692     
   763.560548679533     
   676.086446189180     
   1026.24522901002     
   917.849818903643     
   46.4473847783067     
   765.981489375588     
   746.258520771960     
  -359.179368945805     
  -772.994008157285     
  -3047.83039656953     
   1585.90917692605     
   333.066857281214     
   414.227358555999     
   2096.46569504187     
  -566.554464968331     
   200.914370610171     
   1322.52855208252     
   1272.80635218268     
   957.964788070486     
   52.1492355015483     
   2040.46034841080     
  -924.488340334966     
  -731.460150841059     
  -699.623320749678     
  -95.0161632993036     
   406.286160091842     
   916.397392243415     
  -1775.23944412471     
  -778.672172879347     
   1447.64764314890     
   806.501275550707     
   944.849988427708     
  -568.085698137362     
   4584.93149149831     
  -66.4256516479030     
  -676.934162343593     
  -494.113774483036     
   179.107901767226     
  -49.6802500298854     
  -673.284412581844     
  -108.069124528744     
  -56.5463192123517     
   21.0433702994070     
  -245.036756935676     
   381.293879058894     
   90.9763391839541     
  -5.03345540355133     
  -1013.69339842875     
   704.484655740790     
  -117.187103198776     
   614.934217966717     
  -349.381525217119     
   824.324237117597     
  -1692.55502922246     
   422.926972175971     
  -1118.89244823141     
  -704.445403377540     
  -28.4024254923149     
  -1895.02992817081     
   1109.65568547652     
  -502.344322261273     
  -218.375150124845     
  -99.9223511685243     
  -250.866005418837     
  -1217.78518553354     
  -11.9380850274767     
   55.0722565765524     
  -166.713292957786     
   49.0758472320767     
   229.539474037652     
   592.361894217430     
  -1261.03219147685     
  -312.873039237239     
   699.346243376073     
   614.143297446268     
   171.760972393304     
   48.7022714615518     
   585.351896675762     
  -749.166951089038     
   382.676460365725     
   630.999291289783     
   141.838353979004     
   456.461737548943     
   270.891773093310     
  -422.700229003837     
   12.4523430228722     
  -523.479202002107     
  -189.706869732824     
  -131.076933152242     
   255.320375606732     
   20.2145154978205     
   147.652370349225     
  -113.737607373921     
  -240.679069059211     
   16.0922951615514     
   99.7493694377999     
   596.548336121687     
   6.39208762551796     
  -412.865660457379     
  -147.311382050458     
  -430.527079058033     
   96.3276701566485     
  -218.013237318880     
  -1383.41181855782     
  -262.459080961964     
  -77.8119124037543     
   419.540674743725     
   1260.38023756905     
  -4092.90473120614     
  -594.796843281286     
  -454.982749584942     
  -1746.55529080251     
   1201.72605652787     
   169.746703867415     
  -472.664204255010     
  -36.2600616816078     
  -558.586267797725     
  -18.0090062410420     
   70.6074221928023     
   986.068879290809     
  -1221.22945033108     
   60.2567018691958     
   53.3814219970831     
  -314.554273837165     
   690.594232486325     
   107.449226685346     
   708.813811871435     
  -778.828503401117     
  -700.190042028785     
   547.817102524067     
   2060.61184997506     
   684.600721994866     
   317.553983619174     
   1412.79271705165     
   123.150362210670     
   205.719499479522     
  -1321.03055211539     
  -138.417149825428     
   192.168843148192     
  -173.730085112637     
   167.222376701042     
  -339.338023941960     
   437.892853515050     
  -488.117565094978     
  -746.127973961195     
   260.990750631908     
  -235.113506304457     
   578.703349578593     
  -342.681210103687     
   47.7553902977052     
  -603.491284718987     
  -168.066352794495     
   431.939688876134     
   589.482977755571     
   274.754173574310     
  -417.769561201880     
  -1332.02673731684     
   306.105537335207     
  -61.4176684354978     
  -385.674377497522     
  -1153.47534765346     
   50.8339897326834     
   230.628868725650     
  -310.208350088148     
   529.507896541026     
   124.409123980527     
  -132.638864176319     
  -442.847862522759     
  -48.3466967762714     
   226.608669890222     
   181.592615213311     
   265.952143457076     
   647.258891294332     
  -138.817819555305     
   314.923160822954     
   43.8943323337029     
  -784.358065824935     
  -89.1845601753514     
  -235.426201049493     
  -706.309267379022     
   239.265380325355     
  -424.323991921463     
   979.951511209407     
  -1014.82160438277     
   106.488470206915     
   497.988019161089     
  -221.443904947174     
   477.392283735655     
  -219.831034611926     
  -189.059592018557     
  -315.964161853027     
  -2018.86233214471     
   630.130210951250     
  -637.029431578535     
   509.876101013059     
   403.262612796551     
   168.512274712344     
   648.235486419185     
   1965.94041459727     
   59.5712767180656     
   290.695523283760     
  -41.6102198248573     
   509.032068964038     
  -361.677265299363     
  -1235.65683154622     
  -414.420948234791     
   1617.26635181315     
  -1026.04740658011     
   438.780994279857     
  -270.665635104161     
  -32.9454687035771     
  -77.7957571356756     
  -117.533390060387     
   103.868193668403     
  -38.3816951676499     
   650.052876365941     
   1226.47703835280     
  -144.630747701009     
  -1381.25671734292     
   660.052464182061     
  -358.046970585617     
   1021.87095376660     
  -251.075648332823     
  -191.043552632002     
  -241.332158651446     
  -1074.23956870107     
  -909.873395310981     
  -60.9387476961078     
   589.910997101103     
  -8.57438467616430     
   521.648783993724     
  -385.396948591136     
  -247.828479751682     
   4.40090559708378     
  -37.1156973696599     
  -152.110758310943     
  -352.962030721909     
  -343.246956019277     
   256.600772790585     
   91.4965454086392     
  -32.8188803731012     
   678.706108409900     
  -32.2246843829073     
  -192.763203266551     
  -32.2327704969948     
   134.499245000435     
   245.052593315043     
  -513.948390159555     
   231.503035075385     
  -79.7185901706136     
  -607.682528978151     
   77.4240570677148     
  -327.749797391085     
   804.779899797721     
  -360.882117507215     
   135.658348347803     
   87.9463677731165     
   449.258107104957     
  -467.033619048661     
   787.494460486465     
  -280.118520466953     
  -1497.28858368203     
  -235.051962748999     
   279.783096818773     
   179.794634299530     
  -1005.62415090215     
  -1460.94769154242     
  -173.941646992916     
  -147.128842022801     
   15.2554992587599     
  -1366.42949992058     
  -212.418067039192     
   219.962505025008     
   1108.09086959231     
   473.404127119143     
  -13.6145021909931     
   2024.85821168306     
   108.144630023631     
  -1510.16826044398     
   148.839927781036     
   88.3072719082514     
  -187.713620785845     
   442.380703271319     
  -53.1674183657990     
   578.240273310943     
   9.39935126539820     
  -907.587647234516     
  -67.6208293974831     
  -206.977644545343     
   83.0365722270310     
   3556.70804396853     
  -63.4814282327147     
  -86.2080283090271     
  -329.625201566502     
   89.8381072957632     
  -157.603746919391     
   2179.96726196336     
   146.772641504687     
  -35.2613060030721     
   168.751797420155     
   96.6828855721380     
  -106.922964652746     
   117.327918025142     
   1177.96668908942     
   1794.25758524980     
  -36.7963742532685     
  -323.840007843375     
   46.2272801875511     
   16.3999919703761     
  -722.691554850190     
   1856.32325356575     
   1872.86118894765     
   629.473467664305     
  -72.3462702973119     
  -777.182273345564     
   1200.22211916649     
  -129.370459997912     
  -181.271373419790     
   607.570475354764     
  -1126.74373009869     
  -1396.05528378801     
   995.035575876810     
   390.976549781025     
  -1480.87417351145     
  -1206.38056607928     
  -291.443262736806     
  -201.582181295355     
   17.9356465688213     
  -964.844246932889     
  -386.323052193461     
   321.670910951398     
  -397.387750747683     
   658.883507012415     
  -503.452350520150     
  -3729.34608057366     
   65.5686264527245     
   83.1779731313739     
   273.158002440833     
   247.914215753580     
   95.9670537232693     
   40.9634042024238     
   1024.92320484565     
   382.388537843070     
   29.4774290271135     
   30.0817865615741     
   199.691789537873     
  -133.277846610991     
  -821.183842680894     
  -33.5429891428969     
   15.0346758258466     
   384.099264322813     
  -517.551872985895     
  -40.8047086680640     
   384.703274449438     
  -74.3551401377360     
   200.039884241538     
  -130.493852926164     
   38.5166681386382     
  -70.4292910449495     
   59.6734566923653     
  -46.6696578689619     
  -236.081129617592     
   201.767642800101     
  -105.851322659460     
  -6737.67635523295     
   58.7777899167030     
   84.5273044825478     
  -39.3294338400189     
  -97.7241979545900     
   85.3198364804467     
   668.605275893875     
  -2679.46541670722     
   2013.57242957614     
  -204.973797873078     
   436.535942324469     
   2993.67121634934     
   1420.86761403107     
   1058.16637694177     
  -2369.93137463295     
  -157.988234159963     
   1866.95347110553     
  -2760.78327115883     
  -27.2979246224579     
  -695.207510328883     
   4355.22282375938     
   19.4251450140381     
  -1404.14791050540     
   2341.29747261638     
   877.477996612942     
   2391.30577602800     
  -2178.95960414936     
  -3647.13383375977     
   554.528543686822     
  -1690.76355300075     
   2899.93187359262     
  -874.161501025164     
   3016.92898308972     
  -57.9960673995311     
   599.808669804093     
   661.369275865914     
   1761.86712282331     
   1044.86385567354     
   2048.96815654756     
   1611.80713288644     
  -1387.66227568734     
   858.482763059728     
  -1169.68539984869     
   1868.51319421698     
   479.970126947362     
   4236.12209038539     
   821.950690198891     
   1811.02768997427     
   859.877752097626     
   5289.08549815949     
  -635.308298169040     
  -674.789903115301     
   2194.17204590972     
   2270.78408850021     
   1253.10821038280     
  -1642.22581327645     
  -97.9987974647420     
   1391.68067725324     
  -1302.67318663899     
  -1796.21272969877     
  -572.766220388998     
   1451.43044437920     
   486.150559547334     
   83.6412101158392     
  -202.118949618763     
  -2560.02658075624     
  -158.360009311610     
   531.882867620972     
  -1482.12478004946     
   998.262325175849     
   733.783357686719     
   1129.85274894078     
   3034.38240617812     
  -528.302968085189     
   595.059308185954     
  -2639.62873389085     
   2901.41687699543     
  -24.5820225804089     
   1384.23372337333     
  -1414.35086233623     
   2547.16367736450     
  -1042.56483505693     
   1300.53263721434     
  -1576.69171391559     
  -1202.91416062987     
  -1438.86790186432     
   1103.22058450295     
  -1387.05364527371     
   1044.87313101481     
  -1501.76643726775     
   350.817165286546     
  -2025.27617169520     
  -3960.34195233617     
   2579.75990501783     
  -2712.93682952309     
  -1100.44205338478     
   303.824088277875     
  -246.229873107484     
  -2003.39752220238     
   540.826567118646     
   845.476636976719     
   3125.41725464304     
  -35.4386808346419     
   216.530859271770     
  -1259.28813408444     
  -250.687411703082     
  -23.9545290977638     
  -771.840220894297     
   1253.81384506194     
  -2855.53239168688     
  -3770.84598303070     
  -855.511876021936     
  -131.914799129466     
   2997.23081695238     
   474.601500808028     
  -960.407111885731     
   825.937649395527     
   1855.67962555830     
  -323.533772922856     
  -634.018288783765     
   1206.17466342871     
   4.48785083518169     
  -1233.13700204499     
  -506.500942274633     
   1101.93426216505     
   683.818528120270     
   2663.84270806367     
  -5042.48525103881     
   278.682178475155     
  -1367.64111745996     
  -4617.01464934667     
   784.443770758833     
   1737.26513944174     
  -3651.20879394110     
   4088.41841909242     
  -2641.51422141670     
   376.093064597258     
  -1793.05814365449     
   2809.59858371791     
  -695.719347389526     
  -4865.44426636424     
   3619.92188024695     
   1849.63202598460     
   1982.57127993829     
   784.371992096416     
   1740.12831412947     
  -3262.89019035582     
  -580.002568274146     
  -923.055499798186     
   1497.41844852582     
  -1253.30504896272     
  -1352.78807981032     
   1068.01764312582     
  -1407.61098226956     
   1173.76394621853     
   299.490819056283     
   1790.33497760750     
  -1856.61252266833     
  -2858.24520552619     
  -710.895342684152     
  -159.258858801522     
  -776.699193754003     
   1272.18922835467     
   1180.30150830792     
  -433.537928469365     
  -1639.15002362603     
   2681.48768863673     
   682.052387956760     
   1184.31490982008     
   35.1605436443740     
  -1857.16295470727     
  -2468.20655953774     
   144.365877000847     
   2651.10827342976     
   2161.67377199236     
   2729.24116751010     
   2447.49105719147     
   1626.75184213909     
  -221.016974837745     
  -74.5567538184721     
   1627.50620379750     
  -426.819602172496     
   2460.72519828880     
   6.19579843680481     
   883.787921166629     
  -5166.96338776450     
  -236.859327051116     
  -2986.75365548318     
   1361.89592121609     
  -771.011301215316     
   48.1827324228530     
   2047.65558936696     
  -3213.02881855154     
   976.523188573148     
   1954.60301630362     
   1124.91027300490     
   1406.12560063709     
   60.4411499468138     
  -446.158277579209     
   495.767334020485     
   378.215020569250     
  -289.681551843840     
  -1189.78590499736     
   3668.23430987431     
  -644.652677651674     
  -302.258646224146     
   2187.95130264250     
  -1068.48112724127     
  -413.502248145681     
   1536.73345470525     
  -305.896479244515     
  -233.542531713634     
   2454.57523654250     
  -675.079835002199     
  -542.335011725032     
  -803.087819135271     
   2407.95022717341     
  -1679.30512285592     
  -949.663169445774     
  -1631.34918051721     
   1784.74893204620     
  -1036.15264256203     
   4088.97434266821     
   1354.09419758052     
   131.916544485773     
  -1239.21127217506     
   1879.15910153139     
  -1035.90063612080     
  -659.312740138642     
  -3365.29357501949     
   938.046732362332     
  -36.7950270396802     
  -1268.09740752724     
   2419.23129884309     
  -550.180485824210     
   892.602519080506     
  -474.733843216971     
   1238.37911441681     
  -3882.54484424634     
  -2197.90300180323     
  -633.307804928083     
   2480.16816544586     
  -5801.53692415544     
  -1865.90482643861     
  -2728.01188862989     
   1365.00441243382     
  -3527.39406469922     
  -1483.72558305881     
   2156.51032718120     
   1161.35353827150     
   787.505495759499     
   3936.62365933981     
  -1961.69881815319     
  -493.422068928940     
   2161.71014548839     
   202.559131289727     
  -500.480124968942     
   50.1149312989185     
   1544.78341821253     
   621.460146417659     
   1972.26407274104     
   653.062543402053     
   71.5652041318658     
   319.730699017915     
   3620.50364265260     
  -1244.60771374377     
   1430.47858336367     
   960.563651753267     
   1748.07848130617     
   1731.83894960246     
  -1259.03886941850     
  -1188.48159207432     
  -792.327738757618     
   2701.19514012698     
   2228.63762746200     
   1157.33396194976     
  -514.818068396215     
  -2265.12742004898     
  -1614.61529438463     
   574.980491742956     
   506.020823425319     
  -34.5165211927183     
  -1312.40892733740     
   2272.62779761141     
   1714.45841590159     
  -551.023256799884     
  -1203.76641979971     
   111.236824905656     
  -397.849685512857     
  -1674.06755737812     
   1179.73051614483     
  -2428.20523130562     
   1196.09567983174     
   556.293228149614     
  -189.232605393797     
   580.753760575918     
  -1185.01594726582     
   3460.75714058792     
   1856.10266526610     
  -988.662249852102     
  -4237.32225280403     
   570.973909997377     
   3427.90548542827     
   2164.63140990697     
  -762.109392443015     
   1183.01082868835     
   905.512865627741     
  -1550.69052199138     
  -1933.32557249408     
   3556.12521676657     
  -254.352686612354     
  -1586.56745990789     
   5076.99721316770     
   872.241942263487     
  -425.390573506252     
   999.152134727814     
  -1335.01906580340     
  -1691.22488939668     
  -1492.56255095526     
  -2758.72418263494     
   1100.07907418286     
  -1730.93777462528     
  -207.984113200420     
  -178.759463959233     
   1355.97381481152     
  -1001.16286247974     
  -1263.78739906965     
   2709.63154541993     
   706.544597508027     
  -3930.33112734526     
  -790.375666606304     
   74.2877111171137     
  -1287.71022687621     
   2022.62981609418     
  -614.414839632618     
   2455.15449838698     
  -890.978221357473     
   1783.47591948840     
  -2379.01475380604     
  -1136.43708339376     
   150.113439808840     
  -1267.63428472404     
   111.460507856760     
  -1133.87512065071     
  -573.829154320978     
  -354.919536097463     
  -615.164353672302     
  -3540.94011343288     
   739.993860316618     
   849.974254251411     
  -2009.83707479472     
   1830.00695678726     
   559.465191537059     
  -754.200426077674     
   233.981637065289     
  -2755.58545973374     
  -2186.05985059808     
   1574.58216058855     
  -250.652433070791     
  -3360.34534543400     
  -1674.60523452784     
  -1454.15387385819     
   1198.09582073964     
   910.408066259877     
  -540.729974968761     
  -1043.06140510947     
   833.705502232652     
   403.482835235539     
  -244.075729581273     
   1562.39563151110     
   1287.46799678890     
  -1313.36513555413     
   874.995993412845     
   438.870809509279     
   1167.83447181799     
  -825.823126965056     
  -1044.81779079628     
   626.204512748836     
  -1312.90312238175     
   92.7698006062045     
   2492.46090651812     
   1147.25169813707     
   1904.74929405181     
  -2909.55147921084     
   230.194730061828     
  -449.974707086462     
   1249.04675658292     
   698.230039577711     
   616.575348966778     
   1497.87177022319     
  -935.371800108202     
  -1798.60995179565     
  -3586.24453032885     
  -4896.97110729943     
   4162.48844891758     
   1026.26691210627     
   274.642817785637     
  -205.829868550885     
   2612.09940798424     
   2739.29297173579     
   3780.99892290893     
   2208.85903923694     
   2422.11643914985     
  -65.5705038197685     
   2888.06190783323     
   2612.06935375446     
   919.942166316338     
  -2086.21616143856     
   902.566411639640     
  -3484.59006334017     
  -3413.70897219020     
   1305.69096263200     
  -260.752548575111     
  -1751.77707049263     
  -194.006456711582     
  -3058.27048359384     
   1671.16332886847     
   887.619105164971     
   61.8533588366661     
   913.478547420500     
   370.417836658866     
   684.115002040081     
   354.472765579085     
   77.7372262784451     
  -2088.82638789907     
   1525.64614439086     
   1620.78291200783     
  -2854.65391664752     
  -2405.86864045279     
  -1400.77766608862     
  -709.547234300717     
  -29.0988978354433     
   3898.07871674087     
   1930.69148035675     
  -530.650790484257     
   239.348051968431     
  -1233.69314251884     
  -594.119770617558     
  -2358.81147404352     
   2808.70879917205     
  -2235.34307195955     
  -296.273295263192     
  -349.937199612441     
   53.7186793427541     
  -167.898204938187     
  -959.473378200358     
  -1372.52105437419     
  -2774.21213160146     
  -2134.45000678955     
   663.906988419367     
  -2728.34373611995     
   5615.21920097469     
   261.937183324416     
  -1550.37211761661     
   510.489758408380     
   415.198377720109     
   3856.48094683155     
  -595.856743587844     
   1611.76678037274     
   1356.51840483610     
  -1125.26717068967     
   3140.70839772358     
  -2670.36797653018     
   104.118461769344     
  -1369.18316730456     
   284.065219744992     
   3649.55546835075     
  -58.1478629987660     
   661.288681666887     
   661.641008318596     
  -4121.38067066447     
  -850.277762006701     
  -562.186535059478     
  -713.202358771749     
   1730.94325365123     
   1284.37967096120     
  -1083.99673703702     
  -354.422520326600     
   693.265467585121     
   1126.14041992346     
   505.643280934866     
   2172.79301379795     
   2561.07116118913     
   1229.69324386225     
   870.727866785769     
  -1904.53268512627     
   659.700189808025     
  -125.647741611674     
  -2604.40399210182     
   356.976596617376     
   1286.91285442612     
   530.789504556651     
   2439.13097180295     
   4559.61071723158     
  -498.711323176164     
  -1063.63507877281     
   4225.92835622538     
  -639.630662006267     
  -2901.70945891223     
  -2930.73389384582     
  -1414.92695203494     
  -545.566466250876     
  -807.030942844894     
   1762.70487514193     
  -620.226851886604     
   603.115291864705     
  -1086.58937835796     
  -17.3345764036793     
  -828.839689705707     
  -833.678754530267     
   58.0240051020685     
   4371.51274781655     
  -1082.60126777476     
   590.347069702672     
  -1073.33276275180     
   882.235288974196     
   2023.13343108942     
   107.525734994173     
   645.076177770299     
  -556.297033037329     
  -1823.67648493948     
  -1475.78588664165     
   5288.40280850129     
   1222.62220852016     
  -2099.57774345590     
  -1461.42346563175     
   397.677060539972     
   338.451025329054     
   1723.03256908139     
  -2142.26619928070     
   2744.79544675760     
   258.089128691505     
   82.9253728002152     
   1138.66644156883     
   2309.45102069641     
  -1114.70103586182     
  -3127.93731919474     
   56.4386870494680     
   4973.20212981874     
  -164.649308132850     
  -3335.92103618691     
   4018.40815222932     
  -553.165256204860     
   1913.79319207153     
   2278.41962258691     
   3133.60519397543     
  -1713.43005684197     
   888.614745021215     
  -3356.89325525587     
  -3903.33504204261     
  -1696.35844374976     
  -223.762919789704     
   587.959673335385     
  -720.652598706196     
   61.1983096496635     
   311.471321590549     
   1578.00772709535     
   3463.85746936034     
  -1395.27579972364     
  -1413.58561672812     
   196.262899618567     
   265.948579940448     
   136.907475323552     
  -663.767023309558     
   1005.42757801726     
   2373.70654770557     
  -2876.50980991034     
  -2165.48495243763     
   29.7745520158608     
   602.674354696295     
   288.412077970361     
   742.960172089410     
   2818.82554683935     
   366.467736265911     
  -198.655760864747     
   861.093545568585     
   1204.46757526158     
   1672.62209415137     
   379.484700162503     
   1449.56731952599     
   1137.18778416959     
   3003.62588609763     
   932.555136499336     
  -270.938063776171     
  -88.9235361955302     
   1781.59984132992     
  -5279.39143383526     
  -389.781098843484     
  -2750.85793223566     
  -3083.84157691923     
   908.801448076979     
  -2335.54936424525     
  -567.288170677642     
  -1584.34359380757     
   1362.68602504059     
  -180.504454882341     
  -801.573290031788     
   1081.62820721395     
   903.574073728469     
  -3107.46560274718     
   1301.13053298291     
   1243.88233739455     
   2509.65014871366     
  -1562.76698293594     
  -2071.70767595636     
  -2711.75262985697     
   1370.34137269090     
  -25.4445618527341     
   166.201576776425     
   1354.73610208484     
   1579.79122616423     
  -1290.92264603430     
  -2745.71329968579     
  -892.023186652456     
   2887.14967491365     
   3341.56243665454     
   1914.14309379806     
   1456.59596159171     
  -4702.75682537162     
   706.770821303297     
   1323.45844345034     
  -1985.04698927482     
  -2464.06638366651     
   1180.23743563787     
   2829.51805576784     
  -1589.93681262677     
  -1852.58422969186     
   2338.51191215185     
   317.874366458848     
   425.710928564898     
  -630.138835374467     
  -776.672748399659     
  -3408.17376003484     
   584.645093198795     
   2674.25202537013     
  -3468.53987628463     
  -269.477434406567     
   1968.03276641062     
  -3737.91670386647     
   4404.96771440035     
   247.621872136483     
  -137.176339015449     
  -841.321805366933     
   1816.04216497737     
  -3460.51484680148     
  -805.060015848685     
  -3460.19695028407     
  -553.993991304825     
  -4246.27218420564     
   1961.69014828092     
   53.3521233539172     
  -4513.90880010477     
   2568.45599771449     
  -1230.31651814000     
  -3852.70413494604     
   1764.59085553905     
  -652.489127608067     
   617.683177595972     
   230.294737468985     
   5658.53350364608     
  -1925.93471102396     
   2187.70410253651     
  -2886.63754237412     
   1225.31791400027     
   90.0709821534037     
  -485.188501103259     
  -786.540956627626     
   2752.31211326511     
  -106.842021262491     
  -400.507210215618     
   2513.98648238881     
  -1567.83242776679     
  -1316.56286361663     
   577.997618569318     
  -912.838579452957     
   2135.75101005841     
  -1481.83799743175     
  -3165.13466546043     
  -336.961288590315     
   1361.56009757805     
  -3871.29920295347     
   581.071111122419     
   78.5586436147681     
  -683.716041840021     
  -365.162776550107     
   755.455485579385     
   2220.35949423970     
  -152.353609705731     
  -1025.81027526167     
  -2003.01969532465     
   1108.90685555078     
  -1164.85416069679     
   1202.45349528740     
   687.304627823048     
   1629.10626307345     
   2370.54272488577     
  -863.317871508481     
   365.635906276428     
   274.837201312479     
  -336.072789253539     
   1346.21956660391     
   284.952114295917     
  -2844.90186387834     
  -2133.32305866898     
  -2565.56799688645     
  -703.835028849769     
  -967.154211812742     
  -237.582849082840     
   1797.35033903505     
   2822.91242744270     
   2223.34976175266     
  -2966.59637213628     
  -1502.44455179158     
   3913.90870116221     
  -487.017555405408     
   1816.89336983670     
  -2114.22229168309     
  -2609.74043186992     
  -93.7622035332932     
   365.001731396833     
   690.075840796299     
   817.744377790263     
   1005.27955022254     
   536.424111445040     
  -3456.10074825331     
   736.256750689182     
   1060.07899432881     
  -1237.12459555909     
  -372.859858554810     
  -875.726740193729     
   134.730596662308     
   381.028196784311     
  -2682.39961909146     
  -620.611988536688     
   906.198710340013     
   568.684602243681     
   799.299817454144     
  -1537.92523157526     
  -554.545758151635     
  -1881.55200092367     
   2834.76476449175     
  -265.761343045351     
  -992.989562122858     
   1860.70780216844     
   3107.44089752972     
   2025.20252382952     
   353.181501833951     
  -226.999121234504     
  -659.481226962075     
  -3165.24967445648     
  -2404.55724692481     
  -874.207796756981     
   2256.76246196357     
  -142.448598379207     
  -1570.46390243645     
  -1437.32885478072     
   555.052262083722     
  -1179.34893418016     
  -471.158009626604     
   1116.26280811432     
  -1261.41052524585     
  -1346.97675984365     
   3682.56800472479     
   2042.96224205007     
   1014.28288262364     
   1106.25862074541     
   327.873254478098     
   2138.91639652517     
   3063.45148801944     
  -1474.80106017884     
   714.147367083293     
  -617.549823984734     
  -1837.14645955167     
   78.0387916906334     
  -508.744404127141     
   169.955967641876     
  -1821.35259702143     
  -2049.28014288646     
   999.062777182798     
  -1173.93608336952     
   370.686729295795     
  -504.447676319777     
  -1502.06599385522     
  -577.928077790355     
  -48.3372828771724     
   997.853706443915     
   2998.14280482908     
   2248.67673518231     
   322.769997081082     
  -898.738479302535     
  -788.520223284298     
  -2429.88782807936     
   480.279424256825     
  -846.370554542351     
  -798.483170416041     
   1351.97830970560     
   2570.24537682055     
   1613.90777436567     
   608.469062727568     
  -133.189501632899     
   1198.08758980996     
   992.833047216840     
  -308.884639209579     
  -707.702638593911     
   2789.37266257576     
   1613.74914457819     
  -2442.14352360116     
   368.124681942782     
   1898.99996008649     
   732.791261951283     
   591.619834159464     
   1079.29415502635     
  -4315.84798436399     
  -3590.73202918959     
  -472.112018760309     
  -1106.21156572565     
   1813.76729041633     
  -5392.63796556177     
  -611.825015231464     
  -3063.23726711240     
   430.651736958500     
   401.828903864795     
  -1663.95592977758     
  -947.774077121399     
   1061.81190490933     
   124.419497486291     
   1029.12703551231     
  -1686.07052463880     
   549.468660890994     
  -1682.90770240682     
  -409.798887630609     
  -1563.31415709406     
   2313.20694097768     
  -578.782550442419     
   682.875981757859     
  -289.710805538086     
  -888.338803336523     
  -112.133920573378     
  -2598.98538958321     
  -125.934175141761     
  -1317.44771355861     
  -724.357825337984     
   250.508821096099     
  -1701.54032064777     
   21.2642787303225     
   51.5562047826635     
  -476.929408079801     
   4673.67638044385     
   690.188130406081     
   507.310079658018     
   1481.24323886719     
   1597.59998121759     
  -764.987732800674     
   336.884920600879     
   1684.97527767957     
   151.810713462060     
   2551.61641707913     
  -1392.23201248768     
   2659.72611170250     
  -732.285429105086     
  -2339.44744704174     
  -4735.04077936631     
   4239.31348478097     
  -2187.70444798555     
  -817.029686922587     
   2923.93718031304     
  -807.976544474391     
  -449.631871290400     
  -1200.91333025275     
   983.433514820854     
  -243.443001148953     
   100.578843854617     
  -671.642545432325     
  -1355.09673599438     
  -174.245478312668     
   2847.55648232845     
   1286.22324730568     
  -762.459218546007     
  -1726.30042827829     
   61.7568246236241     
   1920.92001084310     
   635.459208017848     
   1085.80283937303     
  -1887.25488236262     
   704.304407256116     
  -543.145918213547     
   1732.23546985431     
  -214.363460825238     
   1404.40204934885     
   1945.03085347024     
   1244.96808317973     
  -691.895669348277     
   790.962089086414     
   1776.92332965894     
   288.176517289074     
  -472.377275813110     
   1535.16803170628     
  -3227.20724361475     
  -1243.44180150982     
  -1494.25247843517     
  -1481.01020534204     
  -742.545252242351     
  -426.323687694287     
   803.136020138406     
   3301.68343276640     
  -1090.58086195345     
   2759.01347890077     
   2481.88855276722     
  -2050.67411882311     
  -582.060633964799     
   1963.04969258382     
  -1143.56325967601     
   3445.31960449918     
   723.130966993955     
   410.642012629095     
  -377.230273580583     
   27.3900718935377     
  -1764.16817875033     
   1443.35148311757     
  -689.799025471028     
  -2422.16932321974     
   1035.61484688745     
  -219.651953474517     
   1087.97549419286     
   485.196244132135     
  -1273.91696768289     
  -2631.42188405412     
  -292.670413081833     
   3834.42394094773     
  -2021.86806526897     
   4591.40717226191     
  -4912.31674138361     
  -868.505497528552     
  -1148.13032799927     
  -701.483676188047     
  -1603.92068234540     
  -626.261148989539     
   661.380181981566     
  -1071.48322604317     
  -2451.94158454445     
   1393.93802772241     
   3510.72865261378     
   1351.22188631612     
   1157.48200051622     
   1720.28683159622     
   2120.47611418810     
   3030.05077152939     
  -1645.91766107179     
   31.4043096776716     
  -4889.32020291731     
  -1846.01295494921     
  -48.8954751258723     
   307.781461957100     
   77.6231321255147     
   920.105718567932     
  -1777.66035127707     
   1140.90150966521     
  -640.150679006341     
   314.387411598889     
   656.744514269197     
  -694.119656039662     
   439.732289496811     
   1532.87220362660     
  -2415.81843640745     
  -2436.29696810310     
   35.8849798930949     
  -721.127959071322     
  -3740.49626752307     
  -4439.10467478463     
  -677.441244298435     
   57.2605085767854     
  -354.174822530844     
  -1764.35374195041     
   2029.11947089686     
   6094.06410902704     
   1326.57036189546     
   1337.31873008145     
  -695.394958217621     
   244.833302005147     
  -1679.96209783399     
   72.0902676200778     
  -2889.14322724579     
   247.325630330116     
   965.040009039679     
  -2180.27970635606     
   3888.33351100569     
  -4486.87343259875     
  -3339.69217834147     
   830.795527697020     
   2581.43527985750     
  -1195.58693831235     
  -2433.66013599558     
  -471.804819063441     
   1757.41851549392     
  -503.377713871305     
  -1580.12667381433     
  -2077.07359081875     
  -3366.14360756525     
  -688.716564464365     
   869.945148932100     
   1876.09865075240     
  -2120.78468862730     
  -512.813822852492     
   2942.20912211345     
  -2840.17209444396     
   1010.15432033617     
   2714.17290547446     
  -2882.59660638771     
  -1734.58472830117     
  -827.367312346974     
   3588.37995887772     
   134.916660608076     
  -1251.51118706792     
   2610.77780368310     
  -1328.90688613456     
  -514.425737615047     
   298.623765053807     
  -1036.12230105635     
  -1057.94669867916     
   1112.98441045373     
   706.017887937083     
   520.198206859412     
  -617.785741337399     
   509.069511172004     
   2911.03140001058     
  -239.508261225679     
   398.582090666000     
  -2312.20670374139     
  -1372.45553877556     
   64.0210225218018     
   1191.71695798319     
   448.644300344273     
  -2530.21668821539     
   382.128230135596     
   1644.83190151780     
   2920.41604221440     
   42.3587564895365     
   1675.82729403136     
  -1401.49783027731     
  -1559.85895511271     
   5350.83590246827     
  -1192.34558094933     
   3114.23362357777     
  -2236.23195375198     
  -2010.14865897434     
  -128.874920127144     
  -3000.30440466270     
   1115.05063528751     
   959.555161860477     
   2394.61578026514     
  -2360.62933908287     
   868.612394913806     
   1091.90280912314     
  -2549.30318278710     
  -393.780448391746     
  -1337.47217708520     
  -1279.31329108243     
  -104.551201526128     
  -2002.77100615326     
  -1015.54006916841     
   1332.41209991320     
   1242.17440225495     
  -1310.94840224410     
  -3715.16474863560     
   559.089369069589     
   732.454883503189     
   749.203374386263     
   223.220283689046     
  -76.4327565298340     
  -676.286694391495     
   3838.43243541722     
  -1002.64157568944     
  -1270.17773862152     
  -13.6264994935958     
   2475.54660876470     
   488.998382147978     
   1116.54323065040     
   244.515857981816     
  -4398.60883387119     
  -477.858031905090     
  -3638.04808837065     
  -326.624402603346     
  -2161.85196368504     
  -820.265752328851     
   951.059691217473     
  -294.172032547951     
  -171.046688102478     
  -1165.81839501833     
   1493.45623441413     
  -1313.10347523805     
   5028.15223285943     
  -264.127676767109     
   2146.13799655498     
  -4873.85719585452     
  -1687.50294037521     
  -20.1780794320054     
   2683.60933994885     
   3844.60596468715     
  -2182.96886544149     
   854.586689849293     
  -2170.10266168746     
   898.966165970688     
   1947.16632730182     
   349.481191684411     
   16.2398707445673     
  -504.802183879366     
  -3582.74102947300     
  -348.396214443461     
   978.852432162036     
  -919.928773340037     
  -2494.49638771659     
   4290.75556137016     
  -1904.81397787705     
  -917.744521399863     
   2748.38876944400     
  -2894.01984377484     
  -1204.51209697360     
   2652.46562015642     
  -991.072624974378     
  -182.855813523641     
  -1989.90371576274     
   1371.35395690685     
   1439.59698742260     
  -644.653505434991     
  -1437.98329772278     
  -2704.84370945041     
  -743.808641124733     
   1968.96957926146     
   1913.67601980072     
  -1791.49239082231     
   183.178475895325     
  -117.003726106308     
  -325.383513575266     
   3711.09655717858     
   638.674665872853     
  -3082.34712701656     
  -1020.60485574794     
  -1592.51448369887     
  -1344.23480602726     
   152.528933947294     
  -630.415493682536     
   1283.63317550625     
  -973.296219770055     
   1332.85034028160     
   2047.58560528737     
  -2026.67798723362     
   1082.78645964802     
  -1763.69601841016     
  -1275.74480965354     
  -2679.00247015214     
  -2112.29386298795     
  -914.403973039069     
  -919.813832005649     
  -1079.20409938904     
   3211.88036430970     
   943.434404523013     
   377.074342779202     
  -1182.87545118737     
  -875.775106740140     
  -1017.14393779728     
  -154.103359093567     
  -716.074846497746     
   394.631876249626     
  -699.050786992776     
  -833.913615744288     
  -643.992674361455     
   1480.50111944016     
  -1335.97973511235     
   1276.67962594390     
  -252.498641678464     
  -1167.56187999745     
  -1372.27732622880     
  -1205.26803427078     
  -1231.18364248774     
  -111.862840771238     
  -714.481214183371     
  -1427.56804621249     
  -128.605866043474     
  -699.980633351549     
  -428.564038229731     
   487.921217298694     
  -496.426279847850     
   836.490758924456     
  -1803.78924175401     
   612.390551991578     
  -345.204887490138     
  -2417.02721858076     
   1350.03666414144     
   19.4208866231808     
   659.850104297965     
  -857.028006794677     
   4762.73567451970     
  -679.534955311196     
   1379.88393217265     
  -760.802463862479     
  -733.371227235259     
   997.936113188802     
   1087.63941700949     
  -883.388371830739     
   274.935277568422     
   468.363094667766     
   588.657900689877     
  -12.8953435426379     
  -539.390999285695     
   938.172903694380     
   594.522118915480     
  -488.694481251374     
  -1140.27139705673     
  -252.035059874717     
  -1370.80214308943     
  -1572.21066889357     
  -1701.85713666638     
  -502.195966606278     
  -2801.97193639406     
   158.892678356547     
   2864.97212690577     
   361.752427267319     
  -969.359777887404     
   1875.05471021134     
   1299.79855092325     
   539.455660003937     
  -1557.86897329420     
  -1385.71671063785     
   644.458216214885     
   65.7963353859564     
   504.986065400231     
  -237.594590544148     
  -1056.18718037319     
  -2129.94364353880     
  -681.316130194598     
   2292.62872257900     
   416.548520005768     
   549.954047380921     
   1214.86827305183     
   358.987512444004     
  -296.568978148839     
   1750.75772242085     
  -310.648896341881     
   591.428566188525     
  -460.196217919300     
  -308.660747251870     
  -142.638723363543     
   545.541460602753     
  -1905.34996916571     
   2257.84644862171     
  -654.034750711512     
  -1465.29520373123     
   396.550264159958     
  -2302.01327567524     
  -850.366148130675     
   1657.46085321879     
  -1642.52759036591     
   880.972879086731     
   2122.72318512377     
  -883.839111934265     
  -1364.37051531549     
   1301.75821412913     
   3061.08114293322     
  -106.505921147805     
  -1289.93718703284     
  -997.945657233289     
  -204.354720081464     
   3730.15417476965     
  -149.447987921222     
   882.219786448898     
  -557.984070699316     
   623.314094503431     
   1870.58856276789     
  -1392.14446104656     
   2443.25946273405     
  -1812.63555659121     
  -124.570416040332     
  -1596.10138466895     
   522.021698374298     
  -2452.44977484489     
   631.580134472385     
  -223.420920529671     
  -975.599424071542     
   70.0861986645802     
   3066.01730746575     
   3756.30775748387     
   95.8439859834348     
   26.3955216513319     
   810.436774316847     
   545.672240033402     
  -3538.08031192341     
  -3605.86788159991     
  -839.746933746213     
  -180.960155118075     
  -969.816062891825     
  -1289.02307850958     
   1196.19547135214     
  -271.793041372979     
  -440.101127236202     
  -335.654048198258     
  -882.601533294972     
  -822.173278511701     
  -1551.03855822148     
   314.861989922836     
   3050.49153666074     
   1235.82799407366     
   2913.61198703936     
   2937.88398730680     
   1430.26605598315     
   2288.99765593408     
  -458.656585338646     
   298.597859521397     
  -593.283114698579     
   2056.95842810641     
   477.528783127060     
   3668.38340391396     
   1280.83773504523     
   931.602028553721     
   251.842235362698     
   424.687178354100     
  -1584.02182982260     
   1434.58527418285     
  -2290.07617164395     
   2003.06336987779     
  -793.163912179343     
  -437.777987274031     
   990.814396101140     
  -205.528647131093     
  -329.143133597645     
  -571.038108901979     
   70.7433901441610     
  -2143.04178476104     
  -970.330761433240     
   2397.69845030684     
   805.585364283024     
  -3224.25793958964     
   72.8840602237983     
   2279.41255241669     
  -835.698151774950     
  -573.648940467725     
  -642.341100283447     
  -2363.33252262820     
  -2923.71473567876     
  -1686.68664349211     
   811.483683261461     
   1885.83523971866     
  -1606.93632470369     
  -191.168169357444     
   1685.83352685055     
  -3959.52154310067     
  -1727.57223825945     
   574.741954417320     
   872.655408742909     
   111.396004991264     
  -4671.32661525756     
   835.545752491042     
  -1270.99440460652     
  -1372.91869112324     
  -2335.35919406747     
   512.620982617855     
   4901.11022503523     
   69.8457908697470     
  -1264.84577827015     
   1376.27831723354     
   1111.50356501380     
   1471.39743103404     
  -1669.43829004073     
   1180.64636293277     
  -69.2532316398485     
   2161.11685165061     
   2488.76752411316     
   2183.17690196855     
  -377.696077769106     
  -237.112254556100     
  -1952.22079820962     
  -1573.75463912696     
   792.014464755041     
   567.005617304364     
   91.2661211267482     
   798.406422373754     
   2392.01107439208     
   158.246085624246     
   1300.80322134885     
  -2352.33519193393     
  -492.956486832165     
  -2526.08707910572     
  -1317.79964299068     
   3389.69391917558     
   1122.27899112113     
   764.440191624932     
  -124.180146497475     
   989.521205288840     
  -2550.89285002990     
  -1636.09032391521     
   1923.34256631020     
  -1468.94344913290     
  -238.684209620386     
   141.066103795090     
  -1400.59742178620     
  -385.150889395097     
  -220.983172409423     
  -1130.75582491651     
   1382.57138261895     
   1016.09320240120     
   1652.64008717156     
   313.019380702508     
   216.222356565985     
   334.359913254393     
  -1769.22760490332     
  -680.726690020283     
   1650.06084421974     
  -1109.29424577963     
  -2467.91181176403     
  -895.182753460335     
   1474.06928945904     
   1770.58005082997     
  -1611.13863554026     
   1046.41348032024     
   262.152993779690     
  -1356.85517827934     
  -251.137959767792     
   463.043436461035     
   3802.59875240325     
   1087.00290491650     
  -1510.40744756997     
   3154.00669469918     
   5029.94376634831     
  -1098.51276810843     
   163.328946467167     
   2043.03329296963     
  -2550.13205487291     
  -1706.13168993585     
  -1036.81111792186     
  -2377.04347851201     
   82.3360819668585     
   1539.06215180134     
  -826.794286520008     
  -5.32128187982028     
   1211.09088778088     
  -862.345156185409     
   618.914965220881     
  -1590.87416549873     
  -938.224024928423     
  -4870.82854548210     
   1994.23913216816     
  -111.199871755161     
  -1255.61914260789     
   1126.12902358839     
  -497.442836952934     
   887.201006009516     
   1401.97796555982     
  -777.524688598553     
   3079.18708278746     
   1189.78620237770     
   142.811755630898     
  -1099.83671969092     
  -1610.82423356716     
   2086.55996464416     
   384.302123112270     
  -830.057432807257     
  -1689.58196206561     
  -406.969644750413     
  -1628.78494400285     
   3383.08845091333     
   803.023681865729     
  -1244.71922450230     
   176.216027548452     
  -3092.33025012389     
   442.567127067214     
   697.453749303539     
  -2861.62550082277     
   894.936376142991     
   267.853568234386     
  -1743.63150462816     
   2801.78338747503     
  -1860.76003647662     
  -815.693431640693     
  -109.296582848709     
   2403.65089071149     
   586.206511133207     
   1169.64530160373     
   173.357700598549     
   1885.11440677614     
   1631.60471071492     
   1012.14165200352     
  -44.9449005589343     
   1437.88785470625     
   547.972136440878     
  -2710.98378257979     
  -1500.57509556525     
  -2259.01889538763     
   1353.42756246938     
  -717.487172924197     
  -1114.73742000796     
   1451.06665105787     
  -1575.68060888512     
   9.55984261101571     
  -1097.56122848647     
  -56.9282576029736     
  -1952.86082615678     
   726.730769349775     
  -4852.33786445177     
   370.671008789501     
   414.403625184838     
  -1833.08261190079     
   2399.84229353885     
   1708.56010668554     
  -303.488215200727     
  -1804.98038712545     
   422.757503283405     
   2458.19829229614     
   4113.42668549858     
  -862.411618696100     
  -1120.50527114921     
  -197.655753506033     
   2087.87017989618     
  -922.872516565362     
  0.974528457296458     
   1989.59677796090     
   236.061390483152     
   1480.98717292741     
  -1025.42778960462     
   159.194839850232     
  -517.760936025284     
  -177.177352065117     
   2441.77738172495     
   2706.30353242021     
   1563.61899316896     
   2923.75513934244     
  -339.171298130686     
   599.431540206956     
   617.599992613367     
  -1405.84540088615     
  -262.799600928366     
  -737.756543791567     
  -2312.64142123355     
  -1625.04955227088     
  -2145.41042702860     
  -1036.16535834177     
  -1452.85225518692     
  -223.913192927077     
  -867.875437219259     
  -2477.51170258086     
   142.895512548515     
   3225.35814604772     
  -1223.11919345359     
  -748.621283813100     
   2298.81663149377     
   2148.66652866642     
   1822.51563161186     
   2246.29838564354     
  -103.140287778624     
   1539.75725670161     
  -3803.19573965742     
   1278.69285838180     
  -1170.86729952602     
  -1086.58314184247     
   201.196794641654     
  -2322.69787245314     
   103.417790268410     
   2779.77874022915     
   3128.59064097986     
   536.753344284616     
  -610.449087295289     
   395.352987309593     
  -2362.86355955315     
   693.334877336556     
  -1005.79428367897     
   2352.21550637516     
  -1967.08861408903     
   1109.26198937691     
  -2638.69921156484     
  -2071.34377506345     
   639.848103044421     
   2251.76371632095     
   959.559267675363     
   989.292319252061     
   1413.25009148999     
   2203.71655535146     
   299.521303977603     
  -4356.89751166646     
  -2066.37079573723     
  -1995.05769579946     
   536.535212770630     
   800.101553373032     
   975.662917075505     
   1480.00016559072     
   439.369652956657     
  -324.762855876825     
  -1392.25519919271     
  -1501.08846968419     
   603.576113595893     
   959.091744010645     
  -1376.53828933311     
   275.740652138879     
   1728.25418244230     
   1473.65051207544     
  -1289.02367135667     
  -1448.47041644945     
   2596.96382813156     
  -1528.72527952453     
   542.156160842265     
  -3040.18371449407     
   1533.90172026651     
  -1171.15040510161     
  -777.489418020728     
  -968.463955072986     
  -458.294844984204     
   1100.53395904779     
   1317.86726274178     
   767.154765100201     
   3322.20382858855     
   1364.13570137222     
   608.193643742868     
  -3454.64454751714     
  -1274.47154686829     
   126.226872947844     
   1220.19931189123     
  -497.640682651460     
  -389.140678548019     
   2522.88144135786     
  -558.372802204064     
   543.975190594659     
   2048.03300541652     
  -809.573125037616     
  -875.332598612404     
  -1843.14448138260     
   1453.55360587983     
   602.716706036656     
  -390.131307802174     
   656.724043757034     
  -1121.88550323510     
   415.630893830353     
   3054.04457213515     
   1706.38653579546     
  -1074.72010201362     
   2515.69565285691     
   478.497547332574     
  -1939.86549860990     
   664.232512514193     
  -2228.55778068601     
   2472.23985944117     
   3298.96055900174     
  -2312.30155894079     
   1669.75563359307     
   63.6258895818339     
   208.238385889183     
   753.521525949186     
  -3351.02570707311     
   382.567334248191     
   694.622139663880     
   1563.73914435632     
   447.337078877828     
   812.089745009519     
   117.503924949274     
   1478.42619466923     
  -1109.18671239139     
   524.861719843228     
   1098.22337703506     
  -850.211321418609     
   5068.42423744637     
   803.741316736427     
  -1174.25747452868     
  -557.193742454210     
  -318.994204752723     
  -525.527955484475     
   2280.58788252779     
  -2069.19622928515     
  -203.414920332432     
  -411.757772365994     
  -2391.16938918182     
   1129.40587824949     
  -285.570867071587     
  -739.971733776398     
  -2829.99561776848     
  -2694.05963252558     
   940.129510853883     
   1370.35715476039     
   781.547910716170     
  -973.239846479105     
  -1262.12682272649     
   2335.26074477215     
  -2901.98708500677     
  -656.061989963868     
   1188.94125157915     
  -2405.29798107329     
  -1167.50045911638     
  -20.1636733339726     
  -35.0473043372090     
  -697.408254697403     
   362.347227867173     
  -1702.72210779800     
   1554.13940410320     
   4073.11510889701     
   1233.27032011922     
  -2582.97573334212     
   986.771664811985     
   3256.50422176326     
  -1372.55588385348     
   505.091903063718     
  -2158.35713861999     
  -1406.30603505793     
  -1817.52701416532     
   2883.95176136229     
   667.366244985306     
   3320.50057487932     
  -1276.36348594698     
  -787.554190511865     
   977.433173964154     
  -3637.68426190869     
  -1661.13298860949     
  -858.682799525541     
  -3320.26317091463     
  -1865.58910829899     
  -162.588104835133     
   4885.53361960312     
  -3285.40332449472     
   661.193321482555     
   4316.83280028053     
   1120.85405503593     
   1977.89800050420     
  -124.616389808246     
   587.269395205525     
   1776.63354746187     
   689.317684892843     
  -7046.57405270860     
   24.1022419200582     
   1770.88836442805     
   1219.05824811268     
   918.573359948012     
  -2702.69295604036     
  -2146.66137176858     
   1313.33821310873     
   1036.15695803604     
  -740.731778320723     
  -166.311446334266     
  -651.702386281974     
  -929.365356024544     
   1078.55162751671     
  -2072.81391143822     
  -583.173459846614     
   2692.51878720761     
   65.6260945666726     
  -846.933302679852     
  -422.432127508822     
   2456.54179872427     
   1007.67617689912     
  -1678.57455677362     
  -211.862750752809     
   855.061315766235     
  -1726.00926373552     
  -169.793131377347     
  -1879.97910672322     
   642.872709485036     
   474.071568439106     
   5078.68662124112     
   1273.74730031577     
  -1382.29950521459     
   348.334071610728     
   226.422838081026     
   227.460814316257     
   2328.81464875859     
   531.303041320229     
   163.339460115320     
   1773.27809887723     
  -3029.16386122452     
  -1815.18028658273     
   2867.36725483914     
   2919.80697156951     
   2248.80818609282     
   154.322957909358     
  -1643.56073472242     
  -1024.09771846420     
  -782.681280205373     
  -346.962965984168     
  -1261.36994559052     
  -2035.75324709350     
   467.787882687116     
  -1839.15433671187     
   286.019899384937     
   175.848291833873     
   4598.52997308647     
   1400.27447303161     
   147.892121536400     
   195.536106800239     
   263.942627923545     
  -627.495362603502     
  -2064.92184193373     
   4475.07620585013     
   272.325491495421     
   3437.69985406652     
  -673.859892947643     
   749.445264664544     
  -4432.94377874692     
  -1421.71957750026     
  -906.244650148381     
  -1642.39753266151     
   796.283256320804     
  -2211.30474974259     
  -2650.49176847224     
  -2037.56979161246     
  -2956.12582286748     
  -261.553680218267     
  -347.863598498440     
  -1685.55546424875     
  -263.212398139600     
  -1571.74077994690     
  -942.082860069558     
   488.251996749425     
   3157.87508247548     
  -3348.36766625555     
  -64.9123099165799     
   1356.55036970025     
  -195.780002487472     
   2246.15093404507     
  -678.434738481537     
  -1602.58486203978     
  -3135.52977830300     
   3030.98006884399     
  -1372.04748988833     
  -1553.18894561142     
  -786.433938569764     
  -1280.38572851918     
   909.528273644196     
  -754.406634471064     
  -147.324423784018     
   3537.26595961758     
   2695.66711105594     
   25.0419162196763     
  -34.2443624009899     
   383.295733469946     
  -831.758246357486     
   774.822067552768     
   624.061701793092     
  -1220.51187397779     
  -1092.94415201711     
   1391.66183726957     
  -2267.59571195931     
   1367.34576179300     
  -1523.90183581937     
   2069.30446549958     
  -47.3061014143753     
  -449.948814184454     
  -676.983006732228     
  -379.109641859063     
  -2002.64457633769     
  -1308.97242955269     
   232.922841592595     
  -666.320300053853     
   320.658340353373     
   365.914160600569     
   108.812630158932     
  -263.101274650537     
  -125.769553704928     
  -2074.36292829794     
  -161.938305954415     
  -1467.53876024405     
   3242.98059968876     
   2006.30575413421     
   1143.56245355983     
   1182.79575521505     
   165.594938134612     
  -490.593233576163     
   820.900354468120     
  -94.6248716663172     
  -96.7053056040656     
   688.977287430075     
  -2152.65219066300     
  -796.221675726484     
   279.355597359694     
  -1406.20522040828     
   626.985597634972     
   1116.97862378321     
  -1415.81185444671     
   1770.34192357447     
  -1958.52596812560     
   2641.18309234157     
   1208.05535628157     
  -84.9786030469121     
   2183.30281380917     
   192.995293878267     
   1565.36446247936     
  -2528.72611235598     
   797.199954475340     
  -2264.09737211345     
   647.996542141742     
   2380.35245385338     
  -1148.87420867959     
  -3070.03902190391     
  -1875.62439405706     
   1294.54889319802     
   157.692249649750     
   554.382996498366     
   1347.69395863515     
  -374.763848929572     
  -1064.58398742598     
  -402.416704986722     
  -2812.56335933103     
  -372.650159692670     
   684.999351111090     
   1167.30833649854     
   294.903729109803     
  -2735.91431974801     
   1183.27494108550     
  -2438.63140434494     
  -103.260466975837     
  -858.725283773433     
  -926.685473709750     
  -3007.95061166061     
  -306.694158176596     
   713.931273461578     
  -851.426156595077     
   864.061136666780     
  -725.297636317903     
   1677.04997485192     
   497.369761192376     
   451.281644633562     
   2963.48167527534     
   1021.21568644010     
   747.053116321344     
  -3140.97524525554     
  -1172.44912418472     
  -66.2585126973136     
   1734.16922683825     
   459.721545588236     
   2360.81195774370     
  -552.998263706208     
  -2288.27162337432     
   1605.60639987546     
  -1754.40212298403     
  -1590.69274253433     
  -1586.74224202776     
  -1462.02200349343     
  -649.303739530701     
   351.603082157249     
   907.374241018306     
  -2554.61130850100     
   2105.34074196213     
   764.793313207220     
  -2179.09473968360     
  -1391.41652975759     
  -3649.81714566628     
  -598.111141236721     
   1939.46580899919     
  -788.534209739965     
   140.843886918642     
   1767.65924757903     
  -532.806455816507     
   478.304960750441     
  -756.388555039479     
   321.924940369136     
   1320.34137000380     
  -2638.27895192983     
   216.614716344598     
   701.175193518855     
  -100.598312666005     
  -40.6524122883910     
   3582.92777043227     
   1683.89925749845     
   2020.82785532172     
   1610.48343335451     
   927.445858442782     
  -1946.29703455627     
  -113.106835266388     
  -1161.59170657247     
  -2397.01146835764     
  -196.133753367862     
   1510.02952841181     
  -290.639796867632     
   1172.68936475596     
   786.016785976423     
   32.4861990419143     
  -2595.10426778319     
  -1458.14781172420     
  -3565.51623963654     
   5483.87060492568     
   1013.34155015459     
  -175.765899478441     
  -2319.27368070615     
  -817.369219481939     
   3180.87816046300     
  -817.868108105705     
   643.516539504066     
   1306.96523384774     
   239.966716692990     
  -982.378377432206     
   1583.63319229258     
  -1152.42428457286     
  -1424.37122699652     
  -2195.39132878314     
  -3091.64183123377     
   1781.02814696420     
   641.677106689268     
  -3591.40123897177     
  -1297.95036226692     
   1052.95834281434     
   1529.19477765437     
  -3698.34668214366     
   1067.06785636649     
   2496.09511394309     
   2649.52748131800     
  -1367.06675733952     
   325.920334492120     
  -384.333309452219     
  -1210.06706010577     
   955.847399787464     
   1043.79511551017     
  -963.698622901485     
  -503.193257009269     
  -2036.44681525709     
   1690.91682323153     
   166.944296437319     
  -2501.22632491823     
   821.154547406198     
   1868.79852197973     
   2551.04313116975     
   1690.07543060728     
  -339.939537550830     
   3651.95335626261     
  -629.890757869298     
   54.6315073139962     
  -1149.65491327315     
  -70.3783815426654     
   623.994628470966     
  -2319.07036637047     
   703.248330322196     
  -2794.50930881611     
  -716.024475753867     
   263.109896042974     
   1008.14805282567     
  -2435.49310389236     
  -49.8030720630225     
   702.316278826642     
   177.257314212720     
   1310.28536509534     
   84.8272810269170     
  -1012.93254107099     
  -3321.63419440827     
  -412.433264072216     
   1456.00809908407     
   593.672743665897     
   1612.39552339609     
  -572.370333508083     
   1476.53654487979     
   1151.70923452880     
  -2576.53580316915     
  -1295.36041350439     
  -85.1682230492225     
   1802.79731474644     
  -975.240428237666     
  -866.139214128468     
   5308.44816597822     
  -1556.81440024786     
   1295.12404905458     
   407.678331476575     
  -758.465452647038     
  -23.1812793407726     
  -1549.63408018116     
  -1578.85380299412     
  -1283.44560090384     
   3207.41006544189     
  -531.072752551622     
  -1105.39472661362     
  -621.030858715103     
   1747.25236167457     
   3476.03255046210     
  -1827.16943722031     
  -563.786124830237     
   2612.75557832213     
  -1199.20203376771     
  -1048.89103118528     
  -3285.40018272333     
  -1364.11698654220     
  -968.803173977252     
  -22.9919457536764     
  -7512.58995292875     
  -1327.63021313286     
   2656.16524152634     
  -1538.03334276845     
  -1016.14859858650     
   514.831458392012     
  -748.485541993066     
  -1079.49204428552     
   1342.83496753606     
   1211.51793210415     
   1699.12206580738     
  -1023.06760721198     
  -2093.44611958418     
   1115.22574265335     
   324.914405901191     
   3042.75300816218     
  -1452.92083609008     
  -525.397847769380     
  -1517.65079893127     
   1895.85351875177     
  -1468.10504111086     
   1013.51195562042     
   744.206702597445     
   3658.62558184435     
   2540.05770938694     
   1671.13573872251     
   1285.05758834120     
  -270.161899841537     
  -3.14004432139131     
  -4192.76745708565     
   1063.29206447075     
  -432.755276970866     
   335.131571787640     
   1316.48309007827     
  -1185.86478423717     
   472.287309046172     
   429.396020782440     
   318.454303007539     
   1173.38036506305     
   2003.78638617353     
  -306.347784729535     
  -2041.39325592277     
  -1592.50647389518     
  -2670.98770873943     
  -2324.43090886389     
   3151.08441850314     
   2561.52862977470     
  -3282.97843544494     
   1721.74239042640     
   170.434209403054     
  -1434.33731067208     
  -724.787976881167     
   464.547308038638     
   1246.38398706000     
   2424.56937582374     
  -685.933363374377     
   506.907051380815     
  -923.118441350554     
  -608.916302976192     
  -627.115212834562     
  -2516.46236404781     
   1342.30392521332     
   400.913678362802     
  -4310.67619698059     
   2508.87374382947     
   2328.56609897079     
  -1592.10245390123     
   2409.09234432711     
  -1950.51102662689     
   3345.66333316567     
  -1588.37524980360     
   3292.74925617754     
   2037.42336400890     
   2889.71395391445     
   1266.90256681579     
   5205.49822498906     
  -1386.14468292014     
  -3840.79100360200     
   1076.23984564638     
   1043.65292351269     
   3110.82221108182     
   339.068710617919     
   1241.87489485008     
  -2053.16404612136     
   1516.25620194871     
   1458.62160991757     
  -965.416302506545     
  -875.654421404901     
   57.9285123014000     
  -77.4582199807197     
   1521.02957519009     
  -1179.18624495558     
  -2645.02669139872     
   1190.06910689007     
   333.538214306675     
   52.0363793057581     
  -1242.78733434146     
  -890.997995633650     
   3284.24222731689     
   365.303726073062     
   1883.61826305406     
   471.078932000986     
  -5814.51196219723     
  -2569.92140329067     
  -893.806720637201     
  -255.974805006231     
  -1301.25875377873     
   20.1268098203234     
   813.780906767288     
   1988.85979749719     
   3604.24372646545     
  -631.860150718778     
  -1102.67475084561     
  -722.670448405101     
   151.355793718094     
  -136.765435223535     
  -1013.74880230108     
   2307.25728196485     
   392.279658359937     
   722.949248082445     
  -506.728500443113     
  -80.4573931335810     
  -1205.76296748324     
  -448.104536821178     
  -2903.67726171886     
  -3459.87648824988     
   1129.87054194780     
   2918.13911534368     
  -1359.60452145699     
  -324.283571938487     
   1231.82262183758     
   1173.32991096060     
  -1406.17187013883     
   2581.73173241009     
  -896.913049305723     
  -110.838060719252     
   3320.56690992414     
   2841.36125899137     
  -1347.33929250082     
   361.121263173377     
   3141.27467115042     
   1438.73494524208     
  -1074.13652048860     
   2405.38963247417     
  -1052.83040876082     
  -1788.97916788152     
  -1100.41828074834     
  -2603.56892544446     
   590.768698628264     
  -744.513398435853     
   460.075447485955     
  -689.725718431066     
  -58.6208356602763     
   1224.06368723088     
  -366.334159655282     
  -1696.41143383021     
   1311.53429979497     
   2803.31921299979     
   462.647551225347     
  -296.476633714892     
   444.757828103840     
  -2978.53794866435     
   1052.95705608779     
   3042.75334536462     
  -684.579448761803     
  -2018.49762387765     
  -249.407169460017     
  -1533.77396962614     
   198.576594014463     
   1795.76762324649     
  -2202.19929828119     
   929.363941803141     
  -2524.76133392365     
  -1796.87401771388     
   2371.40157289989     
  -1216.34754771362     
  -2413.98537397712     
   1836.71735410650     
  -1400.91728386356     
   2965.92628982532     
   2060.77042367953     
  -419.204702967586     
  -1849.05384459586     
  -2117.29103538814     
   60.2078212871390     
  -1242.64141236903     
  -2921.59420102997     
   999.293139481641     
   1215.19863034674     
  -2782.22646272908     
  -1028.74011168497     
   1431.63051965442     
  -1796.97878001031     
   1843.51048080498     
   2474.79147394589     
   704.113989571591     
   1263.49972085036     
   512.136858331852     
  -622.150825802434     
  -2099.68228426413     
   4839.05616576991     
   5135.91852986454     
  -3209.69765207396     
   1893.66137268442     
   1921.84901531782     
   1866.01367373636     
   234.995166304104     
  -1072.06246236643     
   1092.03684488999     
   1441.86015176392     
  -730.906088003917     
   258.373878866087     
  -1707.74535919350     
   3774.23168117760     
  -746.635150652333     
   1000.40742704660     
  -2762.51929282680     
   421.885595640760     
  -64.9077379014606     
  -808.715561329591     
  -65.7727296083993     
   1464.51661342951     
  -1901.57618610907     
  -621.883766750714     
   257.439888757145     
   2768.76181137438     
   2080.41975299672     
  -862.566926211770     
  -1609.84105088674     
   3296.51870483736     
   1232.57226196707     
   419.793424443306     
   1274.60502946107     
   424.225011857892     
  -153.599515921105     
   5.12118311506060     
  -885.908681660027     
  -23.2581106756585     
  -1313.46220840521     
  -644.325075683468     
  -1149.66698383054     
  -1411.77454398693     
   155.318071052097     
   2279.58252207233     
   1610.97367551980     
  -647.520126592750     
  -2178.35381853802     
   1745.09024938331     
   1015.46335275409     
   955.366674633938     
  -508.355857564393     
  -3356.69722503569     
   260.277003238278     
  -2729.23582155379     
  -531.577251568119     
  -550.082903637185     
   4612.63821844148     
   1685.42842384423     
   1526.13744069182     
  -687.376713543065     
   515.434254930881     
   2400.82956683700     
  -894.978748106007     
   1808.85565720340     
   2290.17560443481     
   2207.54343202882     
  -1115.54320045507     
  -734.427486551987     
   4878.58391285384     
   5479.63080861449     
  -214.540779277302     
  -963.357195207484     
   129.202080597148     
   2346.95953349703     
   1303.63521056103     
  -686.418281651274     
   143.527644692772     
   123.057230523606     
   321.020130370970     
  -2758.11209986644     
  -261.430594040745     
  -1119.62324093504     
  -2987.24237332428     
   2085.84194093081     
  -17.8581364099321     
  -1005.26470336615     
   1978.03306076758     
  -74.0455871451743     
   370.399816581981     
   2996.25915213315     
  -2614.25968978268     
  -3869.44854791788     
   2264.84648120948     
   2457.41835596020     
   3184.85841347972     
  -155.944262560272     
   926.736819660086     
  -1457.99791717747     
  -1163.07417804407     
   1011.22160133810     
   3302.29133666660     
  -2676.57582973300     
  -1840.83873507177     
  -2652.63540058433     
  -2134.36444405152     
  -6507.94584705235     
  -1987.88239292555     
  -246.421720849547     
  -477.589699195506     
   1495.69928738536     
  -878.868549878590     
  -3769.72299022376     
  -1364.97733309341     
  -1182.40897193441     
  -2213.39487270624     
  -4349.01612711852     
   1355.40800923213     
   1317.88410407828     
  -98.0803195854136     
  -923.277212821049     
  -84.1474636145559     
  -602.031882149109     
   279.774626460966     
   1222.26397269273     
   2732.11074617876     
  -23.2308907287118     
   1967.87717591678     
   940.986768145377     
  -178.591073307862     
  -479.725176985892     
   1582.38781344924     
   26.6726131877826     
  -571.068971528681     
  -206.557691895259     
   1414.73923143463     
   149.847911431381     
   555.272439415254     
   728.931186279194     
   1224.10427743318     
  -887.590047360602     
  -1197.43075160983     
  -382.099608767303     
   968.944062074390     
  -1758.00226351007     
  -652.815241494470     
  -108.739547835487     
  -380.943693691360     
  -1927.69214053234     
  -1315.03510910249     
   221.676317275514     
  -897.759778120907     
  -63.6617266898037     
   229.587598710220     
  -502.925954486354     
  -908.986684325564     
   968.937584835782     
   456.308933953312     
  -425.071639528553     
  -30.3929686473065     
  -463.994769252823     
  -1517.27721957020     
  -1096.40125823641     
   1137.83052765976     
   1472.42732997451     
  -996.459293828694     
   392.241223437874     
   538.178340056238     
   568.488899591505     
   348.287361348977     
   196.066438687687     
   2767.06020717393     
  -1701.47614334509     
   340.764831940158     
  -2116.97525487417     
  -980.619393590683     
   372.805599623511     
   54.6481897023852     
   1202.62299294707     
   479.616764383577     
  -28.5127554604699     
  -2429.54101090043     
  -833.698017943499     
   618.896916039484     
   537.202544881932     
   756.405228195165     
   580.586694150250     
   791.454049161299     
  -896.535891896727     
  -75.3287479461139     
   503.767465760627     
  -2218.65308567718     
  -2232.81916650399     
   940.561300075125     
  -1615.80746213907     
  -987.736254092304     
   220.460943866169     
   3037.34936777848     
  -755.591145689009     
   2723.64519482237     
   2551.95263137746     
   3547.71535330792     
  -1992.86180279745     
  -3043.21429541508     
  -4250.10167880830     
  -521.354566167593     
   1641.07687891026     
   372.778952307107     
   2311.43362982122     
   1789.09519867907     
  -90.6486531194182     
  -947.448791156593     
   1345.71937631021     
  -1436.03206633051     
  -194.300250064467     
  -804.484812791865     
  -336.891413828942     
   60.1299202229317     
   453.463679609606     
   938.508424659291     
  -400.168027082740     
   219.554290107979     
   528.721187582593     
  -220.503189508138     
  -1693.65257935906     
   381.946684633773     
   93.0699974741138     
  -376.805084513650     
   980.154722019795     
  -63.2058400781379     
  -995.002761863787     
  -1182.55993275026     
   555.729819494202     
   1422.94168029914     
  -2909.04614655513     
  -2141.18802830682     
  -281.375400209734     
   2063.26156875933     
   642.862265955922     
  -471.691477007741     
  -337.448118766734     
   466.225618545614     
   863.871733132137     
   263.792230953229     
  -308.277940676580     
  -100.281542574748     
   2085.90778454246     
  -692.277430387510     
   2225.98185512435     
  -660.809656270172     
   515.993732253475     
  -44.3093233458544     
  -1644.87235890804     
   2454.57228533516     
   39.4209582904823     
   1646.75822884816     
   776.329649878772     
   4466.99709269707     
   1055.60165936857     
   161.573156154021     
  -1455.87559496492     
   3782.27276623249     
   772.613113188651     
  -2024.85725859266     
   3778.69399810762     
  -152.335522465119     
   161.126156288903     
  -2397.33677408206     
   26.6780656534390     
  -1434.17240972992     
   3299.69862640556     
   2830.34061102806     
  -2130.36145044865     
  -1796.07644124839     
   2430.16001681448     
  -1276.88016784146     
   165.138953327220     
   938.838727497114     
  -142.001383525341     
   3140.04743336517     
  -1916.35833130948     
   3603.99157989372     
  -2091.50310847577     
  -1447.63341976675     
  -1921.74343617351     
  -133.438101290099     
   891.156134439053     
   3730.86162632883     
   3132.00137471198     
   7654.40980674332     
  -583.022007554230     
   938.969372588613     
  -297.197484682116     
   471.504529640691     
   485.686779925747     
   8.35116796272337     
  -2.09584246432200     
   1181.75992629322     
  -605.834940925156     
  -774.818653730705     
  -378.925710342540     
  -661.558182087749     
  -1028.27963568128     
  -4069.26302617087     
  -747.901371717772     
   1412.37897689920     
  -892.731170203212     
   137.342527449302     
  -1016.56893431573     
   633.899178328820     
   1654.17175830114     
  -1485.10899573471     
  -1667.44191279960     
  -1397.87991932768     
   986.377579935132     
  -160.215348350488     
  -750.800430023360     
   670.198097541420     
  -1329.20035694903     
  -57.7534303567574     
  -488.088330345726     
   353.303561149843     
  -931.467970840249     
  -1069.13034888693     
  -277.845948952527     
   1161.59953523732     
   443.694572595298     
   231.057776858692     
  -646.508228960960     
   3972.35995169907     
   993.744961328985     
   1261.84724521571     
  -1227.04336093776     
  -1091.37487100435     
  -131.606419892764     
  -1000.05460623689     
  -777.559957607747     
  -323.820118978266     
  -3327.80694677005     
  -393.928869702887     
   64.2434947562060     
   590.984037763311     
   865.154539615703     
   48.6566555803308     
   2657.99030993445     
   1312.24778766423     
  -199.002661682134     
  -1214.19603802243     
  -174.552741628956     
   886.466177633008     
  -334.491085782107     
   772.033984357136     
   193.467956008365     
   980.405576813279     
   763.055255435906     
  -254.845589744665     
  -2145.36776478668     
   2456.94243525523     
   218.654460371225     
  -478.293467780402     
  -586.888196675596     
  -333.326179786770     
  -577.602384157484     
   4881.81894481161     
  -127.641157911701     
   150.062650628884     
  -1087.44181956315     
   2903.79634072969     
   1078.71457029536     
  -1402.82727674728     
  -2186.37318686401     
  -2501.19143237371     
   2261.58072939211     
  -2395.78917067021     
  -1642.39607583943     
  -510.239811589028     
   2182.78184034210     
  -594.823527856450     
   1226.17388334861     
   746.466121879424     
   981.328807635342     
   478.994851978735     
  -850.867660809601     
   338.529669684519     
   553.734419015805     
  -103.181986768511     
   339.365255146952     
  -485.365876906733     
   1192.15760467552     
   802.618980467043     
  -68.4732661918317     
   429.042188978239     
  -1659.52302062524     
   1289.69227349981     
  -3100.33287865676     
   693.993262001270     
  -606.250997623442     
   3284.17090325706     
  -1947.93099611587     
  -792.605241833148     
   878.489000950829     
   2507.92111028792     
  -1557.45264610262     
   2155.30126488014     
  -871.769608080803     
  -120.392331196190     
  -1540.80960780523     
   2695.93201128878     
   2185.06545506329     
  -1115.46445603775     
   1095.41130734368     
   302.500493470190     
  -1525.74217057203     
  -1096.83433547954     
   1720.46246742483     
  -3650.60176722766     
  -560.074192704717     
  -251.446023860365     
   1986.34482619743     
   3482.37894351886     
   191.937242347324     
   255.179309626255     
   2307.94969180916     
  -2465.86862885171     
  -678.784983106647     
  -3002.68461716815     
  -551.085077179147     
  -1955.78199100540     
   810.486340312429     
   380.545664699543     
   308.608089438285     
  -1349.82878391069     
  -786.060219469056     
  -628.207799961416     
   783.863699498940     
  -906.091152461114     
  -472.961955795517     
   445.242345068593     
   1988.82179975339     
   47.0487136831639     
  -3214.60341936933     
  -113.605880865274     
   1637.58591010748     
   4252.20439951969     
  -603.869406557215     
   3658.89268717264     
   1174.75010914326     
  -282.627305042605     
  -746.984433412659     
  -1641.51409683281     
   2975.12344690070     
  -3787.55382015740     
  -877.487135355050     
   250.006190498484     
  -4023.41970573080     
  -807.948187322391     
   1032.64508536868     
  -1103.91965877725     
   1227.99306292412     
   3735.09653435905     
   1571.39754357039     
   1936.13132319473     
  -1936.70543994813     
   2121.63570204595     
  -970.148173978539     
  -1542.74200518781     
  -659.242848837017     
   587.432724131277     
   2929.86898010221     
  -2649.96873828677     
  -1318.36946811776     
   1053.31789084929     
  -42.4936034827722     
  -727.895762494267     
  -1473.59582736915     
   990.409022735851     
  -275.603042875739     
   661.742457081436     
   2536.90299507633     
  -1819.83097848878     
   797.768263818448     
  -64.3265577381945     
  -2488.41587131334     
   1648.33782925725     
   2220.13776375345     
  -1356.55177973009     
  -2797.72358786623     
   2941.19559607297     
   155.986195545874     
  -1709.66801971622     
  -3485.58928455566     
   1562.46723785472     
  -410.908701726120     
  -85.9422109829217     
   481.800277592835     
   498.579613820555     
  -2107.41131310204     
  -685.161890675321     
  -329.345626050477     
  -2285.09169531915     
  -421.414339793561     
   356.303352208122     
  -1894.36684414816     
   692.214735809466     
  -764.591847610865     
   129.155591788624     
  -1753.05453793309     
  -7072.74502916748     
  -1243.99787550075     
   3728.40314676532     
  -482.428759595034     
   1250.36692705629     
   2895.31665064279     
   1897.80881835018     
  -934.294375055462     
  -1627.92370361432     
  -2045.88515501855     
   3803.25737449930     
  -1257.15234038982     
  -2769.85401403022     
  -3292.55670201742     
   704.843702646018     
  -842.923780887548     
  -1177.86074437920     
   1673.80020593935     
   1746.74544861892     
   624.825163051953     
   1546.01687897814     
  -1350.62728526225     
  -777.198053956524     
   3269.39497056865     
   825.438964415149     
  -607.599723329051     
  -857.546792251453     
   555.868003054127     
  -1323.08089453461     
   2158.18332976707     
   5214.87121447331     
   1118.22817617195     
  -1099.04033059419     
   2230.77937205944     
  -1970.47570864304     
   674.242186187501     
  -2579.21427086467     
  -2581.66589272264     
  -307.463048048239     
  -182.557573367613     
  -821.148408084638     
  -2633.25072135093     
  -413.871928329014     
   525.196397831134     
   2398.88362301976     
   1283.62774748223     
  -841.698869883709     
   2989.76787881794     
  -2515.41431573448     
  -1680.67021434626     
   215.628592053534     
  -2433.68464423312     
   255.046222478360     
  -2289.07798115177     
   2800.41624139027     
  -546.157131209382     
  -2913.62304319770     
  -2269.44699152060     
   1833.47409026918     
   1047.22328777779     
  -84.0015277981252     
  -3505.42679012398     
   2134.84437924097     
  -190.496444116395     
   259.200674846724     
  -1098.29131125492     
   496.763742620727     
   1160.36299188597     
   117.184432584333     
  -87.9301054937373     
  -1344.63410604075     
  -1120.89926289547     
  -900.744647060154     
   924.871069023784     
   2159.91113896672     
  -229.568061150524     
  -699.021697917206     
   2454.10495340723     
  -1193.63303441242     
   3094.79531405047     
  -1109.82333368935     
   949.956558175077     
   130.513819664171     
  -3040.82278215697     
  -1400.91999448487     
  -1597.44954602747     
  -1635.34660367129     
  -3063.74886733704     
   5214.90487548557     
  -192.803154718282     
  -420.339979104210     
  -206.389095556985     
  -4801.82627757822     
   774.455853888037     
   2148.78040713698     
  -1528.57106087167     
   1498.19786957621     
   1175.01452129752     
   998.083278375377     
   1092.41657094537     
   374.921538318979     
   1789.76498726076     
   182.163546221542     
  -2288.72485914681     
  -1877.79657342885     
   400.716134982164     
  -166.926999206467     
  -1804.56956425536     
  -2735.41533185338     
  -1555.63671199851     
  -868.340332830297     
   1401.05809455709     
   1075.28605832445     
   2889.85190769389     
   2571.19125263724     
  -436.819998124684     
  -755.232994528517     
   493.909661664903     
   1233.74449623373     
  -39.9088584796489     
   412.605665537537     
  -108.808731049208     
  -556.359692881840     
  -2129.23672368666     
   5111.53613489077     
  -217.737514021784     
   1869.33943465496     
  -1273.83353108936     
   416.979308190666     
   1188.72682097022     
  -772.277608668997     
  -157.400938949564     
  -594.883268956799     
  -335.744925698972     
   952.386794419857     
  -24.9803665022877     
  -1779.72562947696     
   1118.11537724272     
  -1530.65128947432     
   769.829561303992     
  -831.174206723077     
   2676.20638419455     
   37.0100428445435     
  -1407.53372415718     
   902.060524748358     
  -1333.22130430864     
   150.478701974498     
  -248.543009207255     
  -1172.24079464643     
  -1279.30849093031     
   1902.36357753164     
  -1031.75505673378     
  -144.477102356380     
   2795.71762598671     
  -2060.82370954214     
   503.150696723943     
  -590.051927931120     
   804.094413491282     
  -439.262616170197     
  -231.993382495669     
  -2379.15647083815     
  -782.721698239194     
  -146.834812808233     
  -1940.37544668267     
   2751.06219316027     
   157.014280838297     
  -1687.92391555767     
   998.164154876880     
  -5326.46729895271     
  -5054.82148279077     
   1507.44322344470     
  -1479.99968770795     
   1038.07096914090     
   3038.74986187071     
  -2236.67966258822     
   2374.38648810543     
  -1168.57134790337     
   1738.11334993348     
  -1338.48253872662     
   2964.58530502025     
  -1010.47571974682     
  -38.6360486366116     
   3281.01685058490     
   32.0193647268285     
  -1683.19890120351     
  -1991.70766215522     
  -1994.83643344469     
   1955.51963127070     
  -1702.06663217985     
  -934.947877755780     
   3532.95273470680     
   3068.65163575467     
  -28.9505734489228     
   2377.66620992942     
  -679.496507830136     
   649.032460828095     
   3800.57991565044     
  -2083.34121689106     
   1192.66938873133     
  -844.338636665103     
  -31.4287986702008     
   2729.93638529808     
   612.885781259586     
  -2752.65556055203     
  -168.958500606296     
  -940.884055742934     
   93.5617145209703     
   1776.25421535182     
   538.613483158611     
   149.144160016084     
  -1377.41703179882     
  -3435.66526750281     
   699.422405615223     
   1149.71837689974     
  -1535.70940854364     
  -709.430347400002     
  -1388.35062434910     
  -4626.34693112061     
  -2307.20179880287     
  -1521.55538355936     
  -684.852430884766     
  -49.0960571618266     
   53.3333786694558     
  -1764.21029820719     
   1284.65905604465     
  -207.614563363536     
   829.069468815796     
  -1782.61038069970     
   49.4077816441211     
   245.926123393696     
  -1087.80878092594     
  -1753.87354681580     
   1326.53118948851     
   1062.71366030648     
   15.9810504654403     
  -2662.14665006322     
   1742.59968485301     
   1005.42854671280     
  -1852.46340827359     
   3113.48803679154     
  -923.348029617626     
  -570.413327309589     
  -1690.10758500292     
   307.981240638391     
  -917.178169310270     
  -168.774423195263     
  -934.922602730427     
   180.693414057294     
  -13.7301785717550     
  -177.296329933892     
   190.963941088947     
  -71.2372981865825     
  -180.743472148161     
   2034.11095586047     
  -694.096487668696     
  -2709.88769858445     
   453.683278918035     
  -1516.24591529788     
  -303.542120693935     
  -996.039288644196     
  -511.161763852604     
  -420.495407768662     
   250.196865699188     
   1755.87234460206     
   2632.28143335629     
   647.624427146524     
  -378.846122662396     
  -1747.48902323640     
   308.520865784356     
  -1399.00905333259     
  -1334.38235159644     
   207.621502373365     
  -2007.66778698700     
  -1524.88774666795     
   2372.10640456772     
  -258.799897003890     
   1128.73417828725     
  -428.082404245319     
  -410.513957793628     
  -608.169757932146     
  -103.389863826422     
   771.861954192165     
   1041.42991021509     
  -211.164605784024     
  -1306.16930358060     
   4311.00319003697     
  -3312.96971221129     
   1152.17018233054     
  -412.870048652450     
  -124.220998509710     
  -1742.01029528740     
   1798.50327543958     
   1467.28483130835     
  -999.903340588909     
   21.2035192943000     
   981.251336017945     
  -444.515837758594     
   295.390080549912     
  -372.784561143964     
   75.1507724360850     
  -633.190446846634     
   1400.88914770330     
   1290.69605459903     
  -3184.04871729101     
   483.093871450250     
  -4382.49058682107     
   1548.24014619769     
  -2231.74207832080     
   461.047998411607     
   3380.13347846671     
   126.477431235316     
  -5600.90058306337     
   2375.86602177374     
   2149.00752488280     
   420.010561319377     
  -1131.75805486664     
  -1331.54722758830     
  -1237.54932943695     
  -1136.89108900325     
   2430.62219937535     
   1965.62401896335     
  -566.858139474899     
   132.447678162928     
  -2119.50065824795     
   1172.97011135809     
   937.980200683824     
   3063.25072158855     
   1223.45192180214     
   794.820168254983     
  -1238.36262652370     
  -95.0426962775972     
  -107.907048407289     
   784.321609299674     
   2277.80764486842     
  -588.538860498814     
   1387.78923975864     
   587.399420061953     
   19.0821664629083     
   3081.19717267783     
   563.151802304766     
   446.600728047683     
   825.922918451095     
  -1075.65247290166     
   6.90240268841899     
  -1042.32995496874     
   1753.10271349325     
   949.629370257849     
   279.917859407811     
   113.913071248422     
  -127.687027386939     
   91.2996574194324     
   1837.51119724288     
   374.337931341392     
   695.832072495821     
  -124.642019772757     
   275.866972848134     
   698.703130824061     
   724.460525188669     
  -1690.14437837340     
  -971.719099697855     
  -884.629306308281     
   1494.22952219897     
   1859.33388346119     
  -525.071937062111     
  -1311.50479269367     
   2747.69574295020     
   4550.63318553835     
   328.406923058406     
   866.888293174946     
  -2074.09763867141     
  -772.837362437098     
  -860.920996324408     
   722.013271640862     
   588.171800048273     
   103.696109007619     
  -531.337813854979     
  -1893.90050026796     
   1547.99894371692     
  -632.898295932644     
   348.891823643571     
  -184.498489995181     
   631.059241280112     
   2154.05012953867     
   1597.75139830533     
  -2636.25826987885     
  -344.793993012080     
  -1674.79108097831     
  -1825.65726378436     
   476.346364517795     
   1243.15330956375     
  -875.576895404458     
  -2098.04663434374     
   219.452856257778     
   1439.36395326665     
  -294.719186772104     
   159.575974748653     
  -844.815176332827     
  -86.1377336980949     
  -37.8917975477861     
  -1138.06933124275     
   149.924845861970     
  -480.008340721658     
  -822.441438674428     
   161.825436079994     
  -995.976566359345     
   412.265310902059     
   185.347718429589     
   128.557280863880     
  -254.136114476122     
  -115.235956208038     
   308.758465272000     
  -431.191465007008     
  -1315.30420593716     
   623.079694585144     
  -1622.84124115756     
   2164.33880913842     
   424.067291886875     
  -42.1299213895200     
  -73.1010100317893     
  -1707.04609073466     
  -885.707048318860     
  -1110.88798130817     
  -219.815910767086     
  -1311.74482018152     
   77.1177107211015     
  -422.618593724834     
   686.570011057677     
  -1381.64660335023     
  -221.046288491636     
   70.1660547819899     
  -1939.25260640400     
  -686.717462612844     
   21.4019464184066     
  -2404.61288800677     
   958.075558204891     
   801.616304226720     
   104.671690155800     
  -481.377034885967     
   635.042587528626     
   2513.98600755437     
  -3701.78505258104     
   1384.76452395395     
   3271.41678019319     
  -682.010196329264     
  -1916.75083764494     
  -2259.70887064234     
   306.323871182728     
  -2905.05977310823     
   752.466206337648     
   1017.38301078839     
  -1182.62055222414     
   598.547253603690     
   1326.83021441428     
   1005.29195113411     
   1270.13657446454     
  -288.387027835917     
  -329.306692705151     
  -442.367351957034     
  -575.466552138811     
   34.7598652962082     
  -2819.82078638403     
  -1401.67749887180     
   128.622138614280     
  -1267.49481904300     
   196.346264444400     
   2291.01626051124     
  -1604.86775680397     
  -362.529149557307     
  -33.4655341556359     
   1636.52816675296     
  -1554.43378491474     
  -294.201017833237     
   130.767721398052     
  -2268.13076034581     
   1019.50441013261     
   513.115473631359     
  -1720.04732436387     
  -5001.77704358437     
  -388.320685873191     
   350.244614041118     
  -972.336445520772     
   581.397199621179     
  -983.597699875948     
   1233.53552192862     
   1864.33800191406     
   2143.70555323005     
   2648.48086155545     
  -3183.45662662701     
  -2236.47069282837     
   688.952623098464     
   225.175260290433     
  -709.759841250954     
   75.7122504036465     
   3241.94291730563     
   1167.57961358500     
  -2720.71121648684     
  -889.781365424742     
   2043.96787198924     
  -3136.77559541219     
  -1185.20943528882     
   1842.37504170009     
   309.123108555596     
  -1223.55516488411     
   1593.24342785273     
  -1100.14745529961     
  -302.956014113392     
  -1480.91675019383     
   1699.77950965156     
  -1515.15767026183     
   949.144132027940     
  -141.758577162180     
  -82.9376362952983     
   968.285416770980     
 -0.611344574757595     
  -1438.34800603162     
   553.978021759466     
  -494.286575109977     
   1026.78222901072     
  -345.137395294473     
  -8.42985925449327     
   1817.05366077368     
  -1323.30152270779     
  -872.440252498229     
   963.459279904310     
   190.989045548581     
  -1974.06202141297     
   998.157001588072     
   799.357270548621     
  -2243.00435152156     
  -449.059666550363     
   580.630179561787     
   2142.55936969109     
   3350.78108288798     
   2055.20917674735     
   932.159904128283     
  -463.312106477143     
   1653.69117059759     
   3575.81844545597     
   873.382580230992     
  -373.800893132325     
   258.500418567696     
   263.373020951873     
  -535.666460839829     
   1215.59228670684     
  -182.289262132470     
  -1525.03357415304     
  -43.0493703061442     
   1739.87205239177     
  -313.486667912761     
  -224.708322958848     
   255.271403497096     
  -217.152441520985     
  -452.797736503185     
   1355.92733827388     
   194.122405501671     
   767.451525159700     
  -130.102002705089     
   323.490304392941     
   184.839579042536     
   528.466643042491     
   1421.71048409796     
   1698.56738798160     
   117.029342730964     
  -855.465593787648     
   631.857639823800     
  -1398.05530943784     
  -642.564912843796     
   280.065121592549     
   2256.81445686898     
   2113.07912325879     
   881.172847704133     
  -816.349636766839     
  -1460.70313952372     
  -145.586654253650     
   389.825624581063     
  -598.523694295685     
  -279.641282872496     
   982.401444143125     
   309.573122393120     
   1499.72765307522     
  -1417.93419287309     
  -1505.44619410911     
  -4168.78195603447     
   1797.90206639675     
   485.903808153334     
   1775.83221126358     
  -2006.57987499017     
   140.999839346903     
  -802.537274428850     
  -2974.07148063902     
   799.542083704786     
   680.073159550705     
   565.480444336100     
   55.4161714634155     
   1005.70411367897     
   1180.93272607825     
   928.812394451424     
  -958.369701019250     
  -191.015130665175     
   326.206273298767     
   2713.86579448951     
  -874.020314195633     
  -381.030077776130     
  -4123.04760719680     
  -2324.84597089638     
  -371.325702956400     
  -1309.99951270471     
   1095.38064607837     
   2968.37630799162     
  -1994.20370406801     
   3212.95067935619     
   48.4764468632454     
  -3245.72684040963     
  -1229.16504938507     
  -2064.24743114646     
  -1209.79780706430     
   2507.69648954388     
  -2674.60956712178     
  -792.340267689973     
  -1757.31570015356     
   553.289208106377     
  -1742.25027845062     
  -921.259428436286     
   1704.06363324738     
   1799.04251490588     
  -2894.34985747742     
   553.431426178161     
   798.317910993334     
  -511.966280747695     
  -2177.93370434184     
  -1212.67852724421     
  -370.359420060488     
  -296.578823909513     
  -78.1687585007536     
   656.056975898704     
  -2630.64201554171     
  -400.544786724397     
   36.2577725664279     
  -395.468849037448     
  -1708.85789992292     
   434.493468804600     
  -62.2129662191541     
   455.243961241394     
   939.740349766750     
   1402.46558778418     
  -656.849685743696     
  -134.667983242175     
  -1633.32704596873     
  -644.710891770912     
   320.113547447180     
   150.354676057517     
   1782.86004694663     
  -286.790397650609     
  -491.928807573250     
  -402.472105020321     
   2163.45313383035     
   48.8726352574813     
   1368.13352840489     
   1335.76808116329     
  -460.960232374707     
  -609.698613924777     
  -1450.09250152184     
  -431.128369328292     
  -2756.91154129286     
  -920.067601090191     
  -980.115428576069     
  -178.529556730107     
  -995.902483001567     
  -615.735735122372     
   280.974036523782     
  -1337.22418421758     
  -945.291347928566     
   857.134627225638     
   1355.48596418568     
  -573.079846613955     
  -610.443570573766     
   547.684769229461     
   847.890688918768     
  -482.969082557940     
   1150.71498340807     
  -175.959838850927     
   1053.73168311575     
  -286.913355861756     
   8.30382240103566     
   1966.08221201021     
  -78.5816436931804     
   1271.01452633996     
   453.091939323132     
   240.561604964579     
  -2114.16974028324     
  -357.705271152801     
   1432.67527814172     
   1149.00395545633     
   248.461589265915     
   2095.91937861268     
  -397.250299815944     
  -1368.68402254690     
  -882.589286432301     
   431.758521657305     
  -772.701479129899     
   615.432920336652     
   1283.02917615983     
   1108.13779506541     
   20.3083539702149     
   1390.25716207514     
   647.018442960303     
   2131.97966776754     
   570.954340933501     
   13.2336954688110     
   2491.39980357960     
   657.117944617726     
   109.938576582382     
   75.9244060405333     
   1151.27391233460     
   354.611259244431     
   569.070350458021     
   1119.32839752537     
   885.136753733666     
  -93.5695726352462     
  -1085.95433963560     
  -1304.89073800341     
  -417.597749804989     
   384.275367764905     
   729.936131209775     
   1254.10631436928     
   337.311706023393     
   749.645002016632     
  -1593.55348506360     
  -1572.96620236843     
   1066.82715194073     
  -1255.28956883691     
  -1240.30646880149     
  -2544.09598370683     
  -2563.79167932639     
   715.296320253230     
  -732.972995280114     
   2160.31841095143     
  -312.526910822115     
   1746.71005285747     
   2889.38333700177     
   360.047947300467     
  -2252.67985676581     
   408.930052954633     
  -367.440738385319     
  -2230.26582397821     
   1404.67403805617     
   817.825846814861     
  -849.605813952826     
   1124.13080324288     
   1954.52889666613     
  -1628.79766065766     
   1898.04443135824     
   3043.68093645539     
   231.383627837972     
   622.939597655414     
   571.479165937587     
   930.449740748285     
   1839.44534738151     
   431.364912137264     
  -2013.36644870191     
   686.864808838944     
   2548.90754305828     
  -3275.96174451300     
  -2219.45315074256     
  -2293.55895617994     
   109.726886776379     
  -1680.66915438771     
  -138.054847544289     
  -827.389259910113     
  -820.569103154742     
   842.517184512259     
  -3620.36873587958     
   1337.75886746020     
   1480.15371495316     
  -1450.46569686929     
   497.741034963571     
  -403.953383035492     
  -533.463313756627     
   1356.70334551024     
  -1768.81905901551     
   503.787088575979     
  -1616.24366212637     
   622.425981676773     
   319.493478570482     
   1033.64848925509     
  -1945.18706350534     
   1659.15964213264     
  -151.928301707520     
  -3431.85041842578     
   858.875596809061     
  -937.608161479369     
   3186.17503021912     
  -209.435858094002     
   312.314285568033     
   865.879657994133     
  -2255.80310458494     
   4078.77567860588     
   1510.16631847365     
   1913.23299002866     
  -630.384653388009     
  -1984.10393527393     
  -528.575122351956     
   971.885237954972     
   96.4179248549556     
   606.050655872104     
  -291.029094769672     
  -1887.92530664176     
  -576.731291569968     
   3021.16872495048     
   636.723902578040     
  -633.466974436938     
  -58.0556919815253     
  -8.70357019800213     
  -1672.02450369185     
  -997.989054693448     
   442.432790400185     
   2440.84132919371     
  -432.909482003751     
   898.365309350853     
  -2623.54577390549     
  -2568.19411098411     
   2158.73076857397     
  -1670.92518754440     
  -2499.22667769167     
   1419.51935126382     
   6655.37486847485     
  -4996.77557829390     
   1208.83818551007     
  -2391.93714833179     
  -716.494604588477     
  -1779.34252462185     
  -771.806941950709     
   3749.50515822638     
   4960.59767893056     
  -3179.77126780700     
   1996.75900799106     
  -693.655491184100     
  -326.172342139539     
   793.845345839887     
   2173.72394392331     
   395.489472356627     
  -165.806015127641     
   587.597440425296     
   5256.06681148077     
   48.2509555716906     
   841.659336293460     
   1613.67011985608     
  -754.216467273274     
  -4724.71533312941     
  -274.535567126102     
   3432.57895190270     
   1545.38095384532     
   2931.83203137667     
  -4567.78815039906     
   2708.41331850043     
  -885.210573371446     
   263.669819938076     
   711.424744240318     
   876.974852435193     
  -1352.68385132284     
  -2168.53429919086     
  -1968.59010472412     
  -1200.92299951995     
  -1632.42900549927     
   1022.23447263718     
  -300.426246892436     
  -848.551137047247     
  -1554.78651165792     
  -90.7660435082230     
   314.791099560792     
   641.360367125044     
   2137.97516690079     
  -2097.66799046415     
  -924.054355466215     
   128.771617396640     
   1194.68373984791     
  -2537.65899966522     
  -846.160636811173     
  -58.9002148510488     
   232.265971424792     
  -1398.61809382491     
   2456.15063691535     
   1020.92013839973     
   760.496384296855     
  -1356.75843285096     
   467.980801435198     
  -1726.83392592881     
   2808.16803115902     
  -1003.25236179037     
   126.539165376048     
  -4415.22641189179     
   1125.83755524995     
   1019.84624826481     
  -1833.00627998367     
   667.731159037425     
   293.367631530740     
   2331.54971716756     
   1626.67891762937     
  -2068.24122033124     
   714.844995391736     
  -1630.65238150925     
  -3132.75059216049     
   2454.33882892026     
  -2381.98799481655     
   337.106977277504     
  -1826.06507562301     
   758.545828813669     
   2303.28925714182     
   1669.55857057573     
  -1723.88887337823     
   721.040603401108     
   52.0611206904510     
   1031.37650895671     
  -351.019536606401     
  -1893.51289675978     
  -147.243683095664     
  -1497.00106363209     
  -2277.35524818560     
  -884.073255395966     
   144.074777527817     
   1110.10994159671     
   327.570867035857     
  -432.190890939032     
  -30.5968697620383     
   2541.69272899945     
   1059.09828848768     
  -138.526861404246     
  -3013.92472458045     
  -1877.51441306963     
   4650.01136168243     
   852.377428167605     
  -1556.97297739482     
  -274.063257123202     
  -4004.54200996625     
  -131.760375875930     
  -1723.77140703484     
  -975.365716587214     
   68.0115726684346     
   170.736292100603     
   223.594607157879     
   2209.75424462883     
   193.559821225576     
  -444.245021257984     
   4203.14931765075     
   1107.37035456242     
   723.095182797533     
  -366.973478400532     
  -1207.96185427178     
   1648.57023090359     
  -55.3523878042138     
   1033.23089670747     
   2334.00214053842     
   841.221906467972     
  -1516.74536703024     
  -1636.83924879352     
  -565.500884081680     
  -1232.46133389952     
  -665.822832938200     
  -1872.13398836817     
  -26.0857049202236     
   629.606029464457     
   951.924141725817     
  -990.958636704346     
   1276.03831260383     
  -604.394976832947     
   979.811633941136     
   2337.11811336152     
   692.648552131655     
  -1765.00309472290     
   1364.68742445411     
  -1.59283112010485     
  -221.857359720592     
  -1364.02985363874     
  -533.215327826303     
  -1437.11300133617     
   881.507313095919     
  -201.507151986979     
   204.830434635907     
   635.192685189006     
   554.422601621439     
   2121.79848382794     
  -1034.39462439792     
  -1028.08591129489     
   1253.12693450464     
  -1672.31366647209     
   8.13258644587614     
   775.161448228653     
  -363.180911505273     
  -343.970778686239     
   535.400541517227     
   241.733660880537     
  -375.448396208556     
  -1938.28539261455     
  -737.176373150183     
   651.806434797804     
  -1370.02582080747     
   571.195413950917     
   2670.74917589982     
  -3271.53080074042     
  -1151.96695860791     
  -934.379078902165     
   2125.64054857253     
   571.844724692552     
   1093.21143778349     
   893.900071939209     
  -2006.79217651908     
   1172.84846399099     
  -1438.24103600480     
  -812.727421253649     
  -141.944083999317     
  -1002.08785082775     
   116.077071824946     
   867.524626341928     
  -912.919987645025     
  -708.844002294054     
   819.950908692038     
  -357.709809629752     
  -2601.14984134320     
  -695.874040691785     
   1884.42062558084     
  -728.337039599953     
  -1054.22387890429     
   1400.68917210146     
   4140.53727260188     
   1700.19254517060     
  -2774.41545022496     
   1078.51843130619     
  -945.108886518506     
  -891.492560701646     
  -282.122981318491     
   955.868880205253     
   427.452351130401     
  -1955.71520886426     
   565.204948982273     
   829.519215814385     
  -551.381989342970     
   1745.98468782546     
   702.419304253036     
  -904.255688411327     
   1447.62868484521     
   31.0676423097518     
   622.899453785976     
   362.859687213000     
   319.923361069154     
  -348.109876240706     
   94.5735389242007     
   483.230582797754     
   1861.62038200880     
   8.65487532734141     
  -429.139899016960     
   963.056060151858     
  -804.052869472297     
  -347.376232758667     
  -191.929813528924     
   1094.34172089746     
  -1047.61437289735     
   1802.75798285050     
   540.024723133331     
  -269.617941446807     
   166.790136360927     
   570.964425359319     
  -1350.93929113970     
  -222.008028408884     
  -762.509063587863     
  -51.5533592095803     
   450.261789760596     
  -426.300331781142     
  -658.191560341290     
  -392.659498305570     
   2044.63506907591     
   812.479428689035     
  -236.348832683934     
   405.014573548131     
   516.292015809999     
  -446.218290568620     
  -3337.55993782657     
  -135.918986811982     
   5.35360078194203     
  -647.904417355176     
   223.967492260516     
   3418.04939475853     
   1881.07431505133     
  -1879.85274833274     
   197.618885648584     
   245.133701792828     
  -803.940075142566     
  -921.266888677970     
   1504.23981630298     
  -733.273019038879     
  -456.129019817114     
  -805.484431198297     
  -588.492191880161     
   632.326797195226     
   703.656642849334     
   1362.86351137877     
  -606.137783779151     
   1812.98828632757     
   763.685249694415     
  -67.6401782263116     
   1705.88172022777     
   1679.75156657063     
  -885.004019226654     
  -519.578462102290     
  -1565.66629549976     
  -583.587615930103     
   345.998650058474     
   193.874585138529     
   143.385341407516     
   1653.59776130375     
   1136.02993214453     
  -1248.77167789323     
  -903.241133607419     
  -595.882761740746     
  -607.782798096828     
  -264.186486189545     
  -1173.21947579410     
   5146.44395617445     
   262.272873893254     
   2496.15890614126     
  -484.684107774516     
  -2240.05628994114     
  -1239.82287446226     
   842.539095752725     
  -1290.63155391398     
   169.108432167576     
  -853.465148998755     
   1024.68552207003     
   1654.05484227300     
   353.870626587589     
   1304.21376075655     
  -516.062316094735     
   574.538993838128     
  -35.9134533855688     
  -2232.00024283458     
   1747.18065184090     
  -644.182547023097     
  -601.221086113776     
   2642.41890851355     
   1058.47196941975     
  -2127.72596505353     
   627.345301943085     
  -1947.97100567725     
  -2057.26500165924     
  -2370.34632874777     
   1555.28335002940     
   567.354689103018     
  -967.922974643732     
  -1195.78069450254     
   189.115448177385     
   614.709011269145     
   401.270556758188     
   556.808418823937     
  -248.948276305774     
  -1949.03181684916     
   273.754483204603     
  -35.8400227283648     
  -1878.79457609900     
   104.861809767087     
  -158.300016592854     
   1073.19897181309     
  -829.401815870869     
  -128.385439393490     
  -60.3060988490185     
   853.302868867617     
   2350.93633364061     
  -540.815140044570     
  -1739.84593530879     
  -315.271874075986     
   646.014972990931     
   921.145812250028     
  -954.150887143587     
   1895.24309572122     
   1959.24652756316     
   1729.87883697792     
  -631.826637895440     
  -1550.80115758605     
   4351.17134733866     
  -1425.40278490326     
  -3449.68627630552     
   538.606292070313     
   1443.92293365529     
  -2508.36749718461     
  -1383.00796575483     
  -3665.86135183039     
   1466.62041259427     
  -156.850382101544     
  -2199.32036483337     
   2495.07506470416     
  -931.161651760420     
  -991.938033753674     
  -3055.01785649869     
  -2855.67950555534     
  -655.322776383464     
   284.766000697894     
  -1861.35572878343     
   107.727510257354     
  -120.627701046363     
  -1444.52416849048     
  -2353.36529434022     
  -376.899732766798     
   397.262986766463     
  -1030.44083761284     
   64.1037419530779     
  -991.721707347113     
   132.127165122886     
  -617.159410378740     
  -396.530685624252     
  -22.3028483168448     
   1074.00092148988     
  -1966.41491858289     
  -780.228844963912     
  -715.754109251055     
  -633.530685008943     
  -2637.83834790491     
   2803.60563480092     
   1149.85921714366     
   1134.35374466984     
   798.446313367016     
   749.725827692219     
   263.888260354498     
   1644.54895548501     
   445.091082867919     
  -872.299663674287     
   1374.87629818447     
   606.541058958848     
   2957.02561460721     
  -835.262859239656     
   308.909319597165     
   1074.98619705428     
   1097.48175832258     
  -399.721481431695     
  -1070.04084262813     
  -1355.34162919149     
   2300.06663084630     
  -1262.60811397453     
   674.651748119877     
  -941.536940496330     
   369.426546749681     
   2570.93687219990     
  -1531.44515378790     
   1225.25267234720     
  -6.13861727419433     
  -2377.87745266954     
  -1315.56927652661     
  -534.305163756551     
  -1680.84247654827     
   931.917125285697     
  -854.599104487183     
   779.134026256206     
  -1420.06639578101     
  -339.215830770153     
  -1827.38258777148     
   1616.00308459467     
  -2965.03643170394     
  -123.200870784966     
   676.044802192559     
  -864.997479398469     
   1611.46746066094     
  -1301.40852443927     
  -2664.67207518726     
  -1618.00090406222     
   941.349291070875     
  -526.008801951851     
   422.097701561452     
   2306.37760350852     
   781.926751507888     
  -1971.47567196823     
   567.470549608667     
  -938.349258202888     
  -97.8121242387900     
   218.772341127261     
  -921.248245444920     
   1610.21246866761     
   1259.32160709680     
  -789.211112557948     
  -183.790657961657     
   471.709915996874     
   1531.14594595888     
   350.881602122907     
   933.319705120232     
   209.445487818691     
   2092.55178939827     
  -701.470686692587     
   434.859712889826     
  -886.332128493586     
   1997.59682493126     
  -98.9031643129970     
  -74.9999590365771     
  -1456.26180245535     
  -530.924410544346     
  -929.004316644095     
  -612.349416565517     
   2156.10521504741     
  -753.076599838363     
  -3023.17736059362     
   143.042795946402     
  -645.866325525169     
  -268.462762978440     
   1608.86315779126     
  -637.783320057015     
   77.3496858537127     
   3688.31700458963     
   1144.19590168632     
  -804.495132545803     
   1954.52813612662     
   729.787442281450     
  -933.330482535670     
   1187.05496098955     
   703.313875430182     
  -1068.68812395417     
  -2255.69631780100     
  -286.981986416749     
   586.609464752827     
   922.954560884791     
   2514.88449452078     
  -957.530674918398     
  -13.3431783892101     
   715.443596342430     
   1894.34531359156     
  -1000.97935533047     
  -1034.83324803650     
  -3199.93353725749     
   2183.81915538117     
  -150.743195654094     
   1234.66399286670     
   224.744290403293     
  -134.747827086863     
  -2711.37487342630     
  -769.551466155148     
   543.759480123812     
  -1186.15653475100     
  -287.752820042803     
  -1867.94612499380     
   953.690621897887     
  -359.814822944681     
  -1068.39962961926     
   1151.53648800931     
   293.848022891128     
  -142.979365784126     
  -940.691495201687     
  -702.290230367601     
  -53.7024286670952     
   425.009027234536     
  -897.131932035947     
   615.791806223180     
  -81.9825131776908     
   2167.48981141901     
   3545.81781237702     
   590.230838710707     
  -677.370958739108     
  -2019.05057709144     
  -74.6958348513882     
  -1093.20888238811     
  -5433.88034001665     
  -1542.35457137254     
  -612.721267717676     
  -1513.46361656159     
   3021.78578400990     
   1633.28869162978     
  -1730.01480982976     
   3647.15508333986     
   351.996572951757     
   1082.65019709848     
   889.684318805879     
  -1039.20939968171     
   513.270247906293     
   1613.53242677737     
   467.061468379613     
   1489.88194606179     
  -865.041474424119     
  -686.645286495440     
  -222.880084754667     
  -191.526785926551     
   2047.11425729140     
   827.477641774101     
   3122.30965383526     
   1116.08378839999     
  -3020.94812269217     
   544.614321149544     
  -37.8419927950868     
   1897.61045598063     
   853.859330693545     
   332.946660921636     
  -546.503987287290     
  -953.379657742756     
  -1505.74450292999     
  -987.495821135428     
  -862.669745415992     
   495.088080008503     
  -1867.09701467347     
   1779.37066189698     
  -594.377382209872     
   40.3639082390675     
  -1382.62917050293     
  -1332.31300073418     
  -2079.67027565374     
   302.323079886763     
  -1780.96738537276     
  -1146.46721909109     
   899.420458780966     
   185.751102122049     
   125.297078052844     
   1168.05503109445     
   232.353959015947     
   1361.39993057030     
   61.5812669737853     
  -656.356229526921     
  -1401.36953096754     
   3000.15447354479     
  -736.955353295827     
  -157.773851523057     
  -780.780128458234     
  -557.696734265143     
  -838.039645540522     
  -148.210325534707     
  -1364.82258180241     
  -2478.76308190642     
  -2181.40583302333     
   515.564592244278     
  -216.597067931805     
   2781.02967468449     
   1604.75378906296     
   741.897625667405     
  -967.921516672411     
  -1124.86875998261     
   1251.37850386546     
   1012.48094583395     
  -1584.02477691778     
   760.418133863591     
   1689.75275798798     
   510.382570766715     
  -268.951671505503     
  -1426.40925369705     
  -1738.30076689527     
  -1341.74779605225     
   134.364201224507     
   175.559140173582     
  -580.574701712955     
   1825.29029926799     
   1431.81349039110     
  -1291.00043360229     
   2438.98862374151     
  -449.355143047770     
  -8.12736696941192     
   75.6944519884283     
  -1446.67960650851     
   1369.67139424194     
   115.387620992615     
   1616.88046340938     
  -1166.59237771230     
   2172.69793290337     
  -94.5395360622003     
  -503.759687278955     
   316.510125369578     
  -822.205247469842     
  -2153.62687919789     
   385.568266450778     
  -853.260087072588     
  -476.087784499893     
   295.853974546757     
   1737.66644087072     
  -2489.70645015545     
   469.255416501892     
  -574.205921322049     
  -61.2182548821335     
   2142.91584926805     
   39.8069518916045     
   1319.73042623016     
  -478.228917715096     
  -607.946123055777     
   1250.95695238071     
   1195.55152600599     
   1154.24235381849     
  -836.287261550892     
  -1877.00376870822     
  -856.395195273679     
   5718.40890687329     
  -1190.82216003997     
   4513.88356638908     
   824.500377967177     
  -1746.40384935886     
  -2231.90434082475     
  -46.0367073692446     
  -507.258265556306     
  -67.2591509328300     
   313.714726738328     
  -95.1220420115592     
  -942.854923882138     
   923.009443891491     
  -835.871696716242     
  -622.628280075918     
  -2134.23956681319     
   106.842124145708     
  -807.340203551755     
   1.76341655982469     
   609.764352493795     
  -92.6089722792439     
  -129.565371418038     
   319.696655675933     
   1170.96367057869     
  -583.550501663603     
  -1051.34767904084     
  -255.208933510713     
   987.386658531938     
   3728.61535132500     
  -871.630739684946     
   2715.94677165814     
  -582.164375745638     
  -1074.12150077923     
  -350.301404105901     
  -143.518227929701     
   3012.39626473983     
  -989.860281553657     
  -2872.82959717039     
  -1489.49712601896     
  -2992.97354633260     
  -1894.21850431617     
   46.6729904849438     
  -1200.60191449680     
   520.782501091439     
  -465.963183297090     
   846.941587049399     
  -98.5473221455802     
  -739.835740166292     
   256.519946584655     
  -438.751575834909     
  -830.569546666778     
  -221.845978287495     
   131.173490695332     
   1711.88357036299     
  -1153.96268802834     
  -3129.57410307607     
   601.577892589046     
   1741.92138545110     
   1524.62162738763     
  -1459.54124390240     
  -921.534435619588     
  -237.664769633535     
  -997.444793370632     
   1488.29453252889     
   1561.42210175353     
   14.3300653827216     
   911.820376503938     
  -1559.32497353017     
  -64.7060032017335     
  -766.712454689405     
   246.102763202687     
   449.358795767972     
   775.982939904926     
   2052.02923765915     
   989.600242266295     
  -1092.10633055661     
   144.050469305213     
  -31.2609449002067     
  -1804.48812970176     
  -386.974315124750     
  -1164.32766775571     
   1968.67478955507     
   1300.13792908050     
   3207.89796490806     
   1577.71938892005     
   736.095243299540     
  -710.878835117039     
   912.412397248290     
   2199.28718165292     
   385.092764406586     
  -453.450647449083     
   209.783103465694     
   444.077553035400     
   519.627120746458     
   648.563612186719     
   1196.96326736971     
  -2830.91182141745     
   1506.49553114208     
   183.881675835936     
  -619.898565336988     
   1275.24740224729     
  -612.389004468203     
   55.3177728426267     
  -3058.41242926647     
  -734.579973197974     
  -1209.44030928686     
  -319.861028644363     
  -282.723165777631     
  -1711.83075423616     
   494.463869276740     
   1237.90787379844     
   1082.91461596499     
  -2419.15070433451     
   880.426148439478     
   1912.98334382880     
   2568.10179727255     
   2142.12749818196     
   1740.43163382375     
   2312.08997775524     
  -274.007328555176     
   2432.96632894683     
   4035.52807151573     
   1382.38963111715     
  -617.216263852781     
   346.301621462945     
  -309.019880016921     
   1043.49478745512     
  -1836.09105405839     
   105.415257107668     
   2078.89618534614     
  -1587.45279825121     
   1371.58252507801     
   1463.16001771256     
   114.782750124091     
  -5423.76501503880     
   720.720169891345     
   82.4711456349550     
   2311.38565184455     
  -564.186677447902     
   914.992814608265     
   251.505294642883     
  -1582.63500566343     
   2236.23093851053     
  -704.859724790189     
  -2548.23836168659     
   1738.11381626450     
  -1903.47786956305     
  -1142.07092797989     
   76.4867856705229     
   4490.76650450410     
  -941.325471407356     
   1172.54046488712     
   538.132018066013     
   1496.84912805208     
  -1333.84021999812     
   1827.82984496902     
  -1023.99888401951     
  -932.433834252151     
   309.597258003944     
   2761.09143548090     
  -2025.85799165009     
   274.028533487936     
  -607.726176083607     
  -1056.03235530568     
  -670.378640737874     
  -2979.46539909849     
  -1362.19434787655     
  -4289.48719819091     
  -739.961397581326     
   685.333482530019     
  -1148.35534454626     
   2377.32343294643     
   1068.14772299988     
   284.343006349622     
  -2778.18584973082     
   1090.32315103523     
  -1281.09102787027     
  -1110.32982030515     
  -359.925302294297     
  -1270.29512443399     
  -1286.62406216503     
  -1972.28612494336     
   722.200875537414     
  -165.227451960394     
   2531.65518680846     
  -972.067214022702     
  -1836.34292739124     
   2475.60554813256     
   1541.75065253336     
   1109.92652098307     
   1435.94180879661     
   618.410122560562     
  -2068.96657606755     
   1639.35999705119     
   3274.54162576509     
  -426.849483774456     
   2439.55990905800     
  -1482.52948018168     
   1083.26956533610     
   3816.69674636700     
  -294.765641100245     
  -1859.97068211493     
  -797.642118010081     
   575.492770631547     
   256.568501600211     
   819.580406002622     
  -1357.61760577656     
  -2310.37805413833     
  -357.082202158658     
   2327.54371598530     
  -422.609472803063     
   1891.97177332309     
  -699.658627880945     
  -621.951226201594     
   918.943574573599     
  -2500.52293274016     
  -2637.46283281029     
  -1070.60075182692     
   378.376829231053     
   314.912245862366     
   748.924013759985     
  -27.0446004490932     
   651.151987571163     
   10.8698930763331     
  -422.607117374088     
  -781.905298725839     
  -1813.38232276541     
   1856.63093236865     
   501.639563050702     
   2405.92961740569     
   2137.10197824491     
  -1017.69483654920     
  -30.1743462115903     
  -1203.84788476404     
  -600.930392352836     
   2084.90931548594     
   1104.46711600027     
   514.119294196664     
  -1757.55615363082     
  -2649.14983598266     
   73.7942264533743     
   2048.77639711729     
   1208.50588828863     
  -1895.32181958068     
   2973.61463324478     
  -669.294951308692     
  -1160.75300714836     
   1665.54996373475     
  -1204.09755042913     
  -1775.44603590458     
   1073.96242652999     
   655.236450080282     
  -360.871362968972     
   517.610414305777     
  -1738.76045474128     
   905.893845554708     
   717.763277338756     
  -2163.44023983692     
  -716.351221326255     
  -777.832558464143     
  -1345.22620682114     
  -808.621324922872     
   937.382842529786     
  -2661.65564774943     
   460.029493354563     
   1491.53905350512     
  -189.241582993612     
   2668.33035326106     
  -30.6738895530559     
  -1896.43108862343     
  -351.466414585707     
   285.695297036850     
   279.407293111846     
  -1606.58641475906     
   1335.57858008160     
   355.214286070193     
   208.268911939418     
   207.258345165381     
   3529.16816704423     
  -1345.13661897597     
  -823.791208543749     
  -1290.05841086525     
  -388.763384339042     
  -428.522481906407     
   1449.13316466763     
   747.427950294935     
  -144.711195020891     
  -48.7465636391398     
  -1222.35947055710     
   126.486475064843     
   916.925773887086     
  -457.374001507438     
   1394.25045731909     
  -1458.68651243277     
   1879.83116387419     
   1806.64330442542     
   1866.49826217229     
  -882.198172008579     
   1020.06388004397     
   1438.63369233614     
  -607.601995348503     
  -931.344121215456     
   1928.51259585591     
  -874.956611222188     
  -2430.56050810073     
  -3129.66749758471     
   861.782733575573     
   410.834853865200     
   1809.58381861062     
   198.020690836269     
   1263.59866009526     
   2272.80043768279     
  -582.524770739191     
  -192.916208493120     
  -3480.14640131334     
   420.464083650734     
   3326.59754588559     
   127.305432036574     
  -1128.46060602876     
  -473.670418050100     
   2224.71210973932     
   466.256741830637     
  -2502.28699605995     
   380.054971874160     
   347.913825630226     
  -1566.93190374411     
   1235.82676177700     
   2219.95328372172     
   781.690409077816     
  -913.733004635122     
  -584.054815726865     
   2475.80995242660     
   210.266684550088     
   860.593269455171     
   761.106787846584     
   1889.78930316573     
   657.471765837972     
  -81.9368375594721     
   443.433123532064     
  -585.984284147915     
   1329.69281300393     
   1202.53352428933     
  -2415.85531468163     
  -636.793773632300     
   2885.10610698806     
   1718.31849724352     
   3050.90282231041     
  -1981.68844821505     
  -2972.80153295274     
   1554.77513794809     
  -3251.63546411413     
   1632.89730122659     
  -906.393336895661     
  -1697.68727810789     
   3156.19349199228     
   220.089824392401     
   1353.34364463707     
   1916.85019094238     
  -831.854059572362     
  -2031.21455149131     
  -1258.76306160000     
  -465.262781321206     
  -1191.15319206128     
  -179.981969164743     
  -488.728918713087     
  -2694.85974990486     
  -1704.86716218819     
   802.154256392799     
   1080.02171127934     
   2789.10744914313     
   1085.32057189368     
   1029.67002785978     
   338.804690276589     
  -524.332403599093     
   1545.90638166108     
  -1088.50110519593     
  -236.855973869224     
   1416.31541353604     
   2135.15412565778     
   2033.20196295527     
  -1769.09412372402     
   3694.74284766252     
   2713.95214064026     
  -298.100933146412     
   901.870525980723     
   405.405359690005     
  -866.881811481676     
  -749.696970044393     
  -4297.78462436943     
  -723.875521182433     
  -652.621182250814     
  -513.515596017333     
   999.475313017411     
   1957.01474137710     
   2551.96631024562     
  -15.9947972781839     
  -3045.89442552744     
   426.009497443165     
   854.824003971007     
   80.9049169226331     
  -880.696506358244     
  -295.145813827522     
   3280.22435337327     
  -1789.72805343844     
   2850.87147281057     
  -1220.58816057343     
  -1279.79743460057     
  -1448.51722051922     
  -1795.78206283577     
  -890.955215449051     
   247.559887853235     
  -321.933900979116     
  -1851.02904200098     
  -3326.53060359969     
   1921.96691886859     
  -3039.78904808824     
  -341.340040389019     
  -1390.72862054649     
  -934.239867815091     
   823.632393207539     
  -3428.56243457835     
  -1070.02996738957     
   601.872903505933     
  -800.100850668706     
   1093.22175530967     
   1555.43359716994     
   334.627201363058     
  -305.054262933014     
   469.475860854573     
   2525.60160921113     
  -1874.41481609336     
   837.614610752791     
  -456.920843914701     
  -1969.21471356235     
   275.745716639219     
   414.435933554658     
  -2042.06741595738     
  -833.032579590161     
   1825.38192403016     
  -72.7184334354839     
  -1616.51708475148     
   1383.93041530610     
  -1034.50224450053     
   2639.55466758593     
  -1548.46410182084     
  -491.205703463216     
  -1499.79195774777     
   963.130587613616     
   1382.05584407917     
  -231.434276331422     
   1751.13954937614     
  -1438.21012878769     
  -238.666312167841     
   619.293984615843     
   688.732824186192     
   1124.30859023749     
  -3180.58185213372     
   862.853956015978     
  -886.689971138494     
  -1981.68118965056     
  -2301.66715893219     
  -362.578747288132     
  -932.736568296568     
   394.682262681778     
  -2016.30324607518     
   2644.15994862491     
  -1262.21006919781     
   1067.97311668924     
   19.8299136850194     
  -2946.90439259261     
   120.549705592162     
   1630.53767465526     
  -1138.74947646896     
   1288.00187633232     
  -1002.53343673678     
  -1353.60112833095     
   332.067031606381     
  -309.106148880100     
   648.622855513976     
  -650.324036281906     
   1237.31227173589     
   1235.27594692583     
   1592.98068967809     
  -3362.32816544214     
   2949.39051975158     
   1163.84610665704     
  -98.2007869193658     
  -716.234849539886     
  -1411.93075561752     
   688.970853354493     
  -3018.44363915386     
  -658.941985907930     
   1787.42998047972     
   748.747096981121     
  -580.716648450916     
  -587.533121912531     
   1336.75156513387     
  -1504.76574685655     
   28.8008598932680     
   2487.23831364396     
  -1207.43303848199     
   670.452602066384     
  -521.322252339587     
   3513.92147522399     
  -2114.84704815636     
   1877.89100029912     
   2696.64075056342     
   1763.00238502883     
   1856.71224712965     
   1562.83901045553     
   455.009656048115     
  -845.676690783453     
  -1383.00831478788     
  -911.220907232382     
  -951.562649863914     
  -1927.57841684827     
   2365.62536579816     
  -677.783682848933     
   4427.82535714068     
  -1675.42917645533     
  -1398.40064928213     
   956.169419404332     
  -607.206765814321     
  -963.142353494467     
  -674.993353124850     
   1644.86213673054     
  -1185.95808930273     
   560.010149232887     
   896.562604548637     
   1896.74419011746     
  -695.580242196179     
   2085.45991170033     
   1281.11742561514     
  -572.369068805314     
  -177.213499398243     
  -1722.50184756422     
  -765.061111471264     
   579.099034823359     
   1545.45972299573     
   2362.07818768481     
   2276.98760443086     
   660.003017095246     
   810.524859972966     
   2533.47005101307     
  -2347.16800187565     
  -2639.36180103134     
  -2290.69237229673     
  -829.589297054399     
  -236.141892840566     
  -1703.97069022063     
   884.708538282797     
  -332.096058276814     
  -2615.12617347677     
  -368.151824175501     
  -2278.16980806427     
   1222.09139968302     
  -2576.70949295807     
  -928.778133685543     
   532.149262495582     
   329.588097963868     
  -3858.24373922615     
  -868.466165969530     
   3215.39018670401     
   2225.88846168302     
  -1210.15182158901     
  -820.581908108035     
   1098.14862842877     
  -926.947294245203     
  -2089.33945371976     
   576.867141994512     
   2727.45754140228     
   42.9689717842587     
   1243.30750728785     
  -732.926828056772     
   632.931581050063     
  -330.329444813008     
  -2257.57973145267     
   21.6948194881544     
   2443.60476625984     
  -506.487816357321     
  -1863.37512848634     
  -27.1810221050075     
   1020.42244532298     
  -4434.16616720161     
   318.558833871915     
   2368.77662122260     
   679.087753133089     
  -1021.38446778556     
  -1673.72543512416     
  -165.903286320626     
  -1019.33332040905     
  -413.937544931907     
  -290.961422752354     
  -2249.95786722488     
   1676.94486535127     
   1214.88490760148     
   4143.27955639728     
   3155.41494809984     
  -497.744239773592     
   2339.05274185044     
   145.582999907695     
   1396.46503981573     
   357.480728765159     
  -535.619784789404     
  -1768.71522498438     
  -2280.50675864420     
  -2523.59387575370     
  -2068.06417973607     
  -3894.82571993357     
   3244.99266663712     
  -156.988775468675     
   1598.05800001707     
   1508.24928742185     
   1559.28416174697     
   3759.01518430402     
  -617.181489729992     
  -70.4916934836215     
   610.736854332762     
  -884.469137518770     
  -2850.92791701698     
  -113.587420800565     
  -1439.42496186616     
   103.294799603976     
  -1025.38618817768     
  -1675.65572752334     
  -279.067615640955     
  -174.672069420396     
   167.701459206679     
   790.674351748654     
   443.080917737622     
   538.436150724940     
   1471.03713608267     
   3414.54365905140     
  -2659.41855785700     
  -1445.49835485331     
   568.730899584175     
   2209.99621992936     
   1278.01129059223     
   2061.89131374950     
   987.690733599240     
  -789.027291444846     
   1261.50843541611     
   165.847862909517     
  -3073.18495605022     
   1262.60364640905     
   2538.07562835064     
  -2744.17630931776     
   989.636789068487     
  -126.663896936785     
   377.698997135256     
  -106.635139463068     
  -516.369755480779     
  -1318.29469323699     
   141.419089330579     
  -1261.26885200790     
   132.868660849242     
   1795.82250813425     
   1818.90757229111     
   1020.45906363294     
   382.626336978297     
  -49.0733041322347     
   542.787756225335     
   3690.74927720570     
   837.171230264926     
   1226.40816584358     
  -546.224979888076     
  -2226.53408462727     
   791.498308792944     
  -462.038952830438     
   1016.79235569822     
   1315.52272552085     
  -2914.66484285901     
   1138.46518093422     
   298.439367336228     
   3729.45335598469     
   293.352608131254     
   1224.98224703327     
  -554.275560591624     
   754.138032324065     
  -399.335884430938     
   3391.10136869185     
  -327.047038799629     
  -3932.25040020651     
  -494.867463928755     
  -1.01045242226201     
  -705.504073832529     
   988.286399128530     
  -935.291879920363     
  -50.9362784152272     
   837.324455510908     
  -1004.88356047367     
   2310.45097904516     
   922.265899964984     
  -314.145290232437     
  -1137.84390865285     
  -2220.38658502076     
   1805.62883201845     
   1359.57887108744     
   478.351571736199     
  -246.559196707463     
  -463.830974614355     
  -817.419215603224     
   1903.27193896705     
  -130.390355506876     
  -1978.88495552762     
  -2462.32065807029     
  -1175.57349783975     
   1276.33218654999     
  -1130.77502171393     
   1639.32547342954     
   148.274487786550     
  -882.146214096658     
  -10.3659733022400     
   273.814608770011     
  -2214.84307074559     
  -584.743364005484     
   674.330911275803     
   1112.83971053782     
  -2272.58215955783     
   1476.40755615971     
   1823.41151550877     
  -367.184303091844     
   582.380172575504     
  -1633.68742750972     
   608.337017149183     
   485.557716153441     
  -1322.54777519403     
   5.54027453758829     
   830.491489938337     
  -406.868767201567     
   889.442572834404     
   2440.78866003109     
  -1231.52964306696     
   572.195773139936     
   1178.24458040429     
   1350.70448034077     
  -2589.06274972767     
   723.344253959195     
   324.802545904460     
   23.1001404789776     
   1320.63652051622     
  -3671.98717471460     
  -1020.54970848411     
   312.045035820186     
   872.633470930541     
  -786.841428406413     
  -372.166377587307     
   1696.78563618072     
  -7.11229018506037     
  -1846.18119044627     
  -1330.06245164610     
   1268.93138658073     
  -595.079122328696     
   1895.02489670774     
   1271.68709122768     
  -633.765777930524     
  -2055.61311888049     
  -911.131548476031     
  -2808.60757533446     
   2511.42861918223     
   140.368119961473     
  -3247.71000170100     
   4768.89840055248     
  -1684.57271150642     
  -4867.65299634867     
  -1798.29466806617     
   54.2873433556608     
   2945.69112458679     
   273.598754101384     
   1590.56940156228     
  -2035.71992349178     
  -410.852643724638     
   1327.79273545823     
  -1117.16930476334     
   1041.52954457962     
  -1943.01313717467     
  -1013.81293513194     
   383.385132451686     
  -1537.27966197275     
   934.831366261242     
   31.8144106457029     
  -1225.04114565380     
  -1096.67173184282     
   767.528283553435     
  -77.7333932175703     
  -2417.72087756768     
  -444.193638003311     
  -1147.28394349179     
   715.815534958689     
   692.374464404568     
  -414.821454216843     
   823.023182913316     
  -1083.13443063139     
  -466.261178457513     
  -1807.48705720974     
   166.413903526107     
   2959.32053031244     
  -72.2493618132459     
   169.593603483771     
   144.041284153351     
  -477.009611138864     
   1818.18164501584     
   4166.57143799764     
   717.087573274193     
  -135.277927476548     
  -1549.07680563686     
   2119.24922849584     
  -1678.00178879171     
   2060.36928552384     
  -397.307610331120     
   2166.78382418297     
   511.017724681968     
  -2018.69625629450     
   1570.31714923492     
   66.3063127390504     
   1314.51760639873     
   4448.31296854146     
  -1329.51797239476     
   557.822626034012     
  -1381.41050782206     
  -83.0053814231779     
  -973.070284458677     
  -1856.05231455717     
   12.9722624945198     
   4154.05164479494     
   11.9828296427215     
  -1164.63186133962     
  -351.845739796541     
   105.097236082326     
   275.363157067878     
  -449.616245815574     
   3201.02499215198     
  -4315.93461585584     
  -2440.31710691714     
  -1572.46095367291     
  -752.478246333315     
   1832.03950839946     
  -1312.76257612846     
   869.630368661839     
   1796.82657723561     
   1349.22846596336     
  -2820.67004151114     
   1368.48045787362     
   714.253855982310     
  -364.731453908515     
   695.840447740548     
   1236.16162409094     
  -2239.76271936877     
   2003.83236828118     
   1105.39183093174     
   2135.31993350385     
  -793.153171882872     
   302.283763700029     
   1102.91689257277     
  -1011.24928870246     
  -485.542462236065     
   264.050102018076     
  -1455.57819040354     
   358.595030161586     
   1734.14193787576     
   124.135443070722     
  -2607.71276009442     
  -377.635693250136     
   96.0707737008523     
   1713.21898128473     
   1123.91161797636     
  -992.373884116049     
   106.419612770544     
  -438.792377900032     
  -770.163952242781     
   160.070085375360     
  -874.698128376683     
   343.269524369250     
  -170.499405724473     
  -1869.28472688905     
  -52.3101973564703     
  -87.4985537546163     
  -1905.62167687070     
   1238.04693892661     
  -622.227429378099     
   806.560797090101     
   1156.88073853618     
   97.6174818896682     
   1998.57112238884     
  -1036.47060306717     
   2576.12067821748     
   324.242639840126     
   264.294024841660     
   3219.30274149617     
  -456.375822080860     
   643.584100577918     
   829.601978687782     
  -2205.34881242043     
   1141.46236296669     
  -1064.74573314057     
   2024.70963148500     
  -147.030247162621     
   678.737841281141     
  -417.581732584522     
  -1939.08868565074     
   1017.30707377811     
  -458.198946510313     
  -2904.95548618599     
   1818.22095104022     
  -1435.66294182125     
   1150.56969821082     
  -4312.40600198678     
  -2206.71480835552     
   372.866014196171     
  -1378.52428957614     
  -922.110585769155     
   717.999189586541     
   77.6735610553216     
   5519.88769071734     
   1020.91898827207     
   2395.43826615160     
  -421.395989479505     
  -825.819504571156     
  -1291.04491762575     
   3231.02537676166     
  -1365.24559149684     
   1515.79488402898     
  -1634.19877022951     
  -629.739011049390     
  -1440.48837234605     
  -2245.37444603536     
  -5056.41379060237     
   1693.35405223355     
   1550.48902700759     
  -1311.04621257687     
  -1630.83827687351     
   1693.39866569944     
  -3169.27813381830     
   192.762110921780     
   1356.79424360063     
   858.211327205370     
   2488.80910089954     
   532.405365005816     
  -761.144498589459     
  -594.440477231738     
   3818.24987453721     
  -492.293845257077     
  -1769.80345849238     
   1641.00849741008     
  -1927.48587004333     
  -1926.40518907384     
   1072.26172446489     
  -830.982761483043     
  -254.447711887643     
   117.557296441733     
   955.200367197674     
  -2565.95432518924     
   1000.36967951408     
  -1624.49965673798     
  -315.290030511825     
   394.771544246033     
   581.869468170708     
  -4476.17231453687     
  -68.5804902359854     
   1470.43773490666     
   3689.85742527421     
   2565.25518955724     
   13.5834363654173     
  -209.488374677852     
  -1658.89859869050     
   468.539430743314     
   788.818975543934     
   495.348465347501     
  -472.847620013918     
  -1861.35359205767     
  -803.887881956837     
   1129.26013137391     
   2100.61535479366     
   1413.68340311081     
   1352.08659117210     
  -1577.84820595516     
  -1723.50561755788     
  -357.648164988162     
   1282.90677769769     
  -262.503303090359     
   1567.37237957983     
  -1663.48752427741     
  -1147.58682971119     
   1269.89880423353     
   2628.38497453440     
   1849.18012818759     
   3.79709994280731     
   992.639784584397     
  -2273.04967644201     
  -278.520182702728     
  -3806.40375733343     
   3051.60258183065     
   779.808483475461     
   3199.75435546011     
   1350.39060232718     
   2802.95025920312     
  -863.712365183626     
  -1255.05169199768     
  -2370.19796084618     
   2297.58351593599     
   311.247891812753     
  -889.398307229060     
   2646.68879284652     
   384.210087865252     
   2599.36641009607     
  -551.336105391141     
  -1211.31129216315     
  -710.480703996033     
  -506.590392260912     
   2668.32726846264     
   434.738371069506     
  -1938.71269640962     
  -1007.01184543860     
   5024.86008002658     
  -2647.62040714043     
  -3317.13369141302     
   515.557733070637     
   273.715272059424     
  -1858.81349542463     
  -2860.63964934916     
  -1725.12480017748     
   7.33866666466406     
   1396.33735087113     
   2260.55918609873     
   22.3036154897688     
   1235.08888862235     
  -2464.21233528586     
  -1252.08191926143     
  -14.6352584027334     
   353.902952488660     
  -697.146780376676     
  -1122.17425401554     
   955.267625378579     
  -2668.51607226969     
  -1087.17546990225     
  -3104.57248281813     
   839.494129064390     
  -2019.38564328344     
   548.064102247686     
   636.950473085984     
  -1822.42727874604     
  -1846.63583114774     
  -416.639947237087     
  -3051.75474053372     
   360.879692212265     
   2181.29564881468     
   1373.93009127991     
   796.024682536175     
   1194.51764032176     
   521.856404102732     
   3000.12024084442     
   739.368345489373     
   322.572668903087     
  -251.205215863185     
   1266.92400674960     
   208.105618824744     
   709.929453915628     
  -602.721465965124     
  -465.238583161786     
  -728.315747191172     
  -1814.52265559075     
  -1046.16675307209     
   193.427070155887     
   2080.87647554761     
  -2924.39259915149     
   1846.88370688305     
  -717.550195701431     
  -369.012830300690     
  -328.067534434150     
  -1654.76656804972     
   2103.07615522154     
   425.227438879023     
   1191.79696406921     
   572.470787342436     
   3576.35967517310     
  -1735.66645511151     
   616.281380783982     
   600.985899583821     
  -953.141531631235     
   1582.63712048574     
  -1181.91653869091     
  -484.818523022238     
   146.790943515748     
   725.051796301923     
  -211.699240683548     
   788.912991925495     
   2160.52923097291     
   4.58322195377229     
  -1592.02015987000     
   1772.63296548775     
   438.023159750907     
   515.607525304248     
   178.922436288446     
   2336.92995077708     
   1767.53972712262     
   1898.22923453706     
  -1749.49618423089     
  -3147.55492932754     
  -2244.08482479334     
   2046.57011537098     
  -1589.28690664877     
  -1210.44736271373     
   558.664574826725     
   1312.68147566845     
  -820.025933464071     
   2895.41033057979     
  -2550.99081755227     
   3371.31170141713     
   1269.04097176015     
   352.122687013191     
   2152.55797781667     
  -335.583515626343     
  -1426.41876789389     
   356.412455378231     
   106.873717385638     
  -1017.48461606133     
  -1560.32693300770     
   3.98365549954610     
  -1655.31136549273     
  -2535.62593467718     
   1605.06523834241     
   2668.14444887870     
   724.381216405304     
   601.998667664133     
  -1517.44749478197     
   2813.54196031150     
  -1333.47908989246     
   4531.10323172917     
   2221.36761860625     
   1761.35539039332     
   729.152008678033     
  -2149.49260619204     
  -1096.59187282395     
   3889.62051166963     
   1416.51046383977     
   2017.73624582504     
   751.476646811994     
   2470.54344838713     
   631.826665359191     
  -272.316572055102     
  -2445.32634322413     
  -2098.82423878115     
  -375.260184280846     
   915.316224219698     
  -2870.94512825965     
  -2151.27867954520     
   1317.44573353880     
  -962.021407640220     
  -62.1418960556280     
  -225.762954451279     
  -815.106888808823     
   466.935261987170     
   1350.82169894957     
  -268.718566656874     
  -534.216978610672     
  -464.762456498213     
   55.5220372106857     
  -617.637584491365     
   104.067447843500     
   3836.17150560063     
   654.703248283952     
  -2563.67151372034     
  -1943.23133343543     
  -392.760135370741     
  -1091.70418927654     
  -1238.85198200149     
   1027.53076358796     
   1023.35147661109     
  -181.083262046218     
  -107.353528639293     
   253.619340002948     
   1765.58620476840     
  -286.517559107488     
  -290.759364254132     
  -627.767719617006     
  -934.394230224809     
   970.924997732764     
   97.4469373022085     
  -634.116013702898     
   1261.41253006694     
  -1138.58687980214     
   811.347954173528     
  -1369.81870981096     
  -2362.79738197167     
  -2172.34182448924     
  -1371.30360752094     
   937.627259320139     
   1843.16174768769     
  -131.055728277766     
   4666.39992073159     
  -1499.45668286136     
   1170.44635036876     
  -417.741719168362     
  -1055.77912911578     
   1726.07586697324     
  -187.345952160027     
  -1967.29284937779     
  -1608.12947593923     
  -3576.57725867274     
  -238.804556544381     
  -53.8979914001951     
  -3283.42586366604     
  -526.235278193972     
   90.7728987008895     
  -3156.31433146210     
   1427.39289765141     
  -863.625736512905     
   2738.29634111839     
  -133.242182774393     
  -1216.74791395608     
  -2703.72576561869     
  -126.112131952237     
   1905.61838320569     
  -325.134589966189     
  -1657.56593476531     
   697.466106466475     
   1640.42546057610     
   200.198711488968     
  -822.256613644963     
   3208.02583215376     
   157.641949573511     
   1930.20069939989     
   1797.34107212915     
   15.5567137429734     
   512.169993992005     
  -1902.05871224537     
   166.060411971967     
   1093.85508391744     
  -1962.84211255044     
  -2552.90400418435     
   519.143208465070     
   1251.38005875787     
   74.0033563374899     
   1760.17333053098     
   1078.98288634402     
   686.675567190383     
  -2498.19790938610     
   826.223853717424     
   854.750377815262     
  -742.114188528717     
   2341.51945527616     
   897.723829681059     
  -601.610093413231     
   376.127569208645     
   1161.62832654963     
   746.678307946997     
   332.966772376234     
  -568.381521430448     
  -91.8143763511857     
  -827.836118390005     
  -529.716884309579     
  -442.543412299082     
  -2709.33772943292     
   1553.22492949007     
   712.820224859014     
   1757.09194909589     
   856.696273726756     
   3159.64111110294     
   608.358528645619     
   1162.80643641068     
  -1718.25453618890     
  -266.442170395276     
   270.172659198873     
  -104.308797753739     
  -559.688098317353     
   402.849551805241     
   61.2444462938503     
  -953.966945593932     
  -516.724016926163     
   651.528504339387     
   696.029987760708     
   506.874435525477     
  -107.233149241374     
   215.595676507769     
   1163.57835126937     
  -1368.59212504487     
  -1244.05163491416     
  -446.124784471732     
   1607.61963918187     
  -640.248365419584     
   177.168028412484     
  -503.570173912902     
   1811.03801799603     
  -352.789485653693     
   740.446337888857     
  -537.978155892775     
   405.689621454896     
  -1530.51565140464     
   98.7748525757699     
  -402.269919164603     
  -289.502687045059     
   74.8114694771187     
   288.339760996571     
   825.268861415636     
   1627.44810102423     
   778.197923521904     
   553.733777509232     
   823.592228389777     
  -431.673002002334     
   410.059418921280     
   169.541083260064     
  -617.740452952589     
  -726.421966379791     
  -446.405327596095     
   788.028254131964     
   1019.39947428655     
   2135.75493353123     
  -1207.39007789256     
  -450.725730027758     
   558.099222097613     
  -634.429848087348     
  -213.954580553744     
   1754.49401140672     
  -1300.04635138845     
  -621.586280724746     
   774.116059186853     
   434.194039955108     
   483.967805723576     
  -2404.86848825460     
   1038.59791265865     
   2419.54876444287     
   35.9956548595936     
  -634.076022750766     
  -151.337772311439     
   87.2055987708342     
   600.554396993951     
   371.261758304139     
  -148.586399468323     
   1857.93285809646     
   488.795762567711     
  -777.986908623248     
  -365.527824968856     
  -83.9187475750923     
   277.992283517924     
   641.707137230061     
   886.897715475822     
   185.076218088679     
  -1395.93270910896     
   579.060443969509     
   2384.56216305320     
  -1526.06846321476     
  -273.971759994123     
  -581.307838619590     
  -3625.31863152107     
   423.297378175517     
   3188.23847380257     
  -102.593983020196     
  -588.433062312417     
   1030.78219885821     
   430.686436644469     
   1263.26854402272     
  -1543.35980214117     
   470.095168034468     
  -869.244605541632     
  -1214.61709669345     
   1577.58024782648     
   1035.38186552098     
   1254.41312725271     
  -161.426124179113     
   2816.68585522917     
  -525.420500006391     
  -809.587584993894     
  -515.172423128574     
   431.346150628533     
   238.926882659072     
   506.902904071713     
   572.889113383719     
  -445.280070412975     
  -749.345863289863     
  -835.291064521406     
   1372.30877457814     
  -1808.17318829350     
  -1251.75107244842     
  -531.212094946641     
  -656.065774191405     
   869.879258322968     
  -1788.25823843342     
  -1191.94574585984     
   1441.70435679433     
   108.348650294288     
   194.027594816092     
  -70.2864831960032     
  -1529.41563974149     
  -910.660708380500     
  -193.228229869059     
  -381.349637129088     
  -601.882959470593     
  -415.434461770285     
   386.556740748630     
  -829.851945254516     
  -1611.27490300447     
  -627.832403051577     
   1703.53859524097     
  -522.494557516049     
  -69.2338836642972     
  -238.408233345032     
   9.31693321539043     
  -657.226381840214     
  -700.162856030474     
   579.078588444661     
   448.765686849978     
  -2531.15997215897     
  -868.854787437258     
   204.051838433312     
   320.269121887712     
   1044.80190648480     
  -468.371895464249     
  -1386.89157236941     
  -895.567792530272     
   2262.43008828988     
   579.110440669401     
  -442.606343973541     
   949.575628909071     
  -955.753619543259     
   422.731705635548     
  -1147.90696437558     
  -552.262292020545     
   1793.27048437069     
   605.602827081719     
  -1178.37614178588     
  -1383.30542162946     
  -568.914842265138     
   909.048410871901     
   1189.78525276048     
   111.842437349800     
  -633.744882508302     
  -2717.65673708232     
  0.530710721382150     
   485.483334171274     
   1023.08395842971     
   2327.20545349919     
   2326.80509798496     
  -658.081621056379     
  -1135.16128170832     
  -543.846907402037     
  -672.680219860276     
  -1328.53396731998     
   438.700338868036     
  -623.613456016955     
   738.381763791936     
  -123.294918527048     
   909.573465842295     
   1289.28945309616     
  -1021.10645066477     
   1384.68728328455     
  -589.886761698021     
   567.105826984653     
  -1385.79926105738     
  -761.984598985525     
  -486.106479563971     
   327.433005311250     
   791.733455046364     
  -81.3786675487053     
   60.4453994766584     
   1252.04832573966     
  -316.125075283633     
   1508.28866924709     
  -136.686525842724     
   530.697338341395     
   294.343380391398     
   3125.41469851381     
   2346.68870395983     
  -629.432577991553     
   1100.19302118608     
   243.011771436512     
  -2205.76166871850     
   2655.46708227482     
   546.235972881621     
   742.120902755065     
  -4293.73689223226     
  -1811.88616480343     
  -203.271400532271     
  -1593.46057281867     
   704.031997977844     
   580.513699279009     
   1864.37681418690     
  -4129.13595775098     
  -985.400689409897     
   316.466277930178     
   426.549650810299     
  -322.681795018406     
  -1116.52374696674     
  -354.775126029874     
  -526.208161396653     
  -3564.58309526071     
   345.453600016561     
   2953.69183972049     
   588.901067367384     
   2035.43888470268     
  -638.371710212696     
  -1614.44425495339     
  -2485.65249073156     
  -2860.36782966001     
  -1062.74403158238     
   1691.61318888922     
  -145.762973038762     
   8.81560866688733     
  -506.448474069803     
  -102.720038883363     
  -369.632348488007     
  -569.556540111761     
   1758.44655440628     
   1358.43343977985     
   338.204496281119     
   1987.72222359050     
   843.392723217740     
   205.416736619111     
  -381.719706024105     
   3989.75818321207     
   633.730313121680     
  -307.810702124260     
   921.394166813321     
   590.182327511377     
  -1223.48473991260     
   675.392757101871     
  -298.639288756316     
  -1058.99430329974     
   460.123498071055     
  -1860.57466649327     
   489.501402499377     
  -302.599118506441     
   588.849581912141     
  -2022.38909483949     
  -52.7602976176275     
   1456.56662403038     
   63.5059290841574     
  -5292.67833338157     
  -791.013624386455     
  -319.079821925379     
  -1421.33131067733     
   598.712422024700     
  -240.887405877257     
  -241.103679758743     
  -790.548485383798     
   1532.13465964841     
   2381.20072816010     
  -14.2163711652611     
   1095.27126838662     
   974.573513181923     
  -1193.39136048267     
   4747.84307793794     
  -1352.45023955970     
  -2402.26882435398     
   904.197856733149     
   1753.37367181293     
  -1414.32888174017     
   3929.12327206371     
   17.6343447921689     
   866.163775319182     
  -408.429319275605     
   1035.07486941664     
  -135.196805868098     
  -1517.95613882470     
  -870.379225018237     
  -275.821239985760     
  -332.446229338909     
   328.490827946056     
  -244.237847628188     
   616.817662044453     
  -842.479368880174     
   973.938269473425     
  -471.978042295461     
   104.840674211419     
   1562.15216023425     
   2319.56509444302     
  -1821.00223934858     
  -648.847119294852     
  -495.077053457772     
   279.563908736632     
   565.979909382913     
   610.077246617560     
   1705.68838178623     
   78.8557211909413     
   459.664417405701     
   615.139037759298     
   1092.29013890553     
  -1931.50442668794     
  -2202.79167927434     
   111.541671860226     
   1988.62744583316     
   666.662520076983     
   884.475188256013     
   289.902638509991     
   884.606793852378     
   297.717427649361     
  -104.204380275123     
  -100.511316474540     
   345.837656798201     
   473.611755416084     
  -567.702637320916     
   926.775238619731     
   368.824087857717     
  -1277.61571290999     
   1507.29347429236     
   2342.52444210224     
   806.773054113191     
  -3001.51595892221     
  -1114.22484013266     
  -324.798999266620     
  -2179.49647519523     
  -32.9350100105854     
   389.216038627178     
   1494.10047260164     
   989.498138320361     
  -894.054975634475     
  -51.1781086237773     
   1998.79481201902     
   559.821808448953     
  -2212.22036197490     
   1109.30809613775     
   2340.11039032368     
  -1510.93834984080     
  -1773.94157163361     
  -15.2661403932114     
   1521.59441364555     
   1874.98458532658     
   847.255683766986     
  -1081.24267873209     
   1026.16584819783     
  -1451.31854294615     
  -2583.28341074519     
   1088.69070167105     
   1691.88930673535     
  -1695.08207462347     
  -388.711409124518     
   1563.68366657512     
   45.1759537668424     
  -545.446423477146     
   604.083081386346     
  -296.180462022315     
   1698.65582672936     
   1535.98261985295     
   82.1582371632441     
   1081.80629133846     
  -577.304453054146     
  -555.761072828990     
  -605.127133773787     
   2155.85947770860     
  -942.205221480123     
   218.144679520080     
  -1211.45119678509     
   560.953619796422     
  -467.281877564883     
  -408.911459508196     
  -111.827196015239     
   617.532077981444     
   1297.09820238113     
  -1225.76275660600     
  -167.908721575724     
   485.004968336991     
  -900.966933419263     
  -390.263681348800     
   326.814497410445     
  -133.459812246760     
   1474.83905546406     
  -25.0479872426827     
   110.806332296882     
   1987.09252714957     
   1832.50335043493     
  -191.001927171866     
   843.754053308715     
   171.585959681768     
   328.846010228162     
  -159.064896042477     
   297.944567363893     
   513.685486948185     
   979.739351865643     
  -2994.88733685750     
   305.349713803213     
   266.861720201807     
   265.010994609943     
  -326.418982551865     
  -1234.12301357836     
  -368.613336324320     
   1064.84473915865     
   377.406326822048     
   575.251489886489     
  -112.062692442287     
  -177.970240805775     
  -896.418459083800     
  -1516.53360951322     
  -159.173167296290     
   770.111104622104     
  -998.383892867293     
  -417.813542610338     
  -1501.48631070957     
   2101.12644462563     
   1562.57899703081     
   937.146528436601     
  -787.562370909927     
  -1399.34312701277     
   1609.96708511813     
   1004.60658321955     
   474.731447578338     
  -876.551028719624     
  -307.505677584468     
  -168.757485921518     
   1372.12347089945     
  -1710.65227003656     
   251.396899299368     
   613.085607412396     
   1098.57336208248     
   364.106582354565     
  -1210.77876541392     
  -183.925743065030     
   10.5892758561841     
   273.330796871060     
  0.728632557344071     
  -1038.92321046582     
  -3240.22374078208     
  -802.698411927213     
  -2.78987359793621     
   1017.73531893060     
  -1144.36763979509     
  -150.916368028920     
   41.5749188455347     
  -2448.11598661032     
  -372.263618442484     
  -495.750325785862     
   523.022128586524     
  -649.567236631400     
   29.4975427758401     
  -203.892016737525     
   442.516054898533     
  -5094.97587709486     
  -773.900039241732     
  -1482.96789986160     
   2126.39924377184     
   4193.64409446781     
   639.991480540766     
  -815.761039134763     
   1509.71822222949     
  -586.416170714039     
  -853.714588009941     
  -968.204569530373     
   1848.65959212294     
  -1338.48766489421     
   1641.02931499851     
  -1315.41746602920     
   428.465691993967     
  -1170.79284532289     
  -602.077801671142     
   1189.56138154412     
   1877.82221051610     
  -2049.86612953658     
  -861.459044899449     
   1817.11178195778     
  -544.787845678126     
  -249.271571642335     
   714.857303805822     
  -499.726346078258     
   275.036735753775     
  -1119.99302379506     
   36.5012055802127     
   861.436623479591     
  -88.6984242577491     
   1846.70541210145     
   1843.10945369156     
   1189.89630540632     
   594.453545707947     
   1753.17885156375     
  -517.998325301919     
   1327.27628641168     
   676.706537802980     
  -70.2446736967797     
  -278.853403151484     
  -213.635510656395     
   99.8983297142887     
   829.441739693418     
  -1641.66686799458     
   1439.13135765184     
   863.989054527654     
   1072.37845565597     
   179.647847352431     
  -883.047747659055     
   140.443702878618     
  -268.590889513761     
  -212.794306055379     
   896.516091267276     
  -150.502786524475     
  -1154.47149030171     
   332.922163494964     
   583.092785842427     
   572.655674319727     
  -236.569075146197     
  -289.929421390284     
   805.421775226677     
  -2326.37160032261     
  -860.006167370737     
  -901.557248939309     
  -3214.85278590486     
  -2370.35249737016     
  -825.280718327763     
   17.9574183557141     
  -1011.01650584441     
  -260.081541072849     
   2037.60658050251     
  -459.929062470788     
   341.202345214732     
   623.010457852667     
   1153.11310867617     
   438.606287433850     
   344.378722085679     
   674.962229395946     
  -722.446146756041     
  -2103.28269732596     
   108.009670591323     
 -0.459460154372167     
   691.227636625323     
   442.558714226644     
  -1662.60149575001     
  -1649.33853007128     
  -1528.49705543230     
   1071.73852139514     
  -107.764759316654     
  -1370.63484486475     
  -1773.55041127772     
  -249.456859451114     
  -458.055606097440     
   167.399319618152     
   2599.44906774808     
   5.01672156365521     
  -1752.77130236551     
   1576.09510324822     
   2800.27030304961     
   198.916562433326     
  -463.245782560675     
  -1615.31379513920     
  -723.513165901585     
  -792.065040484283     
   1415.44507700426     
   336.188750221000     
   283.710584554563     
  -271.728282433738     
   1294.40090563462     
   69.4590684266698     
   250.994246461723     
   1895.79155317191     
   527.260436287414     
  -298.426992282030     
   2898.78532081163     
  -1809.03368290054     
   390.875602130118     
   943.037047722652     
  -413.491732560693     
   1121.19083528491     
   461.626378649136     
   294.166317875197     
   157.361532205190     
  -3814.32350034213     
  -1033.21468519765     
   34.3385208119573     
   736.027046611288     
  -301.451266603106     
  -1679.17842050532     
  -31.2576296372657     
  -1726.98950599207     
   792.377818741198     
  -1302.48676048865     
  -2362.26833566508     
   1255.76059477105     
  -316.462590784197     
   1344.61412994467     
  -1237.90489159381     
   1061.63642116221     
  -1298.65886935803     
  -286.046709818852     
  -74.0325427135844     
   19.4561514833672     
  -2882.88039775523     
  -829.836712694825     
   1041.50558430885     
   1614.48821011193     
   1560.12777513806     
   1139.60600419737     
   433.881032690914     
   789.232926972638     
   1216.98549392316     
   1623.89056997977     
  -6.01538187804078     
   783.154335446770     
  -13.0724785919134     
  -257.978981009301     
   416.355446554218     
  -868.511357397924     
  -5347.19887345591     
   4046.22265084926     
   70.1726371407497     
  -173.924569077673     
   67.4852954342473     
   3439.39237288925     
  -1603.75787958332     
  -1092.90312074791     
  -78.2212155710384     
   712.948388551745     
   765.503185124853     
  -1733.18298656636     
  -722.434797857076     
  -285.961112974231     
  -1174.63775564553     
   8.34101962881448     
  -733.285865793737     
   740.935438324484     
   3049.70700844237     
   1091.94001499984     
  -327.129718726431     
  -182.073328208171     
   806.489870749320     
   2321.96413584292     
   631.003419316559     
  -839.012079484141     
  -3865.39085946142     
   405.842131742353     
  -2119.33986590023     
   2309.05928006124     
   138.062126642313     
  -3684.84741655873     
  -226.877562590026     
   4511.25968836482     
  -759.608429289556     
  -245.061222803601     
  -1060.42584619200     
  -2111.85666465164     
  -27.5623846563066     
  -1045.81811954479     
  -177.663659369580     
  -67.0528326321312     
  -552.235121559059     
  -1963.31609068321     
   1527.61835820485     
  -640.169951584005     
   957.378802302058     
  -1287.61983389557     
  -498.427732141891     
  -211.288082597453     
  -517.366049581250     
   689.805686260723     
   1378.94442067215     
   1781.98242183038     
  -732.625796414687     
  -1292.88859829859     
  -963.151019884521     
  -418.089013342653     
   77.0410233921885     
   1085.94227381818     
   1134.09266605232     
  -2371.40460415108     
  -1051.78746711981     
   1307.69507038894     
   1115.83861589974     
   870.196307339757     
   175.821375973137     
  -213.695399696223     
  -897.680498598812     
  -452.673916751811     
  -512.065589336997     
  -1537.07426183691     
  -135.888773840738     
  -572.048198574030     
   1488.35677691865     
   2636.02363254060     
  -107.140863640583     
   3137.13251046578     
  -15.0896712711277     
  -1344.58737187584     
  -737.167751549909     
  -541.817451765328     
   1831.49748054832     
  -394.338808276264     
  -285.501368724394     
  -69.6009123159793     
   389.510691284985     
  -575.332236481629     
   845.508245597333     
  -397.749285144661     
  -532.931701632766     
  -3065.80010653410     
  -70.7268264034370     
   132.766837588238     
  -1460.70371557619     
  -2505.00167381608     
   754.110191825392     
   456.241662699085     
  -2429.28200922197     
  -1336.24078097317     
   873.886057495206     
  -371.217861266371     
   368.234746622625     
  -3979.40156128446     
  -918.700821232813     
  -621.163418768443     
  -1454.89373677908     
  -365.253333769816     
  -997.558745250163     
  -1210.37135656124     
   319.069472969231     
   30.9045466831781     
  -2155.37490146965     
   174.021607676714     
   692.838411771075     
   2375.21172137525     
   1831.30549652052     
  -1547.46111850301     
  -237.986083969288     
   18.8764590128790     
   1298.62466517776     
   231.600845955706     
   1838.46194045428     
  -1065.52790388548     
  -298.959405011868     
  -587.965184417204     
   2196.88835188336     
   896.419088670450     
   532.447479502706     
  -1655.85382688859     
  -920.062425959970     
  -260.929351044548     
  -816.541827171557     
  -828.695354525002     
   592.272007270573     
  -475.280123086992     
   191.668777693978     
   615.114166468943     
   189.912714115970     
   570.050848991535     
   2045.97141375258     
  -495.052800022438     
  -2378.65780655856     
  -910.699285927766     
  -880.798023678813     
  -31.6462557782515     
   39.2255272215037     
  -1610.05386551641     
  -1475.74768244633     
   1348.54006235608     
  -1593.58248727481     
  -93.0869789026586     
   1567.65841125161     
   2278.48380168705     
  -1357.12106285612     
  -290.803314717718     
   1165.73716419343     
   766.691629876261     
   443.046452435527     
   801.293510330385     
  -1193.94836524844     
  -981.217094879990     
  -806.304759641241     
  -547.374847459893     
  -1030.22083256782     
   27.2330415467177     
   34.1546799413939     
   774.620654152713     
   4105.16041037473     
   1762.75865137149     
  -1742.26436507814     
   65.2042846904009     
   1483.93717016595     
  -729.200022901155     
  -919.632621542625     
  -233.530451773612     
   681.716762922240     
   2202.53626155426     
   833.320235524168     
  -793.646497555340     
  -185.996624424880     
   2707.81245376023     
  -2060.47174186719     
   1884.33261069666     
   5005.32454611781     
  -219.848437732488     
  -280.118951895692     
  -1176.81058865474     
   1842.53615805143     
   337.776434465693     
   50.6106773314413     
  -41.8818128353950     
  -3628.91918576502     
  -843.947593264189     
  -1152.09870528981     
  -827.492044577359     
   3289.37922030927     
   965.960453233280     
  -475.307493262810     
   1949.45661634049     
   81.3649398232787     
   3879.94204402550     
   394.426531499737     
   576.003712105158     
   154.008199258757     
   1485.22525628007     
  -1486.80270621647     
  -565.804329117661     
  -1889.26752107485     
  -1849.23907130907     
   2985.75020874852     
  -2637.79219884502     
   1773.24083085949     
   326.034018142650     
   280.038971857640     
  -1349.72828588574     
  -56.3993755024655     
   267.808854337901     
  -111.953540147537     
   1657.82532109193     
  -592.146283808192     
  -1355.75288097861     
   1650.83896760009     
  -824.426450783037     
   1164.06372095745     
   2131.45409777948     
  -885.703039093528     
  -1879.97559360742     
  -1947.42419469044     
   854.842730520052     
  -4975.80718657476     
  -699.794084008885     
  -2830.97355199313     
   467.679830473671     
  -1859.04486605627     
   996.295024905722     
  -1879.85348053419     
   547.438915198738     
  -611.215541329837     
  -808.005667467280     
   2204.93024089662     
   2336.96382353710     
  -1387.10117129698     
   842.224832189515     
   934.947422161410     
  -269.036457218483     
   4916.15949669868     
  -3816.22317010343     
  -4121.31122515896     
   1043.28735150108     
   392.286768984256     
  -1092.59981570064     
   1112.61112324372     
   1659.19967226497     
   1886.52642277514     
  -197.750978007355     
   3183.92084546530     
  -3718.08224066563     
   3585.86973138887     
   1806.95376196791     
  -994.613845866797     
   690.076561298692     
   462.511434035718     
   2927.61311219525     
   847.946180145442     
   903.419969437496     
   651.187109272078     
   1799.01379557812     
   590.801052121980     
  -32.2182010671665     
  -289.711743274349     
  -309.491633707686     
   2800.16532521666     
  -536.741543008556     
  -1793.87527026247     
   1914.69950175811     
  -2472.22247065879     
   461.784704954570     
  -797.329382331275     
   475.172876276769     
  -1037.71566413179     
  -468.168208969339     
  -659.916601933921     
  -939.463152434400     
  -475.026316425290     
  -749.371628313231     
   843.973940136144     
   802.290721757634     
  -2019.44088182830     
  -273.446155263923     
  -105.464218155194     
  -114.327330544639     
  -192.133970982516     
  -942.445721569159     
   1578.07805015524     
   719.309287976840     
  -1798.81600162245     
  -657.986001225989     
   1125.10103742729     
  -1041.52742893206     
   1648.04738811945     
   72.7794172272238     
  -363.920219814569     
   1569.13492072510     
   1388.46279366875     
  -1738.85751167297     
  -960.323836498185     
   489.081363126955     
   1030.29119251856     
  -2086.86530706322     
   868.339298902187     
   548.727172296466     
   932.230232015035     
   499.040066770371     
   1916.70905120028     
   897.028874372169     
  -2037.83810513974     
  -43.6675050276995     
   358.107783238679     
   3004.95988677397     
  -3123.03012135595     
   260.164038781046     
   1894.26135879626     
   1577.93541363947     
  -279.805107913814     
   25.0153455907296     
   479.422907550211     
  -2807.66349662638     
   1760.38733503578     
   1505.29963509421     
  -1098.95613674307     
  -99.6167610022379     
  -969.649654596950     
   1617.34491485131     
   2224.66931106121     
   2420.84713861948     
  -265.928192423882     
  -259.608812129156     
   408.376327210224     
   362.177660183529     
  -1167.94171343870     
  -388.674400748298     
  -351.049210443299     
   882.458170352364     
  -3092.19682129236     
   1977.70519894247     
  -932.749122796822     
   2090.40684502951     
   1876.15644887500     
   1307.35049508037     
  -615.270628119918     
  -691.812479985780     
   2052.71494802319     
  -1081.58135114817     
  -444.269972337749     
   874.086995865067     
  -318.204968124814     
  -821.319621397441     
   4.83295474895172     
   296.124711166500     
  -2490.71449000839     
  -302.753826037168     
  -803.745338952466     
  -656.113232712987     
  -562.833098428037     
   89.3736832335542     
   2734.79569779872     
   210.685551754699     
  -1313.89806520005     
  -1485.57825141385     
  -1667.24382456050     
  -932.470281656511     
   1834.21047657278     
  -444.831281357971     
  -49.9595580304157     
  -202.899460651687     
  -425.976790065282     
  -1418.53311766249     
   392.663397701854     
  -1934.08799506704     
  -191.254690064765     
  -406.857450321605     
  -1462.88789647386     
   104.121498297651     
  -1145.88810530068     
  -296.794131468766     
   1907.81947394811     
  -277.509120303246     
  -780.379239791039     
  -208.443694281608     
   925.022684831803     
   819.963972789716     
   517.910282731295     
  -1470.42336885646     
   1474.38982549041     
  -1764.66599953807     
  -761.117205203235     
  -860.359968802304     
  -12.9152519559027     
   86.6255013987724     
   552.209884753762     
  -672.327762713454     
   1838.58248959262     
   2044.61201172857     
   962.706918301544     
   1675.62200090085     
  -1646.25083688657     
  -49.1946382962477     
   288.093238757586     
   1241.36051162570     
   62.1814691335869     
   268.815701756791     
   162.381493657530     
   43.2907465370956     
   2812.25906180180     
   2559.29980581354     
  -1238.76806044513     
  -859.708149010347     
   32.8035274161252     
   471.927374731810     
   1829.61983484551     
   2963.22251260982     
  -1350.65552388974     
  -454.897941114568     
   704.355840903820     
   596.201051810158     
  -2788.09313856110     
   1728.54013806068     
   16.9917913888825     
  -2964.93185242376     
   2376.75412829418     
  -1162.46988437777     
   383.912519367201     
  -129.170225754197     
  -411.923279210801     
   819.527485239342     
  -949.611431231534     
  -1357.84603286791     
   840.505599823617     
   31.6641244090328     
   1032.55050560500     
  -620.697462975462     
   654.552906480533     
   444.919805096584     
   406.587959029134     
   1193.51012113657     
   480.503797048855     
  -432.888315707000     
  -1949.89239432475     
   521.142969476103     
  -639.939548613547     
  -1884.83697765919     
  -385.289508671930     
  -1050.14784953813     
   991.478275217319     
   1806.33021350735     
   878.598718580354     
  -378.586013885239     
  -751.450421845257     
   379.355758122129     
  -1302.91463747494     
  -2177.67714277951     
   2006.01974246455     
   92.0781340532791     
  -58.4259139340614     
   201.965002609456     
   1609.91614410248     
  -1607.40930159528     
   1291.22280739449     
  -955.601406857691     
   447.773081410713     
   1731.07255701181     
   116.330938918290     
  -241.429060415835     
   123.009093958263     
   10.4552444434544     
  -485.564108532818     
   640.263923945688     
   2374.20062488262     
   1267.25359691747     
  -437.557520627132     
   947.363707553113     
   448.767254133962     
  -439.424035556695     
  -75.5480994004658     
  -1022.71122338445     
   215.612922646253     
  -613.306280216624     
   238.414492668300     
   2657.36073311292     
   1901.89711190407     
   95.1492628102543     
  -451.694386071207     
   763.263083659544     
  -1505.34983663548     
  -1960.03513311901     
  -554.224766278553     
  -363.566912314579     
   23.9867703112490     
   711.965185602064     
  -2242.38503680844     
  -1118.16817440842     
   768.373118490913     
  -209.025720797169     
  -910.959981152871     
  -2596.00360922725     
   1300.07980949174     
   3015.58755876958     
  -599.338213126873     
  -2500.95667514116     
  -832.130126366868     
  -1158.54135739437     
   45.6432641063233     
  -712.127163289406     
   1617.76965435673     
  -213.603562550334     
   616.716637245481     
  -310.094808116112     
  -330.879802650097     
   1817.91057500016     
   675.966263034126     
  -970.553577093027     
  -27.9267783600084     
   179.279358431358     
  -16.3147830720729     
  -1059.83971648349     
  -1438.70598005961     
   135.193618800654     
  -3026.52223287486     
   2491.95005975789     
   1212.06107958230     
  -4076.23248046045     
   2113.08489032284     
  -1891.15029837926     
   2061.35910841255     
  -87.4248209440657     
   1156.63228229274     
   597.024277724512     
   1332.83782715194     
  -2330.82320224030     
   1115.97897130876     
  -1226.83081003990     
   892.640582888712     
  -3566.62029634831     
   1696.54118740560     
  -772.940510063823     
  -1763.53928278035     
   807.001454065131     
   1654.25551819789     
  -2811.95281380904     
   3983.52193647774     
   1158.28974623091     
  -2237.27238110192     
   2559.57068527989     
  -224.490376603813     
  -928.554412971070     
   2608.15089812798     
   228.671001397940     
   1577.46782401495     
   781.045628141339     
   3994.77187228589     
   254.544845630009     
  -3599.48620112198     
   2015.57957912414     
   1356.45277296253     
  -151.631096911390     
  -314.603259297869     
   3822.73689917067     
   2054.99147978575     
  -1815.52951296526     
  -498.611284029619     
  -1700.44326666930     
  -364.650384566156     
   2.03152740989299     
  -1811.04939435530     
  -2640.95571511903     
   2650.11275198569     
  -3877.56554940509     
   675.461800070238     
  -2587.56576976747     
   1553.99501619850     
   541.789769579442     
  -2397.92078575491     
  -2884.33746823385     
  -3088.84312011658     
  -2573.30197743138     
   2436.54374731030     
  -493.315006261464     
  -1722.09585926327     
  -565.816218198378     
  -837.229833765612     
  -767.337338883592     
  -1470.04709624453     
  -2620.18282657139     
   958.561003399786     
  -105.110915542957     
  -935.215374821581     
  -1276.00087469423     
   1838.90950232864     
   2290.44986209312     
   551.344304236692     
  -2756.30902396801     
   1361.83463741469     
  -1944.49109144130     
   2795.97073167772     
  -908.249375591357     
  -1988.31189168381     
  -2484.52474729043     
  -995.248080060769     
  -990.172826911757     
  -1833.03953555341     
   795.987844370124     
  -20.9571611640625     
  -1808.03261906931     
   1525.11411380383     
   223.779796603114     
   220.050245492443     
   63.2691437525927     
  -2142.59065661250     
  -823.181318011684     
  -677.831772680706     
   1189.32613624705     
   357.295359976536     
  -172.716443518924     
   1375.38157118291     
   2383.32270632354     
  -59.2898908805944     
   991.255105314419     
   8.43584122739253     
  -1065.82902941694     
  -1408.81306913055     
  -1837.46051464653     
   150.199892706579     
  -720.902441435190     
   928.513749093659     
  -1139.78267204865     
   1551.45738959997     
   1078.06920107300     
  -606.383091994535     
   1233.69786983700     
   1467.39715623509     
   2400.60086623547     
  -185.448720464924     
  -566.451653204827     
   1627.07413321722     
  -1085.33142011126     
  -1607.22032452131     
   2147.69340547293     
  -1925.35060952757     
   1967.09551734905     
   978.020116680558     
   692.063590185931     
   2639.89162051575     
  -755.923382533669     
  -3327.40528316758     
  -2167.95407483259     
  -570.716648384210     
  -1408.95076799846     
   165.568249027689     
  -1094.92893814953     
  -1050.76897547586     
   2537.79730182558     
   975.986536336313     
   1205.36939352180     
   1069.98685422029     
   1712.23900647700     
  -85.5348458171879     
   68.5356257616555     
  -1930.28530861978     
   353.598916352316     
   2709.44341428430     
   790.854846663628     
  -1014.44666126382     
   1931.06310680011     
   517.814180766546     
 -0.692486666382223     
  -60.2316621103089     
  -1229.78641776195     
  -758.140877755045     
   361.849424814079     
   1934.03339104801     
   2312.53784792592     
  -3947.65857142084     
   78.7091610017543     
   722.097622862333     
  -457.822779894918     
  -31.6334691640614     
  -165.203646834046     
  -3794.06531825863     
   749.533898008111     
   2365.41585377585     
   741.153028192080     
   690.462646166075     
  -1130.68241177623     
   203.502551355703     
   2570.14479179378     
  -1069.28524536390     
  -520.143989544200     
   55.9386195053617     
  -995.861325456957     
   182.693896407977     
   135.627127485156     
  -2393.68040699615     
  -1553.06226118089     
  -561.572040652379     
  -1820.36107604806     
  -1027.75659386457     
  -1592.81291820823     
   1221.18416870049     
   1277.58998763407     
   2100.48142795033     
  -568.766834131943     
   1047.71112745747     
   214.034205223384     
  -24.8697182939935     
   237.224748369489     
  -1123.47133129115     
   867.790703974779     
  -883.305176934220     
  -294.058551014921     
   96.7991788321888     
  -439.039102654882     
   56.8657359276216     
  -180.979650504001     
   2909.03106840873     
   1720.10343721417     
   641.830207387705     
  -1317.84891485432     
   4628.12218976722     
   611.759478445329     
  -1341.05752720478     
   648.206064727641     
   1583.69112400313     
   432.307531146662     
   553.648251774515     
  -2531.53850306516     
  -511.909808892138     
  -4269.44702496184     
  -3682.04845668293     
   4057.71338965102     
   1544.09404523787     
   67.4896395962567     
   2117.85419425770     
  -343.669230963083     
  -2539.81207236245     
  -3673.50717903928     
   1016.27437877325     
  -1602.51077515481     
  -2994.36063458071     
  -1125.40799578306     
  -738.202880111759     
  -1921.33389681830     
  -1325.57345356852     
  -1331.72269747111     
  -580.939234928390     
   3236.23607024592     
   2907.17993104880     
  -535.936419717497     
  -1570.98148820634     
   1201.99528254122     
  -1658.97070148643     
  -132.221968496397     
   617.220659139839     
   190.199628384831     
   1287.15899332629     
  -659.709678416536     
   683.576210034338     
  -966.784521852242     
   1067.65399273711     
   23.6943339854834     
  -837.162413644267     
  -1586.70598411275     
   3060.20609683706     
  -336.650895192626     
  -63.7421191200463     
  -307.426514190401     
  -1285.40235726945     
  -1844.47745446020     
   4634.95425547780     
   665.266747942601     
  -115.145683050809     
   1395.02254590950     
  -816.543533422067     
   2774.11413504466     
   1083.17449254053     
  -1784.74499165881     
   112.678698100662     
   1125.66065257619     
   1968.00411243062     
  -667.390404687429     
   2482.07098393645     
   3192.02362799452     
  -2198.72453490019     
  -578.120128084887     
  -3659.55478037428     
  -879.334186597330     
   1083.36468143048     
  -1353.01699629444     
   82.5479574940913     
  -35.3414191843794     
  -367.437700429045     
  -120.291077523948     
  -352.849787729004     
  -1219.87746253334     
  -2836.74226753948     
  -1269.63141261439     
   237.353917225762     
  -553.233835473678     
  -9.77897960560369     
  -357.647946139671     
  -65.5449283911441     
   1934.37446134771     
   530.228585526773     
   1320.30290372407     
  -1394.31471577930     
  -1161.49153564899     
   218.806069494949     
  -392.698072305205     
   2679.20962273675     
   840.237483562053     
  -1306.94631407729     
   533.653588975448     
  -1320.41887241912     
  -498.717337609797     
  -399.422338133195     
   102.771316830183     
   213.193194500659     
  -2162.25226127189     
   135.024907791028     
  -15.5171704640758     
   492.331226524892     
   667.590595993971     
  -1500.58285601055     
   750.740838893554     
  -1990.81258249433     
  -1225.18470878810     
  -1118.32230631733     
  -481.755882644960     
   383.727080156857     
  -160.670123162905     
  -181.593015565743     
   4101.98399390222     
   681.562336271609     
   107.772743834870     
  -2118.68769842402     
   910.836703571539     
   907.201966884596     
   609.158612182490     
  -152.637875466479     
   452.070705085964     
   744.271941013753     
  -1312.79754405630     
  -1701.53148637143     
  -190.285750894793     
   1623.59298618065     
  -426.665983369967     
  -1485.14660468619     
   278.353165163255     
  -1024.66539341954     
  -1065.22558184394     
  -1862.41834059930     
  -695.023036543071     
  -821.362661987026     
   282.722212934463     
  -1202.25722213221     
  -205.082525729686     
   940.895101793662     
   3099.39164264748     
   2243.74180152580     
  -2882.01982225541     
  -1566.31493971968     
   1925.67115992873     
   1377.75254269196     
  -1071.42368508749     
   1919.38316541559     
   496.736675106541     
  -851.597457278098     
  -133.223940237312     
   518.377955639548     
   603.471962934696     
   3494.79406087021     
   1665.10155035826     
  -1796.94286930124     
  -487.182564099090     
  -107.182875280670     
  -91.8788576751456     
  -196.160954000744     
  -3372.13860697283     
   1596.11078330102     
   2198.39594490632     
   1199.12083316777     
   232.512773448466     
  -2436.38204258007     
  -17.5010206295965     
   2734.75962076918     
   1405.27627417137     
  -211.283624390039     
   1287.25977210421     
  -2371.69986673615     
  -2209.38006164063     
   4002.66824165871     
   1848.44460625869     
   598.532393722816     
   2338.42547620791     
   1109.82532518999     
  -1934.24114091053     
   1631.31994702699     
   761.807562271729     
  -585.468187608390     
  -490.981548361456     
  -2751.70564364990     
  -703.433029298379     
   265.994924074325     
  -2454.81915484858     
  -708.762124147276     
   790.337675409404     
  -1423.47240536586     
  -1637.36057274637     
  -1223.56236507944     
   732.718478767452     
   1719.67961146211     
   480.826427936112     
   1946.11977372612     
  -2117.17952301889     
  -3206.22405248212     
  -865.783179676503     
  -4358.27475046613     
  -2646.59635563235     
   1340.33864571519     
   3282.37901297126     
  -753.589459853498     
  -924.853975591686     
   1131.00154038426     
   71.0122891498098     
   886.569752020617     
   668.413140201819     
   1383.30135610996     
   3221.06842315412     
   1243.87207995710     
  -4836.90701943485     
   2249.62497008292     
  -1263.29011526022     
   3469.20789299722     
  -1181.01834567564     
  -2992.59586429330     
   631.338463497661     
  -668.676824431481     
  -2673.49958700935     
   1074.87131416156     
   2500.42976815713     
  -564.134266215799     
  -1202.96455593589     
   1749.78798194168     
  -873.917757179170     
  -1333.88429635679     
  -1094.61423591564     
   2869.37003055055     
  -820.535999932103     
   1666.93800240107     
   1266.53428524186     
  -1080.97745972954     
  -482.703221339340     
   2360.24715874763     
   1399.15804844567     
  -1956.24812468724     
   776.095445415531     
   771.811713934501     
  -755.112251228932     
  -2719.19115583185     
  -607.081575866544     
  -631.375560769041     
  -188.128612059489     
   2723.85629540084     
   1896.05904196637     
   1938.89935439445     
  -1456.75502372269     
   2096.78787013273     
   2863.36894709234     
  -125.396277896193     
   2723.99850002491     
  -1626.31647371947     
   1827.00419746965     
  -1096.05150754209     
   150.848098381782     
  -336.066570405326     
  -2733.38545372907     
  -481.131019158680     
  -902.252159629968     
   1625.26061532243     
   267.820390921064     
   353.006415286804     
  -40.5738587240341     
   176.077252580344     
  -752.840459797076     
  -268.549521394419     
  -451.420393663248     
  -138.309919544963     
  -84.0266067792714     
   1734.08742243378     
  -300.923075872239     
   981.355574893272     
  -1068.21770749772     
   779.562236096356     
   1050.59312474063     
   735.826994834946     
  -1883.41891600954     
  -98.7219641265053     
  -67.0800486462537     
  -4667.21202171355     
  -217.471909702940     
  -503.912532553183     
  -3504.54254978705     
   1842.59662408775     
  -1165.17847706540     
   543.506245567686     
  -277.489915022911     
  -129.648087482012     
   897.587923682171     
   432.303033660309     
   512.238252685695     
   39.6955488410399     
   974.423978474527     
   729.338329380548     
  -2145.46753608725     
   46.8187595641896     
  -387.940944982452     
   128.624008985277     
  -778.014934039035     
  -901.051715915278     
  -18.0510427818366     
  -254.717380379172     
  -282.758132407693     
  -83.8287531535548     
   455.567687678224     
  -597.922962509688     
   267.864876316039     
  -547.755277567946     
   6.68540850413839     
   562.020181214632     
  -814.566742344637     
   809.437229943783     
   174.285810639969     
   2578.95531964330     
  -1568.25815933648     
  -1407.38962111651     
   423.105196920978     
  -1066.97622258126     
  -898.434543913951     
   989.775056302652     
  -298.260651179762     
  -978.447444990903     
   8.18718203248800     
  -3270.18685600703     
   207.112912720191     
   426.016129212168     
   161.390423106158     
  -787.144392936131     
   5.27981162053845     
   2751.88344723878     
  -465.912492323122     
   710.307208959904     
   597.710958755198     
  -327.233204078890     
   651.690776302606     
   1570.86893272566     
  -541.912285349084     
  -312.693012010833     
   963.863629568282     
   98.6009195450208     
   541.729370892004     
  -1009.72166616631     
  -4204.46383104835     
  -655.129877492353     
  -270.234908520035     
  -1706.49571654849     
   1341.70998684025     
   1636.20096402799     
  -842.871229757627     
   889.572052391202     
   726.744049239705     
   475.951877267732     
   773.575268509984     
   1593.55966945095     
  -39.6756245487659     
  -339.035222208680     
  -568.814721107540     
  -434.416495050816     
  -441.721911050189     
  -249.751860696796     
   1170.35674805701     
   652.452410512437     
  -398.001920036868     
  -311.060412771907     
   770.816156884061     
   626.228842092197     
  -76.5854168156402     
  -276.489370822416     
   1920.54987680061     
   209.071370017221     
  -575.118658752885     
  -825.501325132955     
   854.329983992435     
   1853.45500185902     
  -175.610024617038     
  -1401.09943750143     
  -1371.18830331611     
   1037.20296769744     
  -537.963594950108     
   2185.06121791426     
  -1056.87647213389     
  -1256.58397695364     
   517.286959987991     
   75.2748660542632     
  -939.998782530027     
  -3534.17708820698     
  -592.185845866521     
   1118.39785454359     
  -1096.10628509203     
   3139.49620390549     
   345.690462132272     
   1977.41941012779     
  -97.4709228522038     
  -1504.80220518458     
   2648.90377713336     
   212.010892301190     
  -779.210997133297     
   378.824885837278     
   595.639797759202     
   32.5989386201798     
  -216.170332138827     
   465.828403948601     
   976.120260228793     
   201.269146991674     
  -340.925137822972     
  -561.472895849854     
   1049.04865169322     
  -738.098109631629     
  -399.788226478462     
  -2392.62990884582     
   13.9069942569755     
  -859.930065302549     
   175.618727062738     
   944.040360726055     
  -866.496863271888     
  -1079.02708976155     
   931.433811504287     
  -1059.88238902976     
   91.0768163038427     
  -1911.92530104979     
   878.084726338429     
   903.181533485500     
  -10.1238104838449     
   1193.21142657801     
  -3211.56804560468     
  -1535.96686942131     
   2244.99416027039     
   402.205525172539     
   2930.50849658021     
   2958.89265818301     
  -392.764521574456     
  -1027.72929727676     
  -3129.38167025605     
  -1452.19580924186     
   725.655099382539     
  -179.910168455391     
   520.061867088966     
  -277.186464347159     
  -2268.35242611160     
   606.308785353955     
  -528.487131474192     
  -1965.27157712599     
  -596.248989964755     
  -506.735599671498     
   1460.33998196482     
  -462.560312317824     
   611.162986756668     
   946.572164163758     
   1487.12822249391     
   99.3961016264233     
   104.568134302333     
  -1344.27674495198     
  -397.573800382597     
  -592.185985360277     
  -10.7628619558669     
  -68.3826154873175     
   568.193709617805     
  -419.046144939910     
  -2536.92604472285     
   2531.63145277972     
  -724.264385524202     
   77.1626739735293     
  -97.6413407416470     
   20.3941055799855     
  -194.023513578285     
  -2471.93331710875     
  -2967.04993658854     
   439.785637184320     
  -144.014443511067     
   894.208009717129     
   16.0797753258183     
   311.278485476612     
  -261.486044026176     
   447.014709105694     
   1355.33561695834     
   85.6197139523350     
   3522.46904428943     
   109.592292687931     
   1642.48418537719     
  -716.516564786471     
  -347.718349853835     
  -2443.09879787284     
  -357.396772479687     
   678.462465305116     
  -1749.31668525979     
   240.125118318296     
  -3005.42065653940     
   314.037833229260     
  -258.739639259283     
   436.067892213892     
  -174.220266590639     
  -144.846804177128     
  -499.510873079241     
   2694.80185218639     
   94.0177352911903     
   166.441414715612     
  -1532.46814077532     
   1244.58811180109     
  -2352.53372217747     
  -1083.38945438373     
   2026.48042771912     
   1879.31851901545     
  -3122.60179901419     
  -644.867998420317     
   883.707999228863     
  -1175.72730980341     
  -718.883384719469     
  -1815.98844078845     
   381.023536479705     
   959.868308212861     
  -916.210420304530     
   1337.20498299514     
   1587.51711910990     
   722.824600628260     
  -487.503402923219     
   339.622443694316     
  -1591.34616720259     
  -1645.51516944818     
   968.597931137216     
   2511.04648751094     
  -105.412032891175     
  -456.143538537002     
   977.201584135218     
  -1750.15990278103     
   225.571781757870     
   50.2719043384614     
   128.516677040073     
  -562.249630539752     
  -1608.77791744937     
  -348.435627071831     
  -1134.88542042664     
   881.304408444864     
   2163.26101531893     
  -496.656532795160     
  -971.923553394626     
   841.500435746871     
   455.797489701697     
   1699.56810539072     
  -1264.24215077035     
   1430.14875838853     
  -972.485036648990     
  -67.0579242594675     
   2017.38093940150     
   1073.16841712101     
  -382.670476357841     
  -2447.18318154878     
   1021.27937822624     
  -1126.55313394584     
  -297.287409121638     
   4150.03936667497     
   2741.19755458320     
  -396.529806670225     
  -1528.73028554740     
  -383.534361790809     
   458.352668635299     
  -629.413662004052     
   597.618434089826     
   1827.57154159578     
  -58.8895116845354     
   1554.57222974294     
   264.300272010980     
   503.487834952953     
  -1242.23477801566     
  -213.477683900750     
  -517.435422938930     
   300.099442723348     
   1160.98713979413     
  -385.720250015117     
  -605.964065217465     
   258.334857276423     
  -1643.10174927332     
  -1222.51973523423     
   956.377806773105     
   1696.53001419183     
   465.564955005363     
  -440.412177785572     
  -920.344828853387     
  -3330.60046679376     
   455.817561344396     
  -897.893062380412     
   1386.46519098045     
   435.542539461167     
   1309.69443545919     
  -509.075914464867     
   2045.12729788456     
  -522.147004981069     
   3567.69383098272     
   1091.50565248789     
  -2112.50627473424     
  -693.162758809313     
   7015.05180742909     
   879.397461744005     
   313.674062710946     
  -1347.68376983113     
   222.075150565735     
  -1032.70989821215     
  -128.082834046989     
   2413.31922851262     
  -914.150972269131     
   1825.20663136697     
  -1555.82186420683     
  -1885.63693331339     
   763.835499485855     
  -2212.32306079359     
  -2036.37180720693     
   829.967368982763     
  -1268.57654485630     
   1754.87516483265     
   58.7994618216442     
  -1381.92734805279     
  -224.198646665267     
   902.154815125025     
   907.115363187723     
   513.811994724635     
  -1403.62989120926     
  -1087.41927764631     
  -51.9777913885316     
  -323.057406053825     
   1336.99453424365     
   457.556187151680     
  -3683.79268726922     
   158.748542084178     
  -197.019720859598     
  -1577.63911839530     
   2064.88686087592     
  -1538.40020670007     
  -151.182092040967     
   979.519874204272     
  -1710.36449127484     
  -105.642337733914     
   904.629931105932     
   959.582585886787     
   721.255204569417     
  -1310.76596267147     
  -2842.65799354209     
   956.735828011104     
   1284.22124274711     
  -2284.78122669555     
   1391.48194391377     
   119.739318845226     
  -1916.78983657360     
   3238.35131921042     
  -784.280961062822     
   2061.50040399993     
   1238.49782568089     
   199.170675125829     
   2638.81015160212     
   1027.61834962272     
   216.302087603817     
   1610.67753636970     
   866.967511694835     
   853.007463506314     
   823.183685801647     
  -51.7741956368464     
  -580.212991408886     
   366.064887244804     
   248.013761892556     
  -1319.64008360745     
   4386.53426793935     
  -1505.15842354689     
  -2294.08055986536     
  -8.08751544468419     
  -770.875727752922     
   251.759203681478     
  -896.785070547884     
  -4159.35063063013     
   608.422425307684     
   1326.06220369627     
   1536.08670784110     
  -1948.13625202374     
  -936.617309281842     
   1262.47901792384     
   1847.36655530842     
  -168.179418231065     
  -1170.51279033403     
  -3660.20842077925     
   2226.00231280292     
  -240.129791797907     
   41.2293359914463     
   2705.69500719848     
   1505.69800985593     
  -1872.26781444540     
   2250.29476304969     
  -2691.83548952682     
   1443.62011461463     
   219.881651413896     
  -1327.71761188448     
   2594.83245082274     
  -406.250871738421     
  -1562.61431554030     
  -227.460375663837     
   646.089372989796     
   851.353554513646     
   2600.22100970081     
   2621.58121334884     
   339.755970588358     
   1730.85370288758     
  -1069.93117785298     
   954.768244730860     
  -5579.97469533648     
   1095.50998334768     
  -1440.32416190400     
   660.195644612698     
  -2313.42740777720     
   800.308361202783     
   3218.33153833043     
   1318.70779512327     
   707.026410755022     
  -1282.94059630553     
  -2353.38635481447     
   597.860018653091     
  -2593.49474615875     
   344.721706435830     
   1237.54737488790     
   1649.16765437200     
  -117.743601602915     
   2605.53258976457     
  -1100.40943671078     
  -771.100791900066     
   382.482996371962     
   533.289523008036     
  -881.112422454686     
   874.724340760141     
   1789.71723712277     
  -140.593161310970     
  -252.121876306382     
  -5064.09484160295     
  -694.795772103240     
  -2504.51416882820     
  -1459.96442227538     
   1201.91587498149     
   86.0132222002643     
   1211.86615060715     
  -251.902075839616     
  -1015.62237020059     
  -108.880533139362     
  -157.397066977779     
   466.404025698959     
   2440.28659595086     
   3609.96620663100     
  -39.9407708098026     
  -420.019055485900     
   379.256194099869     
   1579.80099083897     
  -1063.03726244170     
   2840.18546124050     
   2134.37596632777     
  -2283.45290966669     
  -994.886564669104     
  -1489.97219231698     
   268.602600000725     
   437.835959985513     
  -98.4919585243771     
  -2178.10777750211     
  -1815.36676075053     
  -1350.64483535532     
   829.233583963916     
   2178.95378153425     
   977.260231851042     
  -4.63011931638172     
  -2391.48076446927     
   423.296972934722     
   263.727631979792     
   1020.55628115843     
  -460.541957256110     
  -273.264213586252     
  -530.238539790357     
   1524.89623001282     
   222.316632886200     
  -2787.25799892501     
  -1890.22611624404     
   1052.19057316312     
  -1589.53159065154     
  -230.811201267751     
  -375.044987681837     
  -497.892061088566     
  -401.231380171149     
  -1353.99207941000     
  -2637.38182402096     
  -503.932850969260     
   444.991872005344     
   1852.91800622439     
   205.996684062835     
   795.399547277846     
   157.901662359726     
   516.997197591250     
  -596.814609255918     
  -142.053196853269     
  -345.459985310873     
   139.905294047728     
  -752.214032041983     
   1179.59285026567     
   545.599252838593     
   4204.32687658975     
   681.990961939576     
  -81.0606460150718     
  -698.412340629310     
  -242.280541431233     
   1871.45482660307     
  -594.921523727054     
  -1005.49213501064     
   587.094952190585     
  -182.807028153033     
   594.075714804190     
   533.767273746411     
  -154.317695295872     
  -40.0664844677265     
   505.480844977480     
  -3430.10603143179     
  -98.5819096979046     
  -1122.02134378746     
   510.742512214982     
   1556.89815666848     
   964.452942483987     
   1123.94528694918     
  -200.381844812291     
  -143.417223362558     
   690.509633045857     
  -713.295648591838     
   202.849642020631     
   1091.66439867515     
   1178.82112936337     
  -497.966269290769     
   68.5429181338485     
  -979.444551225934     
  -2218.89284072156     
   1001.49846972354     
   2002.34973694168     
  -322.758815690448     
   569.431660952969     
  -1505.94961220948     
  -570.718756535067     
  -1655.09977423289     
  -506.042515538476     
   579.108853506851     
   2399.08383398266     
   836.139038573029     
   2084.93334730605     
  -1768.24161125559     
  -1108.16532232786     
  -663.692417041369     
  -125.929260964838     
  -1665.12238526238     
   423.264448693641     
  -210.423889198513     
  -1604.36510081402     
   698.256435876553     
   1412.20459149760     
  -77.6851311571570     
  -541.929586466264     
   951.854645426142     
  -424.788679387315     
   2602.49705188307     
  -1270.95872363220     
  -84.1629997946035     
  -667.863395025653     
   1444.98826040442     
  -243.164234246096     
   1225.23293411977     
   59.2966801515904     
  -389.701424311027     
  -825.212404707264     
  -2572.13504907364     
  -2033.46489860151     
   353.016440184926     
  -658.929338372154     
  -867.942559594171     
   167.320957019856     
   543.336841058732     
  -828.942932222555     
  -567.669046137769     
  -225.799674905950     
   1863.24392171966     
   884.190705634064     
   442.098415401087     
  -747.044554846755     
   681.584669261328     
   912.529325753749     
   19.4061418364723     
  -1532.74877700533     
   1986.67983071673     
   236.938878379805     
   159.080463397541     
  -1583.99840875412     
  -976.568340782579     
   1134.15531876665     
  -1205.26114556955     
  -94.1310582824166     
  -494.075531689622     
   291.489824000900     
  -285.132173365496     
   940.580371643112     
  -126.223074573215     
   582.928290286527     
   160.004702613798     
  -762.331041043285     
   3515.01459702378     
   1428.65411211425     
  -58.8197188994885     
   61.0716096670866     
  -728.890308500832     
   1084.42122989253     
   1916.64144461272     
   191.899845899466     
   375.932457359763     
  -1421.67241980971     
   1623.52920577288     
   1282.90029318342     
   1495.56298688416     
  -2303.10636394098     
   416.680116552754     
  -640.197657590370     
  -1594.91156331290     
   475.649008021461     
   305.492108977409     
   158.628366169255     
   1766.62599013308     
   317.848777129652     
   1915.61254173600     
  -285.027785343361     
   2389.87398289349     
  -327.508296991238     
  -233.626014432472     
   1098.17290977425     
  -1867.43114703053     
  -3330.56950152315     
   1293.99435977899     
  -783.139321486739     
   1192.29417360856     
  -124.956015277093     
  -1040.59689862673     
  -327.928587545990     
  -2384.90878896552     
   672.572505684543     
   1317.85978472148     
  -488.717398076748     
   845.405780482072     
   2202.75003058043     
   2754.78452842108     
  -894.040081997786     
   1589.27669797233     
  -1722.32499173651     
   400.001085746045     
   430.515227465277     
  -832.560245416127     
  -1781.63850514474     
  -1223.22574675044     
  -2359.54845121397     
  -1139.72818480458     
   2176.15297608806     
   493.809096278244     
  -1624.54684671064     
  -3172.53175853563     
   2648.92111913069     
  -136.651714650403     
  -163.199405434632     
   1060.41068451190     
  -1175.92775593019     
  -1484.51492800336     
  -601.250160984636     
   667.187085156688     
  -1081.12506575939     
  -21.2652196420458     
  -1654.25009041336     
  -1181.69614193612     
   52.3053881028753     
   916.094272087277     
   2916.83289928385     
   1408.98312021158     
  -323.059552805946     
   2685.37120326093     
  -809.488670635418     
  -900.490927829105     
  -1330.00552981147     
  -2590.03238492120     
   546.035199350270     
  -235.165127225278     
   1248.99474101423     
  -2220.48386081986     
   2416.69648688039     
   762.692229641799     
   1901.83310673655     
   542.586348434417     
   1668.11360763746     
  -746.214193688863     
   1432.21973416423     
   888.330611012940     
  -630.020825394147     
  -739.193218145209     
   1356.27338886854     
   1075.57070032907     
  -1182.49033393465     
  -3109.58042415527     
   1209.34079956561     
  -1777.38093566210     
   1268.06562081660     
  -24.5786677012505     
  -1690.56359987051     
  -1249.76637030678     
   830.865139802819     
   659.615875964555     
   2440.32960611799     
  -844.964493474107     
   2778.48945014848     
   248.649147631858     
   345.709337010015     
   133.722058614550     
  -1795.64998954101     
  -899.894646673276     
  -458.822438195440     
  -230.771119858102     
   360.802682324172     
   961.173878499997     
  -2542.22503007261     
  -2020.66456295128     
   977.648601714349     
   926.134886273496     
  -1596.29994339431     
   693.493320630946     
   1197.29933069255     
  -737.787839204176     
  -663.939750599427     
  -97.3454265788949     
  -4648.79252046704     
   1493.81182228877     
   2135.91652432137     
  -457.115459077997     
  -1817.62639206003     
   1087.95627424636     
   1390.14302156768     
   1310.58067759847     
  -1421.48828647550     
   588.520715963359     
   212.168295394459     
  -2312.26227883956     
   3917.43945489953     
   2923.70564564591     
   394.497169398023     
  -1934.42601172487     
   986.424582261359     
   723.448822350059     
   3134.76891780206     
   1542.69216211124     
   253.533662168813     
  -3685.98825373768     
  -2435.76857030390     
  -3218.83515001167     
  -779.716782758677     
  -1693.96740528368     
  -2016.99305547496     
   335.330333585251     
  -336.023522402313     
  -799.915440817438     
  -2019.82571676513     
   1026.64709128698     
   1824.78243469217     
   731.497808875392     
  -7234.01578758044     
  -4595.90734960314     
   631.043982028136     
   210.816284650069     
  -299.177899824418     
   2444.86154183666     
  -1307.58260263085     
   534.723772602912     
   2725.76609120194     
   877.133968394271     
   504.303221741357     
  -685.952360799032     
   1046.79898043299     
  -902.966064715043     
  0.519036026023969     
  -1165.20468384519     
   69.8663126712779     
   53.6533262156942     
  -1607.93260476097     
  -175.587657027189     
   759.253692469255     
   2537.99628947232     
   326.665134414187     
   699.824578288692     
   40.1791830968108     
  -90.7621485521463     
  -282.508350351029     
  -1670.34874670771     
  -48.3366895750762     
  -1103.79941587669     
  -534.983324664970     
   3.24276383127071     
   75.2357219933969     
  -1572.27562903634     
   77.9763038146808     
  -333.356833664026     
  -297.620116377081     
   1008.97609826253     
   54.9370318666492     
   1335.91340215964     
   1174.93863992366     
  -247.614474765418     
   280.446683343170     
  -1073.25670203896     
  -2430.48648544114     
  -1367.25799152947     
  -386.622907351629     
  -674.359435739664     
   592.085865105732     
   588.125588267912     
   1292.90569506179     
  -280.764649831889     
   1852.06208786600     
   724.933281868405     
  -605.871634477234     
  -33.0992476074075     
   595.391054717744     
   898.571864231842     
   164.008218900191     
  -404.817368932037     
  -1050.11332961248     
   2002.59103250872     
   1011.17401049746     
   601.031546864427     
   947.728106766872     
  -1936.30936981296     
   78.8359452049700     
  -83.4203600105808     
   182.343919186208     
   97.0772351152896     
  -972.046734326202     
  -21.1328227409622     
   358.266374357561     
   537.468448604694     
  -161.963300213160     
  -1475.58808137174     
   345.809678740386     
  -746.741627459262     
  -854.372471567048     
  -526.213790358633     
   119.867111027588     
   386.583345882458     
   506.112904153961     
  -850.974267876779     
   183.471023823933     
   1883.22447401791     
   2922.08038118874     
   1359.13202568890     
  -421.470080103080     
  -597.613343832410     
  -266.030383690743     
  -1322.75115473162     
  -92.9146419710644     
  -481.997007782729     
  -1938.99455395369     
  -680.821909053640     
   706.135903564608     
  -1544.88897498355     
  -1293.58733337298     
   652.215276573695     
   638.216939874563     
   2189.27675772226     
  -3668.29452352589     
  -1684.62686444862     
   1558.31313937454     
  -1227.85909724224     
  -246.248735926927     
   1733.11944387473     
   449.483381092284     
  -87.3325653843445     
   2284.28543036250     
   199.254414576267     
  -1992.26240982704     
   272.733278520105     
  -1871.41145757671     
   279.426614047535     
  -4810.47920452674     
  -148.005296360679     
   478.758388735387     
   266.668693281890     
   176.133842744704     
   1622.38664276613     
  -1759.31649565423     
  -1666.04139687838     
  -274.278287342889     
  -1841.38400536736     
  -2499.45955296012     
   1798.35060115352     
  -653.676719930627     
  -3327.52809830831     
  -712.490530280905     
  -896.253785558590     
  -1816.87388035780     
  -2263.53927909025     
  -2268.56603794511     
  -727.254859851539     
   354.035605092572     
  -1081.58598552043     
  -2153.11256727401     
   824.853567356618     
   3493.53051326035     
   2251.87366861050     
  -3699.73032979802     
  -1776.01013660329     
   2221.65816508025     
  -1725.91933726467     
   3253.74908894629     
   1045.81650076778     
   581.005691023499     
   963.904811916026     
   200.889198420435     
  -1861.24403876183     
  -1955.68070071348     
   1099.94625080403     
   1656.10580108114     
   2092.08011411460     
  -118.611540126070     
  -69.0417241325831     
   401.713216565778     
   1080.16451892269     
  -136.413347604722     
  -875.038901809285     
  -231.270748283618     
  -142.300496816326     
   219.077168212397     
  -535.626247179923     
   176.335568837045     
  -533.394918993198     
  -219.176275811485     
  -1478.80045070773     
  -685.372739845139     
  -566.622222972637     
   361.675839828759     
   726.661233892671     
  -3014.84829815451     
  -940.758313685087     
   850.509704964503     
   431.186921241292     
  -2255.02024322444     
   518.625594225369     
   582.326791392826     
   410.584580652397     
   570.368145637940     
  -66.4614724136455     
   975.840991138635     
  -1072.34941591674     
   386.630712562439     
   1053.60553060268     
   1983.02538925120     
   495.965381113626     
  -566.982789139041     
  -858.064124904558     
   350.688705168278     
   2167.72660832202     
  -1263.06767322910     
  -216.102154863889     
  -1045.13564434108     
   180.621664822572     
   295.144704366092     
   632.966252843712     
  -362.322413760483     
  -84.4452145784527     
   719.607975196983     
   953.961722756621     
   80.2635093062837     
  -74.7447395342290     
  -147.275183542456     
   924.083858646403     
   261.236911559290     
   10.6538285730961     
   338.090630057646     
  -440.237323292850     
  -273.810981565240     
   671.899529540164     
   10.9416719643671     
  -467.061653909168     
   363.281454381634     
  -658.902571537409     
  -1459.35178127410     
   44.2964318757741     
  -264.112095093964     
  -390.908446665887     
   367.348917525071     
   434.703275253353     
  -3726.37760899824     
   368.087054784267     
  -57.0624617071983     
   500.122835169225     
   630.239149931258     
   2317.00902026466     
   1423.73785069163     
  -857.329926359888     
   215.417882098697     
   1.33940482437065     
  -2838.74974662639     
  -995.952890756104     
  -42.3364113260093     
   1274.39795723997     
   1202.92551768761     
  -326.534267301920     
   679.935306232411     
   437.184482654409     
  -1324.29273898721     
   248.845814464639     
   634.916000922309     
  -1847.83481473021     
  -1127.49554641774     
   1976.97229477538     
   145.220800487917     
  -243.196683098560     
  -2172.12966472121     
  -1337.05313708529     
   737.375235547654     
  -104.932153335378     
   530.192812132608     
  -879.338337633251     
   617.288067995118     
  -1080.79219180023     
  -361.109716080004     
  -413.082404247173     
  -1708.92439414394     
   620.706953507835     
  -827.268924628047     
  -1175.85610478748     
   125.925330339861     
   1792.22452421127     
  -451.659826972723     
   829.374497056806     
   244.934771986020     
  -1633.81475670667     
  -949.727553615148     
   3287.83636599162     
   394.124647669136     
  -1092.31627542187     
   785.484996779385     
   502.897242630660     
  -439.185254921924     
  -390.138058331820     
  -376.149325941388     
   2515.95985634956     
   1305.12209357147     
   1088.77827970682     
  -1949.19842296624     
   825.999118962807     
  -11.1340781341821     
  -826.037219022139     
  -862.030822932916     
   1584.74363547101     
  -818.956084132131     
   3709.36001198297     
   567.533427268768     
   1365.38368059700     
  -1468.35661559176     
   630.978347535670     
   2462.98906139190     
  -266.567456727823     
   301.572123564806     
   118.895717142788     
  -127.594138055191     
   349.020748949520     
   387.928324477091     
   589.077509614848     
  -156.835402479420     
  -383.275157380262     
  -8.98405571807086     
   516.140262456235     
  -451.615597383571     
   902.486436419157     
  -762.442034157630     
  -1998.92012676256     
  -115.647578752390     
   280.643646388615     
  -202.038716551032     
   18.6520609796828     
   110.231046845844     
  -177.041831076669     
  -585.954607039022     
   427.733801692568     
  -498.875790762315     
  -597.071060713662     
   1218.57051941605     
  -65.6564406670804     
   166.805380425232     
  -460.053134462246     
  -1832.06459518008     
  -255.445330214671     
   148.271387463390     
   69.6128652798205     
   481.657673672335     
   708.940338734135     
  -185.980585866660     
   1056.48342231291     
  -1233.31677993454     
   737.262393879600     
  -1387.33363171137     
  -991.552261967896     
   2410.06966591724     
  -510.793363784171     
  -698.671072868762     
  -118.845738638178     
   933.278002247085     
   1226.07098681513     
  -767.701223621215     
  -192.186581684399     
   1766.01390535111     
  -178.236228061292     
   128.875383612119     
   106.729051692303     
  -684.879064128604     
  -1324.42948912595     
  -560.467654307613     
   184.928570223492     
  -876.803798857346     
  -1600.53296033905     
   96.9709644845068     
  -81.2978739833021     
  -1097.09602296901     
  -1255.82018587393     
  -536.526838268791     
  -315.658122035008     
   625.646251467489     
  -89.1382349560487     
   167.890064507742     
   770.825907800924     
   922.529760958424     
   134.622005516485     
  -1333.91100041218     
  -1537.30306615462     
   1568.33141307928     
  -297.986897349583     
   154.952769167802     
  -53.2610982989145     
  -243.937863989327     
  -2375.88296059095     
   64.2163072455760     
   1518.10620874474     
  -82.3287643428725     
   74.6232807871475     
  -310.703519007287     
   1806.67429038114     
   253.346868000597     
  -234.241108897952     
   402.241935353005     
   2719.09784062216     
   1026.43190263990     
  -741.118562179724     
   70.1631385981672     
  -854.549659135321     
   1205.54912923711     
   290.565463984782     
   577.148476587705     
   1002.90225753689     
   1054.04597092934     
   418.502662886016     
  -1790.91001653856     
  -1024.49910738538     
  -248.064131331579     
   734.860217533171     
  -18.1925268931087     
   1413.69062428563     
  -2532.51526413906     
  -2134.44479923608     
   114.749682244233     
   1247.78151599927     
   2283.52218887594     
  -2951.67120536378     
  -3223.65168110614     
   277.385841928760     
   5444.48141906381     
   136.130760283702     
  -19.8434174442480     
   353.728310718105     
  -1825.77446128495     
   438.442797558732     
   2452.91819026833     
  -757.117813517128     
  -3408.75269194146     
   1117.10687749351     
  -741.048827886925     
   760.846695807933     
   497.597885796016     
   439.336056903779     
  -1815.28027531038     
   347.654308521779     
  -467.693287907002     
   318.359243392383     
   2023.42649937852     
   1669.30948461792     
   831.763821793449     
   456.623205527840     
   482.407932498343     
  -1029.61165419139     
   19.7547169493924     
   101.712963587804     
  -377.620556273544     
   685.516890181332     
  -326.723529136914     
   492.051267581505     
   462.328241992797     
  -2818.27141747715     
   1557.85721698972     
   89.3642045343182     
   1534.59365940476     
   1044.62776880501     
   206.742265766593     
  -289.574588312371     
   2355.64211928595     
  -3906.12867213817     
   484.488803815070     
   669.199355458555     
   456.358338266834     
  -240.513431668010     
  -5336.41699763488     
  -789.454368319069     
   1578.08123755709     
   2242.30649862044     
  -494.208325109891     
   396.681192193072     
  -135.702875851651     
  -861.182338814632     
   3467.09587766541     
   669.647464479115     
   1706.60331822724     
  -600.031408265782     
  -1180.91372114779     
  -252.723773894000     
   1324.08024429237     
  -4260.14375706527     
   717.118270949018     
  -1698.75671078650     
   487.698063429735     
   984.025042083927     
   594.974932211869     
   5239.14293635179     
   1360.94996534208     
   2021.50351467987     
  -3700.53695061973     
   1569.83189989141     
  -292.012275822312     
   2775.34833790885     
   874.881320400111     
   2789.69858688028     
   158.280812361379     
  -499.904516626130     
  -846.351838403455     
  -3043.84017949572     
   2185.05333177440     
  -136.828235124639     
  -244.235830304845     
  -600.476939138534     
  -1758.23071693035     
   399.900583155049     
  -858.438233956171     
   3080.45790265059     
   1351.38367964926     
  -2494.20737414738     
  -1405.69178670580     
  -192.571258912107     
  -1217.24921602609     
  -267.265236390854     
   953.732476625368     
   630.356494016585     
   3108.28906222891     
  -363.889073038899     
   3409.88465364448     
   3068.23585582570     
   334.454834257468     
   2103.20711650298     
   330.062704763136     
   994.416029196557     
   1459.55316974005     
  -1075.39712918854     
  -309.692211349775     
  -423.432538476147     
   139.076949828498     
  -758.129670510134     
  -687.044179504967     
  -914.881717460064     
   1500.46655448131     
  -183.274623218754     
  -121.561128417208     
  -265.171955435747     
   149.026864562366     
   764.977768357536     
  -778.579683563947     
   33.5908581044895     
   757.991477254596     
  -538.205933685887     
  -159.372958554795     
   1967.66272357011     
  -1009.02599093170     
  -643.505770510840     
   701.027881508906     
  -478.997167189819     
  -1650.18059407690     
   519.447827381264     
  -1659.12732536272     
   351.283857806009     
  -978.778889451319     
  -13.9761920020081     
  -88.6162176108961     
  -1496.05845736823     
   917.112986461053     
  -766.268100772936     
  -827.575152520581     
   421.708702464284     
   774.745845106264     
   383.380863797099     
   175.500899474570     
  -403.522598569256     
   829.053369849643     
   1589.15200278436     
   556.483644739181     
  -29.3409969529526     
   166.772646884346     
  -214.970430044552     
  -365.161063117699     
  -626.408882687710     
   178.890450845429     
  -380.814153142282     
  -693.573564541799     
  -2224.62338404531     
  -2938.99690438543     
   870.629640778795     
   707.792951252827     
   189.002104821853     
  -935.644477005469     
   126.059536976052     
  -1025.54725288254     
  -167.094999945149     
  -2038.46029984535     
   158.032351225923     
  -784.332951982258     
  -299.899406645274     
  -833.476030002087     
   40.7242504002117     
   24.3347035173879     
   136.009565652258     
  -559.136308110613     
  -448.586762303014     
   1108.11882208661     
  -2094.86414506258     
   1016.56693491300     
  -1642.34418457678     
  -2620.66913432596     
  -1480.06279926124     
   245.172824934491     
   550.941368454016     
  -283.036679063979     
  -123.955676485632     
   810.880338392546     
  -985.488707664827     
  -4359.04578429452     
  -347.214277009323     
   721.105372692915     
  -2129.85662596694     
  -84.2154115720449     
  -544.843274365825     
  -1319.45341142482     
   78.9881707371275     
   124.837774148487     
   2683.83763019857     
   518.607767431685     
   1598.14416594169     
   983.731598095035     
   3667.47783028520     
  -1091.80007075608     
   1288.23510769982     
   438.747060411154     
  -2342.19581582049     
   554.520542053736     
   63.1820021768792     
   767.881345053353     
  -1514.45553470492     
   222.662404240318     
  -1748.30228321532     
   814.529186234231     
   608.800349488251     
   2444.04693882353     
  -385.234729461327     
  -3240.01045506856     
  -434.401838068258     
  -29.9339831396028     
   348.005134837465     
   54.6186166086080     
  -375.209719859546     
  -726.042540839698     
   102.899417810121     
  -262.239069810174     
   1036.89735563174     
  -1627.35774025300     
  -2209.06700623691     
  -126.846057773077     
  -767.252809835896     
  -109.863094535524     
   1089.89517525191     
  -2043.05086080245     
   1118.84135846568     
  -1071.37089879323     
  -243.973433100310     
  -634.495370819552     
   643.402704322778     
  -2745.64195977876     
   9.82078475991102     
   1504.30190710678     
   205.374426030803     
  -164.310966871981     
   955.370769145335     
  -1698.78764002688     
   1190.15289754317     
   768.462976337381     
   843.641238768593     
  -1324.21045190351     
   1620.99403577599     
  -703.973679306405     
   443.453353862950     
  -1671.22283914260     
   426.712700605511     
   1858.68907581716     
  -326.385681282139     
   356.484630035686     
   130.480505305648     
  -231.060725969057     
   1485.26460302891     
   185.778722752189     
  -1023.11016324461     
   1128.75134171987     
  -22.5181684236148     
  -59.1259358596394     
  -428.270316126500     
   1057.37708745504     
   160.703927492950     
   725.550933087169     
   153.449193578243     
   128.227881615106     
   204.810858849895     
  -915.942196173243     
  -1169.33296748700     
   1119.18203091027     
   581.698089899328     
  -1054.52026365936     
  -985.846709374181     
  -556.787614233753     
   2355.92337477301     
  -2354.22161606131     
   338.349774576441     
  -930.900428428801     
   252.442221780709     
  -516.555968493330     
   3330.87835555807     
  -408.239376260063     
   406.692813290293     
   1016.68721981972     
   1094.13124050162     
  -1095.03336897731     
  -952.885777996573     
   2162.38532494950     
   433.876062954357     
  -889.089699833753     
  -103.607385064611     
   227.137505043166     
   257.512404368460     
  -1532.94003591658     
   176.790450069341     
   445.487325416393     
   39.1274947442284     
   632.656517627816     
   68.1195510094587     
  -26.7379784167323     
   64.4477765639800     
   583.357573021263     
   1310.73046429501     
   2570.67478711867     
   916.353474198173     
  -88.0133091816349     
   294.136774532237     
  -515.494404496876     
   119.424120787732     
   582.493330190013     
   562.959077134385     
   210.718587153425     
  -488.873196839250     
   384.322339076565     
   1075.93225695929     
  -457.134497003327     
  -797.200474127350     
   10.6438586997311     
  -610.415550359309     
   727.157390711488     
  -1239.90894421571     
  -212.697824036786     
  -1638.41076897634     
   1166.80629224021     
  -38.2529524247565     
   235.417534028014     
   4.00567983517274     
  -663.426158904315     
  -526.257561657105     
   1004.95782382425     
  -614.229878336930     
   226.204620674535     
   121.229311874704     
  -941.537087627011     
  -764.103879368828     
   319.831290049106     
  -471.220946040356     
   709.358514099938     
  -2002.47043703563     
   350.005009126702     
  -1004.29387401152     
   992.807129974620     
  -140.364682423029     
   31.6338714752539     
  -643.581340519463     
   216.628024332425     
   870.162690376703     
   395.950740521358     
   1126.99128639199     
   869.433025983115     
   113.207169253383     
   590.309945017477     
  -226.641661792749     
   661.208236859864     
  -347.386760480985     
   966.836962715203     
   483.134215006886     
  -761.164993750430     
  -1704.23349848493     
  -304.366132319015     
  -413.111845331101     
   902.337473301129     
   1020.95455724262     
  -907.002616526651     
   864.170937473569     
   232.147927443705     
  -1464.42134065388     
   1652.29529009365     
  -1204.82631863167     
  -1178.71887853430     
   2434.18354951039     
   2289.90618754464     
   1490.64745781357     
   112.322730599278     
  -846.560341370047     
   1153.90078721137     
   2156.45749666250     
   16.9919317479644     
  -894.927899210228     
   1.07514247518009     
  -35.1290614552618     
  -2230.86941153044     
  -207.143915036291     
   305.541774849000     
   746.956808212246     
   831.681195576607     
  -559.786225448805     
   1512.05932456778     
  -134.443143952738     
  -463.367679029674     
  -544.894630321295     
   450.147577657709     
   235.222600432416     
   885.115616266482     
   226.976574168050     
   728.660598443192     
  -495.190763949804     
  -408.302098729165     
  -7.66898356324882     
   136.577056611210     
  -1927.40064737270     
  -760.829641774298     
   763.174685945113     
  -338.162482794269     
   673.783190034085     
   100.928469910263     
   359.401867668785     
   80.6067441570733     
  -902.081346477309     
  -377.963231630324     
  -458.481234122996     
  -66.4383876807695     
   338.858628153590     
  -747.343959608599     
  -205.269540633447     
   727.201322736779     
  -578.422963872137     
  -1028.53347947583     
  -304.607487090351     
   456.741690739142     
  -226.676428687903     
   473.945295699289     
  -478.708063669275     
  -303.966006186807     
   351.396552815997     
   1027.19197578450     
   167.561827365053     
  -1131.01133161839     
   76.9020481305027     
  -403.478499840723     
   936.793842087088     
  -1206.53272133042     
  -1203.41820766675     
   2745.71556727995     
   867.065765321172     
   1009.13287451305     
   1710.78675735105     
  -390.255332846169     
  -432.179807390487     
   34.5185959139957     
   1022.10329341596     
   1434.04608368143     
   196.862701132288     
  -280.915266188042     
   541.900432605148     
   473.304621574104     
  -351.078628900756     
  -782.808181473500     
  -1566.05431987825     
   4084.99154762155     
   1181.73444576467     
  -764.120365319771     
   4422.54242360546     
  -3288.47946537088     
  -1566.58644378977     
   2105.54809925602     
   264.027551738158     
  -10.9321913207499     
  -2007.33128133607     
   636.187952243792     
   5.94281853257780     
   533.669553039378     
  -524.527221886642     
  -1504.51336473367     
  -1406.98481312101     
   680.884616393048     
  -2007.75992936296     
  -921.730540434176     
  -454.383735831606     
  -1363.74314832744     
   541.851595465920     
   1430.54553355456     
  -1731.44324535289     
  -930.701889406394     
  -1993.49024693481     
   1901.30642187798     
  -1700.94893183093     
   680.029764324319     
   1623.05299024614     
  -2622.45696184201     
   1600.20274478380     
  -763.351374923980     
   671.135545795645     
   1330.46579720364     
   856.075411037064     
  -142.032511390781     
  -1269.63760110634     
  -493.338375704050     
   330.061964474960     
   1208.71236027827     
  -535.699811511568     
   1323.38163954186     
  -915.413955651179     
  -416.972692524000     
   220.965099401206     
   264.987084135983     
   99.4318445778572     
  -2430.04428709463     
  -312.668292613615     
  -1280.12657309599     
   1240.73116734203     
   488.752334524809     
   1361.84775039520     
   179.782907873603     
   141.650958820305     
  -1246.45946143243     
   319.137574310348     
   1591.55590009547     
   250.394003897506     
  -964.699686865205     
   257.622856859461     
   833.186099009104     
   1709.32688078819     
   1563.09560673378     
   717.893773147410     
   445.243531941599     
   630.488942974762     
   1321.69489556940     
  -959.970260400588     
   455.603571881867     
   1291.31113482185     
   49.9951337874818     
   278.065013371496     
   598.696163172794     
   1264.74775406866     
  -431.510412493327     
   512.608687453310     
   298.674566913679     
   238.603883569891     
  -133.488653321728     
  -3921.80603468386     
   388.249848887714     
  -1272.24972375434     
  -811.962096245194     
   1439.28298491680     
   204.154853657628     
   246.181787771056     
  -179.347745615632     
  -107.103320607598     
   487.008662444903     
   371.497766295563     
  -1178.52913185698     
   1245.63591576128     
  -582.771253592738     
  -596.124430358321     
   328.341623306459     
   387.441146790336     
   1227.47480598239     
   332.252119415364     
  -414.907206155299     
  -234.277119325484     
  -192.951488415348     
   92.7193365263643     
   124.942866815901     
   250.577718820032     
  -41.6962381356133     
  -43.7996297152131     
  -1896.78443800914     
  -1147.51064162817     
  -1631.37640469790     
  -614.868115621355     
  -674.705230373604     
  -545.547636876956     
  -892.146597049981     
  -154.865324344338     
  -231.650990496461     
  -420.919929666522     
   953.683404740551     
   1209.91717798565     
  -655.236363743628     
  -337.875859834692     
  -539.964126885732     
   755.646380149131     
  -1225.59532045333     
   432.771511252028     
  -169.646295059455     
   1296.81733626140     
  -2030.43758136782     
   417.435986342094     
   1993.00755173609     
   486.275012475804     
   552.157341546526     
   32.2555990978956     
  -603.818138197097     
  -1062.74640765113     
   880.952240564018     
  -471.206215846758     
   330.637031253588     
   701.488863560803     
   317.332351194990     
  -190.023338305754     
  -467.377571576012     
   125.206927709427     
  -651.725335050318     
  -23.8460935491994     
   754.529216369135     
  -183.171759229475     
  -52.7628065638664     
   272.924543460409     
   193.949660826079     
   397.393052099413     
   1589.12540037176     
   558.641662885238     
   16.2335559204919     
   870.162760721998     
   53.1441972988704     
  -403.231477318783     
  -1230.86535005833     
   1132.13133622225     
  -837.085394767447     
   375.273929677190     
   522.356170655350     
  -1295.68739800881     
  -1801.03330649172     
   556.475470229849     
  -712.276550364579     
  -284.793745488098     
  -978.132196704605     
   1935.62936197078     
  -2535.10617367069     
   236.574414316053     
   1987.28889679489     
   946.134911368963     
  -759.848459746486     
  -639.555999818485     
  -55.4449855261378     
  -125.768064161578     
  -326.887034841164     
  -352.522658444873     
   138.989935311379     
   591.724581300015     
  -1407.80910995256     
   612.684481345779     
  -809.336487956213     
  -1748.28667530144     
   273.225765256016     
  -532.015245288740     
   1107.09753617803     
   177.397745521096     
   810.652412790132     
  -254.002051645561     
   88.9018591428986     
  -740.855864441219     
   170.886631949259     
  -230.028713632451     
   789.897491428105     
   274.634319442790     
  -99.7051614474560     
  -842.673516104855     
  -240.063006163039     
   462.151751441480     
   1643.81123957383     
  -413.226913537804     
  -445.657307243681     
   422.744381907343     
  -244.754595352281     
   178.737538396199     
  -236.836413658775     
   959.584243533219     
   434.685411292206     
  -638.340618477529     
  -1252.20224758264     
   207.578031521874     
  -550.698066769014     
  -1209.90257168432     
   354.442163998922     
   251.532303895532     
  -346.226913382175     
  -889.079033268762     
  -832.600606608611     
  -200.474656280072     
   64.1055752766669     
  -1480.79765354828     
  -3239.83637245898     
  -40.1440981222750     
   1371.30830560496     
   192.875371130999     
   1927.90728359140     
  -1950.56690645154     
   43.8089004609592     
   29.6512835472259     
  -2889.12601778478     
  -157.690322655172     
  -786.513148837589     
   859.089700150391     
  -2381.50086620917     
  -99.8064265107151     
  -402.636400596308     
   385.609109877143     
   643.580038404483     
   1108.06641337382     
   2756.58166121918     
  -1947.23787517243     
   377.291415668757     
   599.400629667669     
  -496.509528605220     
   395.142626172868     
   165.785753215456     
  -934.195684592889     
   1213.78748022234     
  -1812.69365997940     
   3234.08618957739     
   1470.42846547986     
  -839.924901378285     
  -1959.56280921570     
  -337.905947654393     
  -1808.16499219659     
   810.366799781078     
   1767.75193471297     
   1070.97839764423     
  -1026.07091440181     
  -1038.70962084438     
   958.448100568484     
   1851.74550883813     
  -967.607556448925     
   524.618652666115     
  -117.927623752995     
  -811.495058250501     
   91.9199647145621     
   253.052258560865     
  -2645.88236401967     
   831.714940370035     
  -698.730428586486     
   729.761530094642     
  -780.198535191298     
   599.968092482372     
  -3543.79910615197     
   1303.13412875034     
  -248.082015704462     
   1455.13648430420     
   42.1077651331569     
  -228.891520188799     
  -1606.07220412760     
   807.443736438653     
   232.560981182930     
   1386.71872302898     
   1919.87049702784     
   401.673271326526     
   905.817010850089     
  -3383.27895226604     
   564.033303020545     
  -1417.91641934714     
  -1250.24224946833     
   2185.79500396928     
  -968.561339502179     
   2607.13433451866     
   249.414957145218     
   587.437639377903     
  -1110.53461420099     
   785.207784033034     
  -1249.71992120452     
  -38.2436561360781     
  -304.730040901109     
  -2798.19142445630     
  -2803.49673814053     
   2063.82273677835     
  -261.241192982372     
  -1760.61156709725     
   1142.39045930160     
  -178.083182952004     
   91.0298743537838     
   1.88610653829636     
   474.951886243241     
   2008.02143401942     
   82.2352985293579     
   1708.47109955140     
  -4060.19666982743     
  -339.670125196018     
   161.431737946987     
  -22.2600123751137     
  -1867.46929891890     
   1103.66060993457     
   3109.46220351279     
  -1507.09420830327     
   935.790397883976     
   676.072245360158     
   1589.02951282170     
   2108.13834049731     
   26.1820232515535     
   1517.36091608856     
   941.914248923799     
   2227.96019287693     
  -2125.96628850084     
  -431.694550726960     
  -521.379676162437     
  -894.368263528735     
  -286.293413441468     
   1358.88804401191     
   345.357385397100     
  -978.277008494875     
   1271.05604160859     
   1429.23763463589     
  -1289.76989342109     
  -718.829902148823     
  -776.028633107665     
  -888.117010704733     
  -823.428942433672     
   1115.98437309243     
   1065.83165022091     
  -538.576445226878     
   986.108737768998     
   581.685741317153     
  -511.025922585068     
   1738.86462730546     
   354.379070806380     
  -390.224116580165     
   235.724372308731     
  -372.383382092814     
   881.614309064629     
  -997.862965291151     
   929.232436824347     
   545.307109056258     
  -1197.89232533971     
   294.503286334562     
   317.572411383091     
   164.483688604306     
  -502.200113953389     
  -394.457105162091     
   675.930505020464     
  -93.6470345216208     
   187.646239594096     
  -813.663494575270     
   387.239139760818     
   984.123727301828     
   143.827297506363     
   245.011974094312     
   840.513506645689     
  -1837.82561842306     
   269.601621532443     
   191.895682480600     
  -441.131081976709     
   1710.84983303091     
   201.945068609125     
  -467.601515260637     
   95.0255321948945     
   206.855186788472     
   496.797843631137     
  -110.862047717375     
  -1038.08671244517     
   439.344532031211     
   932.331866991689     
  -330.858317718148     
  -1126.03215370091     
  -83.1243516170171     
   457.061074589836     
   1462.31647883509     
  -970.495223422596     
  -409.798686323477     
  -332.976646837292     
  -2670.90979208775     
   851.554785168055     
   1291.28977775313     
   1067.27534070912     
   1082.02536799821     
   12.0380859041310     
   1283.46650396900     
   991.712839304378     
  -59.4608314491973     
  -916.231855636549     
  -320.288669616096     
   494.826803212579     
  -1377.31091979362     
  -1014.51404024723     
  -842.938515795214     
  -6.75646656950092     
  -611.662152664723     
   772.009799373896     
   501.940932256277     
   1243.76106126096     
   993.790827335188     
  -646.162531306038     
   1166.62152271141     
  -2244.14332429420     
  -48.0207091486631     
  -62.4944867144877     
  -202.009683307328     
   847.978711491933     
  -1394.74302111360     
   69.2630370936381     
   3173.17005423888     
   467.198548883950     
   1050.96747553475     
  -915.410591451899     
   725.042844660008     
   1671.25603307090     
   1411.33132489569     
   2754.59856503519     
   491.957952532627     
   167.478036018485     
  -1374.75591478630     
  -1575.24747993170     
   1155.14216511918     
  -301.537462972099     
  -296.767572354237     
   880.940263040067     
   865.498184031567     
  -838.526370040021     
  -671.855197465463     
   1026.10710456138     
   638.722479238696     
  -825.468961287756     
  -517.522340969261     
   547.068179569881     
  -805.750426376295     
   340.840092700745     
  -559.022347259622     
  -866.691648075864     
  -476.888655638301     
  -254.799770696804     
   1052.15007641334     
   838.107626287215     
   427.660131592837     
   8.14365352987602     
  -2151.07028441408     
  -559.025048893062     
   403.601510302011     
   149.928760226077     
  -599.406581552696     
  -561.078025139159     
   336.248411530672     
   496.213063652990     
  -742.759324869196     
  -274.366253663587     
   542.433142653166     
  -498.820735179588     
  -866.326571917107     
  -2400.18168089398     
   1791.69797571765     
  -1034.16471293191     
  -32.0284351327842     
   568.600529173008     
   527.510796935099     
   1053.42396327431     
  -77.3482880607852     
  -242.604927487738     
   1501.66158169235     
   2002.96718618718     
  -730.674119845888     
  -402.285783436495     
  -630.782146194276     
  -91.4828873338622     
  -202.100983009917     
   353.401179707682     
  -364.320805545939     
   1013.28299717815     
   485.816654885588     
  -1077.68871309091     
   1900.17985906546     
   613.799852538491     
   331.405743211348     
   1483.62726943532     
   947.990721860533     
   761.498385053235     
   196.532075021670     
   1187.94009216590     
  -860.233596948956     
   482.815004544478     
   1938.59736266997     
   114.846740636680     
   199.652318976550     
   545.971133836298     
   825.728537290164     
   2150.08582166772     
  -588.983973867003     
   1394.53351998313     
  -579.465391138954     
  -1092.49962626920     
   1011.53410428134     
   6.80045260397083     
  -702.394675635427     
  -807.147646448881     
  -2058.17994752070     
   32.8463547758621     
  -99.6972000666545     
  -440.139908733369     
   615.990482276098     
  -645.453552642166     
   50.1443533647116     
   104.087037142119     
   290.083456850705     
  -618.354657585665     
  -105.849503041668     
  -628.374648938362     
  -363.499888804873     
  -165.712872124275     
   531.612566036710     
  -510.213388115550     
  -105.380489064966     
  -414.353030502749     
  -1036.92677992194     
   242.393604815433     
   273.403836455795     
  -180.999033254282     
  -313.226875169498     
  -47.1627079337276     
  -234.909876718823     
   270.772343583536     
   606.906026067059     
   1448.76151548527     
  -322.417966872431     
  -739.985937148203     
  -1025.05326286563     
   337.813006532383     
   345.455928696840     
  -248.601752105308     
   963.481633699972     
   131.225330628502     
   305.398935266946     
   97.7675747200530     
  -1606.35676199366     
   1353.28951749237     
   785.681830355892     
   703.548517388696     
   507.374434212031     
  -816.454373659422     
   1173.97420996536     
  -566.903921257802     
   343.609678434826     
  -575.179071240159     
   379.200489147403     
   1482.98754459631     
  -53.2073019070262     
   285.222004091801     
  -326.220125542273     
   899.814144964443     
  -928.840274985526     
  -3227.59802290251     
  -781.042714762023     
  -714.889941475904     
   694.411589341324     
  -205.166533894511     
   1487.08700191785     
   2202.40595556557     
   1341.24678462951     
  -1419.59087719707     
  -819.645238093427     
   3579.64485495677     
  -1305.43329143960     
   741.567304542225     
   40.3230444998444     
  -10.1154383127249     
  -769.584182274430     
  -1461.54358977069     
  -1408.41850872101     
   1011.75449103575     
   280.836932447071     
  -577.646392045483     
  -1994.37715695679     
  -2902.54279267075     
  -91.6564495986568     
  -1474.84974628147     
  -2674.66019352434     
  -697.412532439064     
   1317.71864324642     
   220.657698200881     
  -2694.55878362295     
  -662.650560613744     
  -260.556044264183     
   3083.69513348611     
   1250.91256387496     
  -134.161619864950     
   573.503580098453     
   1863.31643392748     
  -467.514238895477     
   1238.09654702306     
   464.878873861831     
   1014.56046172680     
   937.475175607617     
   1043.83143939927     
   663.303160245557     
   436.857295781931     
  -1991.35087212673     
  -2671.33825117897     
  -1228.41313837173     
   831.549415066266     
   45.0005539326302     
  -2774.73569278724     
  -898.380528293585     
   1751.03482232834     
  -138.866206553165     
  -883.968517958574     
   368.608690642900     
   511.741176018270     
  -620.879096539352     
  -1718.05547558584     
   2036.02415441810     
  -495.876699228618     
   1996.76086697536     
  -1012.16371986595     
  -1885.97349387237     
   118.146854717626     
  0.520798928353543     
   1410.94524078568     
   1000.69533701494     
   482.487464562322     
  -1459.79955118175     
  -2594.63526662278     
   2169.60484251672     
   383.762862183679     
  -1231.21808331261     
  -2040.93094165401     
   1292.21234915276     
  -2004.49239863168     
   2103.32522731808     
   1119.67132162132     
  -2196.73825250085     
  -130.830769712776     
   1440.60844444401     
  -135.868163629930     
  -1019.42374939823     
   353.594926305180     
  -270.013036193154     
  -2634.67864802468     
  -225.960307411751     
   2090.16516581608     
  -257.548565903941     
   385.583895269953     
   148.421674395566     
  -1754.12296449300     
  -3498.60965464302     
   622.227488584159     
  -756.106938274004     
  -928.497328029994     
   1625.26356251464     
   467.647637936826     
   1727.79266973744     
  -224.795258847025     
   906.739470792655     
   1920.20111917278     
  -3167.73551294193     
   1493.16692719733     
  -583.158858656624     
   1575.21475502184     
  -1099.32001145798     
   1051.59938838971     
   457.223594665091     
  -273.182697956416     
  -1568.97275291756     
   757.227929945713     
  -1196.82565849132     
   36.2165665558093     
  -1604.51454779154     
   12.6646751328587     
  -939.040617965184     
  -1148.54792119042     
  -738.431843740758     
  -1441.21521074387     
   2553.21738302684     
  -1166.11873963683     
  -429.491626657289     
  -396.031501443537     
  -3689.69581201579     
   941.516945549273     
   2576.25741288449     
  -103.901335553626     
  -1381.18447612954     
  -425.172894248582     
   216.264450497063     
   904.813420444215     
   184.119656699732     
  -592.497860234989     
   193.552545695961     
   979.319789600122     
   1558.72087128845     
  -1155.98564894235     
  -1551.42551248885     
  -1327.44706659986     
   1189.99521976675     
  -1991.58280803746     
  -587.440829694679     
   1761.54714514324     
  -281.544463852045     
   785.743345113066     
   1575.86875681315     
  -29.5686512484283     
   402.068570956484     
   862.862677795025     
  -409.425899959006     
  -575.929934724148     
  -108.682568784130     
  -2442.44078609640     
  -1083.51687065942     
   379.064999997139     
   140.223253484432     
  -2084.97461005489     
  -1616.21115401064     
   377.724292643803     
   1381.80780383813     
  -115.469966347310     
  -1872.13596763966     
   21.4576587110566     
  -101.289600263752     
   604.595619061257     
  -1457.61384418779     
   153.611968139238     
   656.629368255429     
   499.209443749350     
  -2095.85659598256     
  -545.470555633436     
  -3284.72923294564     
   2778.17892562509     
  -1364.94106112437     
   1011.36700554067     
  -1027.88080852673     
  -1532.57609936130     
  -1489.50821237835     
   231.343500980628     
   2170.52393669317     
  -363.943861251094     
   3604.16735807473     
  -58.5087078833619     
   1476.68439832997     
  -2755.11986536164     
   21.9779034660125     
  -1249.49629395723     
   1761.45143020267     
  -96.7169927182833     
   406.996578732082     
   1038.90895291642     
  -1994.48488660991     
   2909.03577357060     
   2119.87952294107     
   1240.51893785949     
   869.804951913675     
  -1010.10155816495     
  -87.5261901599609     
  -1451.14035150369     
   1928.37081691102     
   798.308402397036     
  -1468.54110971863     
   4617.97813568614     
  -459.960697936420     
  -187.623815344060     
  -1352.39601099505     
  -871.941399731123     
   1377.63525550323     
   438.021165173720     
   1494.29344510310     
  -210.027609326865     
  -102.057844413621     
   1031.77884242870     
  -264.400792808062     
   3822.05732069477     
  -920.239994696307     
  -823.784405097245     
   1535.38679121748     
   31.6947677870284     
  -1685.21379314786     
   2068.66634761914     
   1282.87672177633     
  -660.892558397091     
   1259.54358740108     
  -721.734999984240     
  -1648.59645057635     
  -1077.13399504270     
  -1347.51433306891     
  -1463.14461013828     
  -325.582287582699     
   3933.33387025676     
  -1209.55900964517     
   1853.46305024659     
   1740.45860469546     
   3436.41343369802     
   446.127374759020     
   935.004166470881     
  -176.940058716955     
   1782.55635329316     
  -364.064749783790     
   1229.52700872429     
  -1190.93178664425     
   446.613875479720     
   360.012488945057     
  -1275.27849111788     
  -252.687692948489     
   927.129467199489     
   1381.53307009630     
   1872.56117266102     
  -878.198701730609     
   808.951408304158     
   524.334020341159     
   132.057239645242     
  -878.825661836367     
  -417.415411378459     
   1686.62304011444     
  -953.238499343604     
  -1942.81328681640     
   1612.10825938297     
  -202.383362962730     
   2373.83417637680     
   1537.24032532807     
  -546.374107096815     
   1822.62772391005     
  -1209.80537795317     
   261.903445340879     
  -192.881055801304     
   403.086203698511     
   2355.18561270819     
   466.267937878191     
   170.317226743692     
  -1841.15221749981     
  -1179.20356805614     
   3.82231409199903     
   1361.05457120232     
   376.742366666919     
   244.621727180675     
  -1054.88331441290     
   1004.66857322669     
   50.2091573176272     
   259.546716248624     
  -2412.14266903471     
  -1818.51674986849     
   214.273227409798     
  -1899.68346943607     
  -891.585913331374     
   1017.67702721862     
   998.663496488728     
  -1324.21688899161     
  -186.699156315981     
  -279.066285779605     
   2478.99190524139     
   1457.61793695576     
  -2316.13621071431     
  -1554.17319925723     
   769.747443067237     
   125.117523703546     
  -94.6706954109183     
   2671.02824229022     
   752.890691791262     
   1445.47843510847     
  -1226.35015294980     
   95.8488693205335     
  -2774.55346943804     
  -3547.27052005749     
  -463.713507551002     
  -939.178388427898     
   986.305882538549     
   3154.89519374198     
  -75.1209907508138     
  -930.180114723526     
  -293.178288480180     
   134.000505339847     
  -257.197411712961     
   1087.62967298605     
  -106.430463627403     
   786.189611299980     
  -2150.44557220739     
  -2735.37032073286     
  -2105.63609419136     
   1308.33991700355     
  -1875.09851095444     
   2254.28460584167     
   808.481638347939     
   1537.43419230915     
   1056.31068440158     
   193.625845962868     
   1296.10896666941     
   681.938295584124     
   2950.09172725645     
  -2783.31133401341     
  -2103.81575719639     
  -1015.30216488974     
  -3033.08876295637     
  -414.731164743806     
   868.146625075581     
   1023.60830345194     
   1501.11618635894     
  -970.719191409199     
  -2449.61021548458     
  -2892.71473000922     
   1141.77023293282     
  -1739.05571311841     
  -607.908064415965     
  -2026.76644318341     
  -562.595495199329     
  -1007.95361332584     
   552.591160214823     
  -306.428830090377     
  -38.2428388434124     
  -215.062063877395     
   2015.50435649079     
  -1576.15407186731     
  -743.169475546549     
  -389.425879867498     
  -1323.13755405064     
  -925.137041115841     
   1392.82673783247     
   523.719227060285     
   551.299932973817     
   1011.11808131387     
   1045.80157378752     
  -411.262217591908     
  -1936.94981817359     
   1005.26032012079     
  -1682.10149034996     
   77.2150626888790     
   1032.85561696357     
   824.011195867979     
   18.0316546579072     
   594.626494664678     
  -899.697787679796     
   524.387776589976     
   193.775779450437     
   1023.17455882025     
  -17.7350577050362     
  -163.137751560931     
   239.336626023884     
  -1165.74045016691     
  -284.356818239741     
   744.905378099862     
   744.040731874883     
   567.580949688102     
  -524.313199239035     
  -987.264385174141     
  -384.549655526368     
   733.009714197149     
  -3643.43811382934     
   475.272352755651     
   515.407726863344     
  -766.745218595048     
   1297.94754415003     
  -802.202043509417     
  -231.600204646138     
   323.685378836201     
   25.6618793335823     
  -2185.21764571592     
  -1385.70292309811     
   984.827839048544     
  -601.952283169762     
  -2247.06081731998     
  -999.864115344608     
   1566.63853794954     
   448.572517530627     
   1007.81278073597     
   1485.91289619878     
  -1029.30866886012     
  -363.477391469974     
   2590.24011182133     
  -720.370292752484     
   356.007244217202     
   209.825628355433     
   229.265876618267     
   439.257345275257     
  -742.790406365506     
   1184.17464715814     
   1013.79843698557     
   637.984401207293     
   238.528599422269     
  -1787.18519496379     
   340.332896209827     
   1873.58283529086     
   2598.47141288466     
   1147.71114946366     
  -1319.76565772784     
   761.868478479140     
   1307.57872189498     
  -703.317559275912     
  -718.201703239442     
  -1685.37946439006     
   32.4641124816513     
  -2338.32370235451     
   391.236492240396     
  -2214.20421912490     
  -934.297802414131     
   379.132177178410     
   2082.60195156237     
   781.664938780816     
   1988.25005009609     
  -2211.65768390100     
   2495.53453262126     
  -1486.90075399636     
   1603.07127413826     
   2728.64041284908     
  -222.532437366408     
  -24.3140692753639     
  -953.692216719387     
   181.643767768467     
   601.073130316839     
  -599.744016386595     
   1001.18430950523     
   397.734913956922     
  -140.706996660254     
   764.732573568392     
  -771.592915076214     
   584.285468804019     
   790.298229487494     
   2147.82596784159     
  -69.9889183928033     
  -27.2458234326833     
  -367.409740055717     
   416.751327386810     
  -744.208669895769     
   218.403732719870     
   229.122978214522     
   358.439738403562     
   1396.22463259388     
  -117.238608901452     
  -628.921468402277     
   879.400007156138     
  -453.548525190339     
  -1620.78095927224     
  -1538.34569896011     
  -988.455042654835     
  -451.021456412253     
  -1829.43735331396     
   401.878408602088     
   2095.01773578658     
   1681.62041109604     
  -927.770448206308     
  -1857.20913652918     
   635.934750146170     
  -2022.90814648796     
  -412.855257272956     
  -694.490040898879     
   319.457544914889     
   2226.91899547806     
  -1839.08533188192     
   996.952266592068     
  -3574.35362201722     
  -401.772498053419     
   862.228051137306     
  -591.163233252260     
  -446.131453703101     
  -1764.56199387108     
  -2816.45687560337     
   384.470549345945     
  -1414.06100335775     
  -2518.44632654989     
  -1288.37531533252     
  -2400.75534493710     
   2664.16053846677     
  -1153.39519261256     
  -128.291809766987     
   6173.40415168502     
  -1849.79988962965     
  -972.214125408741     
   784.670624984307     
   1147.85327528055     
  -2079.20028353087     
   1475.73536177418     
  -505.076907671136     
  -1783.73503488592     
  -3580.54986785579     
   694.787767950945     
  -1886.09354539693     
  -69.8373389063055     
  -383.668201583666     
   884.286082762266     
  -294.822803975813     
   2462.83326350570     
  -1282.44286814256     
  -523.742027226803     
   799.954114872945     
  -369.369021487923     
   442.747189430204     
  -2116.65303485529     
  -2011.67019679403     
   711.290092602523     
   65.9744939618752     
   705.767731734179     
  -1780.51526263110     
  -123.311269541902     
   1740.46302969774     
   2418.31603663070     
   1369.83450443712     
  -1320.80719804536     
   702.855551085659     
   924.223278939346     
   20.1171536023762     
  -2736.20253563361     
   1790.32572069615     
   1971.91864817687     
   2021.75441341255     
  -307.470163838077     
  -1911.06128648966     
   1617.10957800381     
   4623.96817591015     
  -29.2916327478672     
  -1124.60227734627     
  -1592.47117034417     
  -368.368508564474     
  -100.116807916911     
  -360.720588724907     
  -510.170054079312     
  -267.634542263830     
   1689.94593257929     
  -898.473062328838     
  -386.518076625827     
  -386.609359766412     
   894.551870209975     
  -1094.64315979505     
   2590.04700328483     
  -2107.89936481982     
  -1169.81397013498     
  -1764.54134239308     
   337.277094819853     
   4217.70570043425     
   3132.57007882053     
   638.303163219664     
  -1100.81120713317     
  -71.4847746701760     
  -5139.83044456499     
   487.138645699894     
  -895.246566501795     
   1368.77655977294     
  -559.694539335146     
  -2565.33784248513     
   1217.28069680458     
   1853.81538196395     
   647.047174875343     
   118.346029692448     
  -1082.50159622209     
  -176.555634977151     
  -913.783813372585     
  -2552.76960466712     
   813.295120231479     
   1170.88148577833     
   991.937152564214     
   1990.21944649537     
  -1197.46748381805     
   2106.90947654784     
  -1970.36293081831     
  -662.851903389805     
   615.785073832059     
  -1861.44089787525     
   1275.77908233046     
   3058.22717638601     
   713.456948040108     
   842.089970279207     
  -1941.84010712390     
  -1854.36091781792     
  -169.263664259632     
  -1381.74105968227     
   4647.97137258891     
  -946.818198018908     
   1291.03973715316     
   1085.22396310006     
   627.920391015670     
   881.452184014431     
  -864.073277416384     
  -594.880225142015     
   626.285365090591     
   1974.44136298319     
   4767.85730861568     
  -1460.94859929107     
  -2210.25623546643     
   320.682099848758     
   1427.05613069937     
  -303.828944251595     
   536.579751635622     
   2421.90768366074     
  -976.862771840745     
   157.765020507662     
  -1072.81855208040     
   10.7239142493677     
  -1817.43834196704     
   2758.69394227123     
   1253.80001682063     
  -683.520399324461     
  -1072.91748127548     
   400.693999596823     
   681.328631653899     
   2086.13623771033     
  -250.629500024503     
   740.356626479098     
  -974.332283645940     
  -1068.73698299943     
  -569.286285255213     
  -107.433040935387     
  -124.996852388241     
   1370.19862866125     
  -2339.60652317772     
  -44.3934378390391     
  -742.284804748537     
  -1583.95386503861     
  -390.205554355442     
  -582.480683835810     
  -494.736269275272     
   766.012111034640     
  -76.9323179422599     
  -450.334884178052     
  -505.194009300939     
  -860.803687019264     
   1631.51947127527     
  -1473.56242707960     
   1547.02968404858     
   1120.88391327461     
   2406.41856587118     
   1083.27410414456     
  -1803.32700978831     
   518.104106949480     
   2649.15198466860     
  -991.889795790171     
  -88.2474572611452     
  -2335.46703322620     
   1580.28991489764     
  -35.6615670774786     
  -2432.16895524377     
  -839.528099773962     
  -195.925703951826     
   1707.62716454569     
   1678.84935089234     
   1626.85074035644     
  -573.174172482964     
   1680.09815442035     
  -2050.11735401217     
  -961.590490744322     
  -154.131493061618     
   3422.10850318303     
  -799.538554092977     
  -2604.23878177712     
   1875.79844834494     
  -331.301390406534     
   955.734737310803     
  -1428.38736094802     
  -1077.72360692952     
  -2242.22458799597     
  -687.081408732062     
  -699.589767834140     
   843.439093401839     
  -200.101284774043     
  -2805.87035930898     
   1431.32485932271     
  -599.194350881396     
  -1556.81862141828     
   2261.65176233683     
   326.874527097546     
   2316.68322841443     
  -1111.15841802080     
  -707.549478990913     
  -841.342149871163     
  -2435.83975166127     
  -2152.65976322609     
   4165.55081249627     
   1270.54249079812     
   2961.25099950280     
  -1939.06701462292     
  -1497.33015987922     
  -2636.62403310546     
   3569.84251736786     
  -2135.70246845114     
   2744.72230213811     
   1788.85757535698     
  -1893.62381120760     
  -864.476287119451     
   709.723294813886     
   1031.55361586630     
   368.600113160338     
  -1197.30939509205     
  -638.583364927360     
   233.668390858414     
  -229.636855440815     
   646.809973985565     
  -635.265122690639     
   1525.79998990918     
   388.474032990528     
   9.44596146090811     
  -144.202825162269     
   425.781834628844     
  -368.110024149219     
   28.4292883328594     
  -1618.83772213275     
  -2744.69662874925     
   1668.54419277081     
  -267.404856034519     
   74.3623779373015     
   2988.59490893343     
   1811.54107239271     
   1249.86662840581     
  -1837.07227169853     
  -397.106542944242     
  -1242.25249705032     
  -995.795634153322     
   380.688681066374     
  -798.160738936612     
   584.168339810481     
   671.798987532156     
  -637.525210574255     
  -833.390245445115     
  -1986.13517551296     
  -437.687191940485     
  -1137.76751318092     
  -1269.06667381937     
  -1975.10220274224     
   1890.28533760521     
  -40.2515364092499     
  -1141.16243475993     
  -279.961235888908     
  -1546.66959337402     
   508.581072072692     
  -635.188138685653     
  -1186.29187645194     
   55.5366255983839     
  -382.134374600600     
   1101.22008934541     
   1299.44066561068     
   1145.93539504141     
   676.375402360966     
  -1029.57897912765     
   1216.58979442909     
  -923.491943790470     
   953.755588686133     
  -220.302690954868     
  -40.4130489836862     
   769.652446870391     
   183.301988938581     
   479.873632353476     
  -219.195482852966     
  -813.122465338997     
   614.584424245757     
   168.588320675991     
   775.454462236480     
   463.772393876327     
   251.296575728683     
  -1205.98290430596     
  -2608.70285363201     
   2441.71669824775     
   1014.05690361093     
   1064.01994186967     
   1073.91561648018     
   388.889655203507     
   1955.57940906321     
   1010.74022487067     
   1142.91978231539     
   2207.66471082911     
  -1974.90811234681     
  -2667.83697233786     
   808.972562981261     
  -762.371461289963     
  -144.998715259813     
   621.187166996493     
  -1859.72611273561     
   2378.31239236216     
   629.611423606861     
   709.498927852141     
   1213.61833700078     
  -1712.44320601808     
   38.4065472747775     
  -657.373996907877     
   1969.71373494937     
  -301.983632176335     
  -169.468610239412     
   554.460737357994     
   1427.32122845202     
   1010.45727640168     
  -1276.17539321143     
  -3147.91533122424     
   423.581457062081     
  -2134.90423714991     
  -257.414045236958     
   766.894751425159     
  -750.057668538000     
  -107.322762491463     
   1649.48151612653     
  -1483.08488785717     
   2171.59388996647     
   2302.20752204781     
   322.979670801531     
   614.143372928341     
  -1873.94974753876     
  -3024.26141661859     
  -1810.07342990263     
  -541.361289972578     
  -1156.06698033666     
  -1061.41870823043     
  -577.684720176970     
  -513.910458969391     
   996.270438212961     
  -1686.50496642337     
   584.714084270131     
  -1137.58983407228     
  -920.546609261794     
  -595.280456904987     
  -1895.49266455329     
  -1181.98031160755     
  -1286.97323334245     
   1505.19887619160     
   1091.91182544669     
  -1415.75632403145     
  -137.867067288447     
  -322.774786536572     
  -1531.66051055034     
   1067.01225025744     
  -914.602144890299     
  -844.066892049789     
   2316.61466718534     
   623.512338231247     
   2322.33584670972     
   245.769331895103     
  -2069.20125857532     
  -1851.53227219591     
   1172.06605689439     
   565.865683230708     
   900.377800658996     
   1882.31382634036     
  -590.322571849562     
  -938.879584404573     
  -515.629767450371     
   978.677824023260     
   375.013939342038     
   541.020828916472     
   697.835593644890     
   16.7883097942574     
  -3944.23451675077     
   1107.07559150586     
  -420.239638621350     
  -169.416587895128     
  -573.894957652271     
  -1589.83364366092     
   222.606092235347     
   873.378429398475     
   548.079200213629     
  -757.596195183372     
   141.148820421082     
   845.792930240092     
   710.930316956324     
   380.716374305227     
   739.185486506747     
   401.878917283082     
   3235.53276885482     
   264.094638446250     
   474.334249807180     
   1594.38533621850     
  -19.8804945511292     
  -65.1559414057066     
   918.925644078418     
   12.2663410243340     
   288.042079463026     
   1898.81066895801     
   1425.12587182768     
  -5.36773355794243     
   1468.78523922600     
   681.362560004817     
   110.221435031042     
  -2133.90986704804     
  -293.821973809737     
   374.853638447418     
  -1028.06773540288     
  -143.594321788478     
   20.8190667579762     
   116.248501833995     
  -1835.65745654197     
  -425.560500031861     
   165.243490878989     
   455.374171943044     
  -461.475605286215     
  -431.278242229242     
  -2051.84629312074     
  -214.780510864573     
   410.169125018882     
  -242.174987515401     
   1683.42392300502     
  -569.829442609023     
  -768.232196634966     
  -765.460126908126     
  -869.185781114846     
   17.9337682921614     
  -225.887276040402     
  -1017.38149812589     
   506.439879671874     
   215.987139832150     
  -109.627258306682     
  -603.027578032249     
   1315.95253583811     
   209.087905767641     
  -254.611200568471     
  -554.975270030592     
  -386.183392883480     
   3191.04000497511     
   575.383681349382     
  -878.578897602350     
  -1622.96264424583     
  -2072.36931175582     
  -214.684313178291     
   205.162048002611     
   13.8718764359209     
  -234.589607713882     
  -239.586926565956     
  -634.597600932975     
   56.4482483417663     
  -874.308964749569     
  -532.745235443272     
   2448.68315833341     
  -1754.81510685430     
  -480.450879777790     
   29.4953449933269     
  -2633.38679995191     
   467.720424320135     
  -274.260443616967     
   128.856668496015     
  -886.949699349093     
   409.850244732070     
   2526.54482689760     
  -1474.19202223806     
  -968.660419290746     
  -629.438064597741     
  -501.684952907205     
  -316.689692163362     
  -1110.88310682078     
  -103.129180033833     
  -863.674137640013     
  -289.040041569799     
   442.689848682265     
   121.363740052800     
  -124.008850961421     
  -495.020504738437     
  -434.424975367752     
   478.323411553922     
  -273.623774969606     
  -461.822268889333     
   911.113658284341     
   60.6562886986060     
   575.488429369209     
   914.378360739735     
   1068.04725763595     
  -1268.31411559309     
   158.671909723407     
   358.991949074906     
   1111.61361550087     
   61.8056755639246     
  -756.883506753029     
   2120.29900516557     
   224.617640542898     
   313.220788267993     
  -584.262579627809     
  -457.552456555584     
   1785.21967600764     
   83.9875206062443     
   465.526883732384     
   815.806082770754     
   215.942384109469     
   329.024532668980     
  -4367.82179282170     
   556.838787401387     
  -592.640572372294     
   1513.29318762750     
  -542.441134586242     
  -605.309724650827     
   127.438164230340     
  -263.505799481026     
  -1366.22970737435     
  -452.198191472076     
   219.016509175418     
  -624.319600464139     
   1490.29572945217     
  -1363.02499838171     
  -1680.84261991494     
   46.0427183393116     
   15.5947333701985     
   174.135358625415     
   1457.28308396661     
   1017.85751208578     
   2970.10007266642     
  -4425.72717793900     
  -144.464126079110     
   1847.85019045907     
  -959.447680140369     
  -327.648352150391     
  -350.542108278150     
  -192.336089283604     
   1150.18288055222     
  -1138.68073192300     
  -889.915336487472     
  -123.051714224235     
   1288.89399703252     
   980.956772304178     
  -1130.19653907176     
  -440.231966789353     
  -417.277959034160     
  -957.607412373348     
   393.906812766039     
  -1545.21707961668     
  -297.122952131463     
  -571.138050170018     
   1546.42587283022     
  -1234.41104516731     
   427.430225052034     
   834.124248233547     
  -288.847715078098     
  -555.323812838188     
   1308.76499486445     
  -169.086122079032     
   663.555095897815     
   1110.27454509817     
   781.173292283101     
   61.1971260089235     
   184.589928628078     
  -231.928335007866     
   551.802673585172     
  -147.256314583249     
  -112.885030016617     
   95.2428231286451     
   492.033452837708     
   189.139662078425     
   307.127186084565     
  -102.472083822106     
   539.583593022737     
   507.916770928780     
  -9.25435251553279     
  -127.463365435284     
   2406.49529917513     
   401.029346081195     
   95.2254962998812     
  -402.692987543623     
   472.879985770881     
  -695.641607313755     
   26.1810058012558     
   233.871196669908     
  -647.696321454231     
  -99.1209332246869     
   297.847451566349     
   223.142028119483     
   3572.80712193187     
   771.975772717250     
   445.450023513995     
  -120.079730935024     
   174.305662110062     
  -2919.86475067371     
  -260.270386792570     
   965.287241564892     
  -79.0816017077177     
   139.729345984778     
   186.768162000560     
   378.941137690810     
  -600.495441810894     
   478.774776257662     
   445.883013141581     
   1455.85891577338     
  -213.937208716238     
   360.240145919070     
  -71.7901046549787     
  -401.296003142163     
  -17.8654293608514     
  -9.13341509809464     
   186.017640170258     
  -3279.64826201839     
  -739.939119269328     
  -227.573101361401     
   449.924865144133     
   766.305940950793     
   929.330204845149     
   91.2031459285039     
  -52.7274283905960     
  -303.126979838911     
   2024.73291079901     
  -719.926950649024     
  -1480.32909250661     
  -1007.40514171203     
   152.299411793534     
   1147.10055217295     
   705.797856255761     
   868.563667222252     
  -146.777058401153     
  -872.860298152789     
   1014.36207984234     
   542.738559568980     
  -1034.18104814426     
  -249.894446220559     
   144.015681609747     
   405.291571517597     
   921.136897485260     
   299.965831511368     
  -792.001452129689     
  -43.5303132064371     
  -910.615139484342     
  -4244.26819472543     
   223.923446367340     
  -46.7571090998156     
   670.066108387649     
  -805.611949378200     
  -90.4384165833499     
  -1625.98441075845     
  -32.8649315071009     
   1009.90508984772     
   1558.20454556615     
   200.158754667839     
  -362.102379820210     
  -1226.31583117736     
  -477.206782698145     
   200.991765296026     
   449.573227421813     
  -366.186252774052     
   502.304452129813     
   1408.91891915623     
  -334.917599375837     
  -308.667824750097     
  -1049.55642848976     
  -26.1430615313597     
  -456.919425652316     
  -815.940802311848     
  -812.560440504175     
  -459.536336954869     
  -616.585463538647     
  -706.183919010936     
   2548.69227475400     
  -428.629780024911     
   236.216061706060     
  -952.708862405095     
  -597.389798972159     
  -730.340427804903     
   316.935120748924     
  -219.856092351111     
  -787.233702127879     
  -593.567054968745     
  -1848.42718040969     
   127.150395000106     
   446.016936165976     
  -91.8334087128550     
  -1620.08805193792     
   544.988701337662     
   261.164785924832     
   1186.03359879246     
   1.56478702344825     
  -1165.77256991099     
   583.455675070047     
   93.2394019386454     
   469.494842339081     
  -441.032859447361     
   232.930574914925     
  -147.919957489491     
   200.078765979245     
   73.2105022628465     
  -499.167353041431     
  -363.390030180580     
  -246.349310537533     
  -488.049840426364     
   1058.33109026779     
  -280.970081972861     
   595.232064063104     
  -305.501527290808     
   730.715036596018     
   1057.27887564875     
  -360.733757338402     
  -1975.35686558611     
   513.224561199603     
   429.601966522329     
  -3.85702760878299     
   656.779310795333     
   613.270061750047     
  -33.2378725724048     
  -41.9170676412741     
   302.303084675486     
  -31.0130155474616     
  -80.6527748650738     
  -1455.07292480379     
  -1467.71603629301     
   307.338828398518     
   291.173873690205     
   1457.14618957584     
   5.80641525703973     
   88.4967179420923     
   196.124280724250     
   97.2349054372373     
  -804.716341988004     
   1547.75657080657     
   450.494454705429     
   1895.77515586719     
  -723.030749852972     
  -11.7598903150805     
  -805.517562315020     
  -526.392582916597     
   96.1122122615628     
   914.295641130179     
  -150.624997136514     
   158.640661508496     
  -988.892695971365     
   575.626505828373     
   734.098093702030     
  -784.921677373332     
   276.020146777677     
  -15.5661405750662     
  -375.245093240491     
  -113.128117584910     
  -681.395551534004     
   270.344269702309     
  -963.926124761496     
  -388.301942704430     
   457.545582437452     
  -116.035452020171     
  -326.224263332243     
  -130.718067986273     
  -101.260506396637     
   295.276805957641     
  -139.580596728376     
   419.974080132447     
  -9.73433324421998     
  -356.604370049410     
   230.394213800339     
  -1364.04852835227     
  -1281.20234002960     
  -489.122807708193     
   613.917182751663     
   513.541469267498     
  -1166.05254689281     
   1201.48516689405     
  -193.794255076978     
  -1151.91741147820     
  -608.674437348608     
   227.824394919770     
   274.173846035829     
   456.694105183377     
   607.362113846247     
  -303.485442843449     
  -475.902593292509     
   961.512474826518     
  -786.806608579797     
   379.745170069076     
   318.929478680653     
  -1027.07775316052     
   324.325817890852     
   62.6571698750943     
  -56.4774464660074     
  -295.734270626844     
  -2111.11538884065     
  -3913.26609330268     
   2190.00482674412     
   1164.14205249522     
   446.192611925906     
  -161.044291708455     
   526.408374956381     
   544.586592653399     
  -1813.87786616160     
   265.087553251327     
  -236.320737305030     
  -1943.31236078803     
  -1512.06456569806     
   874.237380308197     
   596.319510616454     
  -1335.41572080618     
  -2396.05037735524     
   504.852683442354     
  -665.150316704901     
   1903.42065441377     
  -566.688309653362     
   174.193275195446     
 -0.542416161240837     
   219.602711561276     
  -536.052121346687     
  -119.442352497643     
  -119.623652730149     
  -623.745758745720     
  -26.3101339695909     
   191.270537998730     
   7.12654025643579     
   1133.01826570805     
   434.143600788767     
  -885.644381386433     
  -652.121167320474     
  -586.181674077951     
  -109.388164243699     
   1135.66969747136     
   304.050955830509     
   134.277367207275     
   138.088547965304     
   389.145490513309     
   55.2547076133881     
  -368.485275050151     
  -172.604506352135     
   1939.26859149385     
   879.321539018069     
  -148.562015609039     
  -157.153959028669     
   180.787986299188     
   2904.71616949202     
  -785.196724465762     
   264.529448353098     
  -650.703043516889     
   1121.41719987113     
  -971.589478482183     
   1852.97466064819     
   506.448302968589     
  -861.402905757295     
  -1651.22014531617     
   1869.53405294918     
  -11.8884306543254     
  -34.4585197889360     
   241.821751641129     
  -311.714297676798     
   1379.32604815294     
   17.0876981377603     
  -1878.06363951500     
  -682.384882192104     
  -1541.49536626686     
  -501.736874780353     
   145.725226982837     
  -636.694487239891     
   171.259087110599     
  -128.281180692125     
  -1025.80933444107     
   432.816894031751     
  -515.920013493460     
   1224.65819266212     
  -664.947557344445     
  -943.956464613840     
  -129.376761614481     
   564.213048290620     
  -430.146217936439     
   884.660761854267     
   551.940876136330     
   687.597327411803     
  -719.145443894273     
   2237.81627550698     
  -358.693474020636     
  -104.359074543718     
  -33.2040010156001     
   408.910584335423     
  -384.135233092454     
   972.314785120679     
  -487.182961869353     
  -155.727647335963     
  -238.324448617638     
   1222.70249872480     
  -1197.64435453916     
   370.559014900928     
   162.179245285706     
  -356.001317815523     
   228.397074020408     
   206.622697423394     
   72.4308518212186     
  -428.196220741217     
   1686.99867310186     
  -201.911425777555     
   847.355701272591     
   343.564636925323     
  -161.743695927480     
  -108.917788371265     
  -1803.44108876783     
   194.693807387255     
  -1997.75047601253     
   86.6603921227381     
  -354.900528468697     
   1169.88744200319     
  -585.978234963946     
  -1439.14962020312     
   644.855125411226     
  -2495.77010181824     
   431.126788895135     
  -300.888932140008     
  -390.322719069434     
   424.786721776208     
   184.733041310007     
  -244.797438073591     
  -431.492298752517     
  -1474.31744222016     
   98.1904610053015     
   555.335988438490     
   941.381398877930     
  -1207.16214646258     
  -632.739600265095     
  -371.431058305782     
  -680.659274584405     
   1131.53768716930     
   177.053548777123     
  -6.36695594478141     
  -210.194275574353     
   2403.61591244535     
  -260.284775258340     
  -912.475981787331     
   97.8733850213014     
  -280.495275194237     
  -370.465416849348     
   676.367497060612     
  -1694.76656068663     
   436.329707594368     
   124.741941342634     
  -145.989670142385     
   1645.99918940196     
   104.691759837526     
  -350.893326211039     
  -1550.81986465588     
   115.570678344253     
   252.860231247742     
  -425.265207189397     
  -421.638910843436     
  -906.369236966341     
   2567.20047926743     
  -294.895888941812     
   9.06335243275169     
   1342.97448683446     
   1545.58880382490     
  -1263.63338182473     
   1660.29818265240     
   1245.39354432260     
   509.817111318520     
   1211.34981057496     
   576.746399232161     
  -57.3655412808974     
   148.345990102046     
   1054.53334678305     
  -417.384955560757     
  -649.963509153894     
   3083.76643633004     
  -3033.52472848347     
   739.178682807913     
   110.146374009702     
   235.343286833278     
   961.210994591821     
   639.748083150623     
  -502.587442119026     
  -364.073560578549     
  -705.732859389869     
  -247.853520864163     
   456.326719416128     
  -327.064196872515     
  -728.824632294718     
   529.893333538006     
  -1236.72738974659     
  -151.202572199694     
   1038.24887756175     
   469.152001463322     
   105.000095354956     
  -4602.39904135135     
   443.221302540309     
  -557.544062590309     
  -378.668177962118     
  -517.263835337916     
  -1282.44702302580     
   555.493722112446     
   2324.78537473890     
  -1479.01818267668     
  -1593.29062666263     
   820.265622799169     
   393.089163417113     
  -623.876057225563     
  -192.816219383885     
   957.957556309828     
  -975.099739196052     
   3847.50195239337     
  -1080.96379250029     
  -1033.35393676273     
  -723.579722760506     
  -71.2676821159381     
  -303.162354892303     
   1862.65772859687     
   382.120353912084     
   240.571979961902     
   420.258113601023     
  -509.417793946656     
  -399.716023238577     
   421.104933555826     
  -265.176897421050     
   1189.83168072288     
  -93.1189564802751     
  -499.379205619488     
  -388.484533308202     
  -174.793027939961     
  -1437.38629843011     
  -1372.71659173561     
   1088.94234392459     
  -494.437166993632     
  -355.431195428840     
   1763.81251944558     
  -1061.04344043542     
  -593.549341737944     
  -3972.86966205720     
  -723.249384548157     
   850.795889509347     
   301.214107877516     
   1347.52034431982     
   119.681826339190     
   1405.05657164274     
   1082.25621143951     
   1514.64410908240     
   3417.32291119681     
   1022.75323481871     
   1191.99673557143     
  -2332.30713999886     
  -3128.04693239294     
   185.080047662238     
  -444.747038272523     
   674.083387287218     
   45.7345096365881     
   726.161134123427     
  -1071.43038809257     
  -309.368483221167     
  -279.903186655024     
   810.372587165633     
  -3118.09341008532     
   830.958941345842     
  -2125.31258795006     
   3365.49966416312     
  -1254.95440104270     
  -1170.07040548425     
   1655.05568609081     
   207.076355761286     
   727.140231982524     
  -890.786093284495     
   1453.79491481175     
  -285.560652354934     
   431.571924646938     
  -459.991368965476     
  -2208.17087989517     
  -111.814212919380     
   883.774027495524     
   35.6406089032246     
   566.329458976212     
   2188.83898611133     
  -826.521150125669     
   3466.23817032911     
  -564.022111128787     
  -337.259643625503     
   1012.36396486908     
  -2250.79764988189     
   904.131710325177     
  -76.8612706041625     
   2154.93742591767     
   275.939945204010     
   848.711065442840     
  -367.238100413853     
   1564.15549293876     
   1000.44029121041     
   688.831525187020     
  -555.672176562582     
  -143.603646715441     
  -48.8209226418624     
   2061.55776658440     
   1055.27873568362     
   1421.43443028243     
  -1060.50343583204     
   904.750952883469     
  -2867.28653410372     
  -190.820944296684     
   1201.52363846765     
   556.480597358781     
   1247.08567171449     
   247.726098765828     
   1491.09811688784     
  -165.877110999196     
  -1967.58484925536     
  -2813.07851373070     
  -227.103409960852     
   1289.03369726424     
  -589.242370384762     
  -731.073236714929     
  -328.702203445492     
   28.1656404196439     
   2168.73110880153     
   454.368010462679     
   1277.83938993826     
  -61.9429228840995     
   1274.92445823803     
  -50.3315385002299     
   998.574898749792     
   1329.88692038959     
   480.720515472540     
  -934.767335770879     
   1900.62903039468     
  -1093.14300972749     
  -839.824299443794     
  -60.9816620451998     
   879.096935436185     
  -2629.39415449323     
   397.681225075924     
   812.809247688417     
   295.779347851335     
  -1435.93942651997     
   1326.74550257619     
  -1602.64213337089     
   246.575629897946     
   939.930207216935     
   69.7074842640305     
  -728.150290125042     
  -1280.31883937909     
  -859.353293288306     
  -1971.22261727003     
   150.190703423844     
   1002.96238096712     
   42.7868448021841     
  -830.492642427809     
  -442.247296704039     
   1255.42374319128     
  -756.378977710504     
   269.810052521504     
   3492.98153187412     
  -2473.16793134721     
  -420.861603578285     
  -760.900582989604     
   502.135386690323     
   359.257493920392     
   390.835767117931     
   1950.71071624450     
  -2812.01602667722     
  -451.316399558191     
   130.405325833881     
  -71.8893785636290     
   790.654574274892     
   655.214836275540     
  -2031.81705474325     
  -810.597860863930     
   650.507862826060     
  -76.2180350488929     
   844.190810250771     
  -442.567927054154     
   155.244856768007     
  -1484.09426552512     
   865.556300550923     
   92.8977819668749     
  -468.191181508405     
  -2287.91806781020     
  -2953.65621643414     
  -4115.90072302960     
   302.891524980138     
  -193.912134783550     
   1256.63910601735     
   16.8330120677642     
   876.071318386342     
   652.338789319588     
   1040.74214128694     
   730.201080743777     
   1635.69535125042     
   813.779945002654     
  -1384.77859509766     
  -493.574982859027     
   260.119196482212     
   293.429790595560     
  -818.282500831098     
   691.349991901664     
  -113.175122577897     
   347.167628102540     
   141.560420547841     
   1768.13187439063     
  -398.194722856699     
  -1317.52263806744     
  -30.2542439020625     
  -664.789252997562     
   44.9983565560011     
   2255.68007800047     
  -741.544660192456     
  -929.247785058839     
  -159.079144697005     
  -1238.49049818114     
  -274.307190915342     
  -906.060674588346     
   354.673405822288     
   733.221082731091     
  -417.511704621289     
   351.847511659700     
  -796.242088433373     
  -101.277702763086     
   142.925402818194     
  -115.638815725697     
   540.531055637224     
  -62.4686762005645     
   545.787372315353     
  -1374.85518871460     
   751.786616415255     
  -7.17019673771088     
   318.169689763957     
   88.5836569866395     
  -715.032299773041     
  -554.311493070569     
  -560.635809156737     
  -467.096342692178     
   859.029870807467     
   231.542797734418     
   1516.94939850999     
  -856.144764624555     
  -354.667711641008     
  -949.238882806333     
   480.426072204027     
  -765.395150174356     
  -195.592033218608     
   1143.51602716135     
   751.624762930775     
   627.455728589630     
   1039.20793845181     
  -124.922992492332     
   31.7964528137787     
   2021.10868115112     
   985.412967928929     
   153.777412766025     
   1601.20146903431     
  -520.546260545148     
  -86.8074754101708     
   195.223844801627     
  -281.740804749262     
  -966.515804211882     
   1284.24443736054     
  -2221.22712611668     
  -198.616922150270     
   987.350678651540     
   786.628049135424     
  -765.784467003790     
   404.600686411690     
   361.467721740865     
   2450.01109356161     
   954.737964267189     
   1496.07082669375     
  -846.718023457542     
  -527.715711220175     
   934.724748327885     
   10.4365341377581     
  -1042.52451597528     
  -1895.44496006965     
   582.196834125401     
   1357.68564284681     
  -415.562800186604     
  -218.031268926585     
  -287.986913802864     
   66.2221810121446     
  -1489.62465533190     
  -633.726720298814     
   967.360446705344     
  -2973.02530462731     
  -978.680158846347     
   292.303444324229     
  -910.159803615710     
   146.846903095697     
   532.775464327690     
   373.162668032481     
  -849.730671303147     
  -1457.70377836297     
   1465.33301134428     
  -1189.88092549820     
  -2017.82567879796     
  -533.543141716881     
  -221.614758708430     
   749.417278689745     
   1907.92604782617     
  -996.091229028463     
   1374.15128521964     
   1700.89076955408     
   1795.92646036423     
  -652.094050772017     
   1988.99604286583     
  -733.130808616874     
  -1135.95940918169     
  -1717.04261063486     
   1275.95136337051     
  -752.486765025763     
   1286.11404343299     
  -1584.37549723950     
   35.8656652256052     
   1310.11695080462     
  -34.3528992751585     
  -1012.85939080861     
   240.808632615493     
  -2232.23976137558     
   112.485308422673     
   2361.40652731924     
  -1580.88647087191     
   339.356775580296     
   408.234480548154     
   304.026426543833     
  -245.486666695165     
  -663.836171674559     
  -2170.32581004752     
  -377.472590797050     
   274.778671397105     
  -834.955180582734     
   996.493793174074     
   141.507330351169     
  -341.637961963243     
  -440.151257043923     
  -324.020797846024     
  -33.2515211972101     
   252.209933534807     
  -1202.43352183058     
  -527.856971342113     
   91.9992503244243     
  -235.469089000753     
  -1754.35263462638     
  -379.837782727084     
  -1893.01885310430     
   1224.59330524610     
   998.719056748748     
   62.7960173909627     
  -676.129695006541     
   1237.95177734664     
   676.232084361362     
   1082.33258219508     
  -705.686823227272     
  -2597.50550624065     
  -96.6646895881148     
   2547.48484111484     
   3408.17344013696     
  -171.091758273592     
   884.258266357136     
  -2485.60414541305     
   298.794978385935     
  -735.039903767130     
   1798.56642243626     
  -1594.54997904749     
  -356.544631602621     
   740.040327919348     
  -341.435771824991     
   371.996151847602     
  -311.476642737554     
   553.536159427302     
   1321.58154925425     
  -2310.85844483711     
   297.720893265149     
   1996.24133847932     
   596.616754926867     
  -43.4263745133871     
  -504.779718890639     
  -308.975891288240     
  -240.548607916764     
  -627.420322454523     
   752.220083803372     
  -374.778650631422     
  -2519.38172157607     
  -279.200098097074     
  -271.298852338206     
  -350.329458683197     
   1135.94616237132     
   1218.09461614063     
   1768.66866695284     
  -227.188204251262     
  -260.832919788096     
  -1781.65493144095     
  -397.743057517826     
  -285.239015402106     
  -572.622913782051     
   599.871035532815     
  -569.512239002812     
   193.114548712193     
   1031.74171436281     
  -19.9833750946061     
   215.204047116871     
   264.836564612168     
  -1636.44619195229     
  -904.505935857018     
  -1476.48208373491     
   487.336821981627     
   822.393131288538     
   106.360327056914     
   1020.25509958737     
  -187.668335039327     
   1367.98484375668     
   328.818979179970     
  -79.2942372426181     
   420.815914806934     
   90.9146239714232     
   780.304023514384     
  -578.929509059400     
  -97.3325011498065     
   173.846575177690     
   77.0989145652926     
   117.795659790401     
   419.489561544496     
   560.333950424278     
   1335.30128532523     
  -1.56150841095285     
   963.935449947374     
   266.002866912133     
  -297.590168559034     
  -274.684467001808     
  -825.203831175754     
   380.970865240806     
   333.030392113365     
   481.917412130578     
  -1119.59750429488     
   471.746461977203     
  -829.088420846855     
  -534.300649708975     
  -249.166147229613     
  -56.4684231247024     
   146.742065008123     
  -392.407929915644     
  -684.431923315893     
   15.1404946771770     
   1185.65736967990     
  -319.120881771303     
   27.0048728767444     
  -716.073819815643     
   74.0623692904761     
  -91.3990195491341     
  -858.775788167423     
   259.744538573182     
   378.656173500109     
  -324.465437317199     
   281.896681197701     
   88.7206584934154     
  -1076.10214390064     
  -892.392394564297     
   735.279403796901     
  -7323.52725195886     
   318.541968040081     
  -77.8010683060514     
  -434.985359285327     
   130.341270853262     
   500.070242137634     
  -202.109403767055     
   272.497816507749     
  -233.039581793360     
  -985.464458215165     
  -393.662021910648     
   1059.64452431269     
  -1519.55753516421     
  -1082.53773300014     
  -28.8465409989932     
   151.257071665460     
   36.7004567478418     
   272.618382383247     
  -229.680072953941     
   2445.52809585796     
   770.678934109100     
  -1049.43080593793     
  -1509.56509184064     
  -1087.75222977989     
  -71.5064099171533     
   731.611778492211     
  -632.045804564615     
  -352.983126093953     
   131.476204088127     
  -148.223873606655     
   486.885619997159     
  -39.0229310061347     
  -321.921292419684     
   520.951211581349     
  -470.108214056620     
   107.348969414536     
   844.896705081526     
   404.032534509935     
  -181.885250630427     
  -1248.84981475980     
   125.391976482643     
   139.861635443547     
   198.447477282140     
   1326.25901697529     
   1441.76369731308     
   189.772382535112     
  -1219.69980138436     
  -582.073973807135     
   730.693031128562     
  -381.472079347115     
   688.076903398532     
   500.701812392128     
   150.594596822869     
  -841.292442673051     
   24.7368719962716     
   407.417189507373     
   661.567043376101     
   346.538591533335     
  -717.536458423212     
   383.157909064869     
   284.848630338864     
  -517.323605483187     
   630.029824435436     
   646.747922223675     
   71.5606951797419     
  -50.4390407538566     
  -130.089317533519     
   277.298323101214     
   207.859758450901     
  -529.032160014473     
  -802.165336885150     
  -3801.60054519393     
   546.058660332520     
   522.710857736584     
  -734.689928605393     
   587.591066951342     
  -317.006805067150     
   817.538942506472     
   1247.96499646084     
  -478.736360817641     
   73.6902707818809     
  -16.7705227329557     
   181.981120803005     
  -1052.84485213070     
   2932.47940954414     
  -923.393406424713     
   1695.35055482305     
   179.035471212007     
   33.4074586366895     
  -234.087034091241     
  -246.129881420218     
   716.748624492564     
   950.175601091864     
  -215.108769510976     
  -972.669597909264     
  -299.229281255773     
  -25.3491110765470     
  -399.581845499463     
   549.839030929542     
  -1342.95177528672     
   337.133905781047     
   305.771524868653     
   1578.83290694322     
   131.283256342970     
  -749.957440028611     
   665.410671913191     
   336.693858770450     
   514.258548439035     
  -884.219670003524     
  -183.381021766498     
   826.961571768862     
  -102.491621934466     
  -1101.79926483950     
   444.434923538412     
   615.053318537397     
  -1582.86849113117     
   243.548604272143     
   338.869812866478     
   1491.56697282680     
   262.300041404656     
   35.1002897768490     
  -1828.06763479926     
  -204.525856250997     
   679.408817372245     
   96.1761758922108     
   1445.91207779732     
   835.504316326059     
  -188.831355952807     
   655.400133310897     
   329.000434205000     
   47.3998579609918     
  -218.911807133652     
   473.662416270461     
   333.585511316207     
  -104.955641401852     
   138.239721480743     
   289.473252614997     
  -2623.01338447531     
   1118.72577533699     
  -1160.30257686466     
   2009.77222956917     
   24.5287054451253     
  -70.1542273149619     
  -4177.49220594443     
  -264.009680323167     
  -2366.20732807380     
   2774.33372617286     
  -343.701851063346     
  -206.212800527706     
   2101.35191374541     
   416.698473211480     
  -3924.07984393537     
   785.045845696804     
  -100.734131039920     
   18.1043668373557     
   658.286598615375     
   580.166513210860     
  -394.126905781281     
   428.517572500432     
   640.059777937221     
  -761.461079826669     
   379.229400669526     
   48.6653798761752     
   28.6505160950556     
  -1766.61873179445     
  -1286.56894777758     
   104.062287418495     
  -123.307285104442     
   1277.66462918245     
  -236.700897377513     
  -686.237989165016     
   183.451684752435     
   545.966224173890     
   926.950270601045     
   133.805586232379     
   163.023639329495     
   596.419449220434     
   412.744169437577     
   849.005261376971     
   637.988364157894     
   1047.14633671500     
   344.038735325041     
   1675.29877293539     
  -516.528192483166     
   1817.13672741139     
   14.5010538555816     
   2031.23788062031     
  -1661.04657391928     
   2296.43099252759     
   577.506631203267     
   485.813674505379     
  -2159.72768086904     
   395.733812195114     
   678.457555776110     
  -1000.04582673192     
   228.201441235872     
   523.610520935257     
   1385.29719197534     
  -85.5045124103528     
  -1338.56107560372     
  -534.007842598239     
  -709.778697472331     
  -2894.00500411352     
   513.343045597786     
   1065.83802144821     
   1995.11450121109     
  -156.781121488601     
   4547.90618011285     
  -1270.90898960173     
  -40.0310163697624     
   760.953960291844     
  -379.957579973335     
  -3432.78584020652     
   890.008932103580     
   481.273405359173     
  -316.207586294777     
   788.457938851193     
   1413.83231718041     
  -3.85629611403363     
   1301.85020506554     
   663.765621456616     
   1566.55956600606     
  -1591.51402959924     
   258.646554962285     
   1433.22814388928     
   1038.56666660817     
  -94.5807453597052     
  -1636.89021636946     
  -1476.68932115419     
  -628.955374408489     
   1734.06379775172     
  -1838.12545798671     
   552.689773320408     
   909.485492801141     
   274.560970285300     
   54.2867345382548     
  -1394.74446610822     
   2576.44843370182     
  -193.723638234430     
  -116.574854579216     
  -92.4137981849610     
   1899.02973708050     
   535.095942280837     
  -808.713044986432     
  -722.402313560828     
  -553.910778928582     
   502.430258242014     
   1207.98401972271     
   1134.83862816991     
   626.511798506028     
  -3676.92389504363     
  -1322.22316621040     
  -1304.89304332443     
  -3107.53941637694     
   846.836626072047     
  -2828.47120811125     
  -1022.56181857786     
   1570.95953302169     
  -1970.84852990157     
  -518.428571917894     
  -665.817844125141     
   2023.43631133838     
   2599.61548961156     
   308.451123268525     
   786.425532867043     
  -535.692674884542     
  -164.480658459433     
  -1105.93523925167     
  -632.074393653676     
   277.057358983401     
  -56.3583281410647     
   192.613706934304     
  -351.951246664993     
  -68.9207022776665     
   511.180624651872     
   393.249959186588     
   2833.90512510672     
  -300.648451624596     
   676.744368126160     
  -5.28076306122188     
  -808.740817477507     
   132.270734559555     
   33.5984576519368     
   469.954813995751     
   340.089686669073     
   103.526754006019     
  -470.716904267070     
   112.617071406954     
  -337.364953699625     
  -182.293647227532     
  -605.797932229346     
  -1122.95040042483     
   855.488704117874     
   756.025578823415     
  -167.119953623473     
   1113.07655156473     
   580.037338622111     
   440.267539150216     
   330.942665649889     
  -417.407226749881     
  -117.985340242478     
  -59.7408279824520     
   47.3478404607901     
  -1098.25452761883     
   235.972603200220     
   258.061823058279     
  -123.852028779583     
  -30.4675468371685     
   383.460869075853     
  -392.525698434395     
   1573.37786297563     
   1279.38780852599     
   105.758251011921     
  -868.985990966833     
  -120.672801362046     
  -315.281536876113     
   865.256040410564     
   486.196521729245     
   130.405242398933     
  -911.225953745984     
  -122.897910507316     
   1620.47577646614     
   38.7224326031885     
   826.014586052870     
  -1173.42756456674     
  -1435.35811028302     
  -171.573199363706     
  -460.529735333870     
  -41.2091127443675     
  -112.474272483151     
   70.8762361656038     
  -785.477938408622     
  -171.710207373169     
   2195.15071649494     
   384.716181630729     
  -551.737348903263     
  -219.592902586562     
   443.160926513663     
  -29.1500465393250     
  -183.329917538453     
   791.546558956189     
   1349.58388289510     
  -667.488587852032     
  -279.904232951404     
  -718.463479942395     
   924.321561797149     
  -111.550398995804     
  -680.920899152644     
  -317.010835028814     
   629.974172585346     
  -697.343776956086     
  -337.756522156304     
   94.4923297367856     
  -44.2057333009234     
  -1681.85863617997     
  -2938.33061552128     
   382.097467594755     
   740.878801310023     
   90.3192175841606     
  -229.923744486910     
   27.6357167788527     
  -1316.64746977607     
   47.6296969074977     
   2019.45374999551     
   694.963513208161     
  -116.536760063916     
  -2829.10452259010     
  -734.093240123116     
  -481.030319764981     
  -200.247550986820     
  -150.678867229984     
   698.171596665522     
   1733.38924758854     
  -733.471687752516     
   3650.64143731241     
  -2720.71826049084     
  -796.184176118949     
  -412.683720329007     
   705.407609082756     
   1020.71050975871     
   358.636512575143     
  -807.731460520140     
  -504.487630879048     
   666.726595002277     
   354.261327706886     
   845.520291764287     
   66.8441780047791     
  -133.531930548712     
   373.740860765912     
   299.031338252420     
   231.069522690364     
  -1092.66668565497     
  -814.169710400681     
  -368.014883961044     
   14.4455357950524     
  -278.871599518568     
  -56.2451982046514     
  -643.284824220476     
   577.984515913993     
   1038.56542691822     
  -748.873423076114     
  -1118.69048994325     
  -872.222419773027     
   919.254435616575     
  -195.590820169035     
   533.683718939720     
   484.346415596369     
  -41.5667578103744     
  -902.370854532733     
   547.004533270896     
   87.1907650780092     
  -357.089645479170     
   340.861701265568     
   1594.27899369892     
   3020.85111080338     
  -690.444558505623     
   616.694565886917     
   394.203034657899     
  -813.278603365244     
  -119.886752517577     
   1321.22728336631     
  -832.470756730337     
  -965.453380894126     
  -1243.39474503653     
  -1857.15290421217     
   1151.99601948583     
  -5.01560731828772     
  -924.386737530675     
   716.150813953144     
   124.224312567943     
   1202.91364020745     
   723.008528538897     
   171.458805056232     
  -478.014668239126     
   55.1668903977418     
  -43.6836087857307     
  -67.0187201582039     
  -717.950787981270     
  -39.6280058939053     
  -441.862227336316     
  -169.990977293555     
  -262.104933046963     
  -570.869941613770     
   661.823357091326     
   9.38120540904295     
   321.135743377427     
   156.603026185186     
   249.908978087227     
  -678.248897991048     
  -33.5742619516281     
  -14.6701718935667     
  -611.187373247780     
  -376.828778122907     
   425.736698056154     
   149.186785230102     
   567.661761658057     
   423.500829473476     
  -1289.90427958262     
  -1372.06154804791     
   103.653517439654     
  -832.631817418528     
  -555.057162202395     
   860.814246881591     
  -53.5418686822417     
  -627.400494055962     
  -16.1944189736726     
  -29.8201229686800     
  -840.501685914255     
  -225.786406862467     
  -429.420123110934     
   60.8689492545872     
  -110.835145558099     
   153.266129392253     
   54.2135782804504     
   412.884590960658     
   94.3313855613950     
   117.139513995167     
   366.851912195985     
   490.861605163636     
   104.984513033798     
  -57.2636768163821     
   76.3504514800144     
   348.441577985987     
   314.664539722037     
  -782.346152060254     
  -419.590784056170     
   883.303879331960     
   890.973909402428     
  -347.300309013230     
   17.4248475014052     
  -66.3956103936403     
  -596.585282918705     
   608.638161226851     
   392.860990438047     
  -167.842680072075     
  -912.550096126493     
  -345.553773347481     
   501.416589536337     
  -63.0568092121259     
   421.330099197435     
   5.24423355239605     
  -298.066113068121     
  -1025.94645565493     
  -264.908539175191     
   293.782132100877     
   61.4091850169700     
   83.1905635435705     
  -391.516449086182     
  -33.9220433267311     
  -321.937446545787     
   80.7989528591081     
  -694.146028986170     
   1132.28333013024     
   366.711009740669     
   1.18531611642538     
  -397.582920828418     
  -764.385852243805     
  -114.292939938548     
  -484.141359389004     
   643.601248880983     
  -345.466088892437     
  -209.824551340954     
   485.798532746113     
   778.770739294496     
  -104.489738987695     
  -499.040495725944     
  -958.332515200342     
   173.067610224551     
   102.862877299151     
   264.874984874603     
   458.039737186348     
   262.998305953822     
   243.083220415134     
  -1851.96953429147     
   437.508138146435     
  -117.358288073498     
   113.679724385856     
  -658.615818184258     
  -911.636217211338     
  -596.714706420047     
   390.404207785144     
   241.286143505616     
   551.168713916992     
  -127.496518253220     
   111.284054694883     
   2005.53221405324     
  -1156.55037492437     
   456.364412444098     
  -49.3909539444394     
  -1.05482480497929     
  -817.869645122157     
  -464.751956199656     
  -115.227245777346     
   307.490903540263     
   537.738615562762     
   601.199108661818     
   782.661973434765     
   402.721053727053     
   186.387083668748     
  -1652.87005631945     
   939.724454305612     
   976.242233125126     
   563.605606538576     
  -532.869705358441     
  -1145.16802941595     
  -125.869024354935     
  -245.027612447774     
 -0.304316755395249     
   346.608878670349     
  -872.295265147624     
   47.4245351583460     
   12.7366521269465     
  -353.857493088597     
  -169.153669519858     
  -7.81449001723894     
   1583.94324047421     
   342.248463652932     
   796.712675664093     
   721.585269896872     
   717.979778847216     
  -317.766551389561     
  -1526.25169422725     
  -1248.27523952141     
  -97.0999538125810     
  -341.328991235120     
   95.5808175983018     
   440.196000555599     
   13.5705263382292     
  -60.2470156638163     
  -559.889465465406     
  -398.851002462225     
  -284.223501557047     
   11.8987442679794     
  -423.666197910088     
   572.759457711428     
   679.350865576898     
   260.144108915313     
   71.6006133882157     
  -62.7957049034645     
  -318.418449284447     
   1243.06700271869     
  -107.322958828818     
  -234.058414835802     
  -247.761373808910     
  -152.722963506117     
  -536.599870613805     
   210.662836165341     
  -890.924653287425     
   77.5424220501815     
   463.453698039572     
  -289.358393283709     
  -104.964084373891     
   546.250965031845     
  -136.203351465584     
  -902.038550116422     
  -278.298351678422     
  -592.191428831437     
   788.767391939668     
   778.687066557326     
   129.510615733206     
   755.724774103404     
  -610.976707959185     
  -313.683315430699     
   180.816345032939     
  -24.3399695381166     
   212.968468309309     
   265.165354826698     
   443.811912867824     
  -44.1175714721784     
   377.124697868627     
   126.248200560731     
   211.851023430494     
  -103.959929551090     
   550.149837061481     
  -541.077708773682     
  -849.259138447371     
   235.704587751881     
   427.809956731233     
   85.6595297743187     
  -141.877064454582     
   111.662714363290     
  -392.318881273553     
   166.661225295501     
  -546.941262910830     
   136.771167603486     
  -10.3763294931462     
   226.426966480473     
  -1400.06413714700     
   961.503495644006     
  -3185.28367932645     
   224.335646370227     
  -2713.60994757889     
   1395.51403100540     
   2802.81444899333     
  -1700.54773684604     
   1284.65060997014     
  -1657.75021905226     
   301.648038001046     
   1167.08219232280     
  -966.390123124499     
   1125.21794553753     
  -256.037317742809     
  -1172.88318599643     
  -788.227095922789     
  -302.755164314070     
  -623.884276171534     
  -2026.23085876485     
  -596.948133156793     
   2672.76143428314     
   2243.06289327710     
  -1402.13426950682     
   844.281752599594     
  -1854.02495730037     
   430.418078602690     
   393.842779641268     
  -4464.87707187586     
  -1857.61517685100     
   1526.95314421261     
  -1287.70065541400     
   46.9375417144512     
   128.007777824064     
  -1055.63840925649     
  -1039.25684210716     
   128.809793791234     
   1868.30476184591     
   463.537804511571     
  -908.394950270865     
   146.724870539261     
   633.444989026844     
  -1268.65858406992     
  -259.726383822361     
   940.190299329439     
   146.181966296913     
  -1180.70870857496     
   544.262433788610     
  -481.173669217403     
   169.725714403720     
  -639.045267802402     
   601.288539980633     
  -105.401982819159     
  -585.388225385695     
   76.0880115637058     
   620.073669920745     
  -1783.56240693106     
  -1937.77626007225     
   1245.33301149526     
  -56.0515447817438     
  -189.587480975660     
  -69.0389696730916     
   3278.64807717690     
  -1102.91660128510     
   758.594490212607     
   1491.27890827590     
  -232.689948717994     
  -143.170283728319     
  -905.884197084740     
  -1870.08051475654     
   132.985659942613     
   1063.73003487317     
   1024.20390310712     
  -1635.49244489843     
   500.424094752411     
   471.949229689108     
   646.460884394372     
  -59.9235705885753     
   233.115842772606     
   2274.14351161361     
   119.621218790643     
   444.874066071022     
   2174.60529545055     
 -0.956698346985291     
  -145.824036730011     
   120.656755609349     
   14.0505109089207     
   67.8536984079876     
  -2048.77848786739     
  -201.312142053158     
   10.8027985000006     
   952.584516607751     
   260.471161707222     
  -733.242822304894     
  -56.9270758269887     
  -1953.58586408288     
  -68.6834979936005     
  -275.869413731703     
   3132.04189275561     
  -1227.56740392474     
  -285.185260753139     
  -850.139771002307     
   452.950009249597     
  -2642.40893114836     
   1311.23326326017     
  -137.556287594511     
  -1219.91615653083     
   182.172603661804     
  -14.0937306942614     
  -40.5136903564170     
   141.783931324762     
  -598.461187718870     
   143.108761551923     
  -946.445043542455     
  -1023.87609981937     
  -450.291479993832     
   189.040936580634     
  -933.101793011242     
   463.763395907311     
  -507.648902666411     
   206.682861146472     
  -277.422430647697     
   22.3788910558636     
   1516.68539450000     
  -56.3415379499271     
  -609.858946092688     
  -210.767463737680     
  -1667.00285917504     
   713.732339687359     
  -162.564537714750     
  -2411.48581043852     
  -250.937875681281     
  -132.865902012652     
  -4.45153785055527     
   3014.58916326146     
  -119.833259377652     
  -1400.70582170539     
   78.0269140787107     
  -326.659263966161     
  -6.95609179408711     
   762.667604390319     
   569.577173117631     
   985.916841731059     
  -204.617085300243     
   1468.23086270099     
  -684.723129741716     
  -825.418679567579     
  -429.283345796189     
  -222.385342739049     
   719.802315655182     
   120.612864251527     
  -145.772521709881     
   35.1034373396871     
  -896.439995676488     
   552.794302424798     
  -383.126045895595     
  -279.726782090155     
   6.44490474437970     
  -2040.31552423986     
   443.519212713362     
   39.7895440992188     
  -630.200652435003     
   90.6819534249105     
   47.2560151800258     
  -577.280312313482     
  -19.9087697113042     
  -251.151702639301     
   234.994172653031     
   878.974719566927     
   304.445843482351     
  -79.7564401810772     
   509.056854216817     
   126.409996193188     
  -142.093981065991     
  -72.3271598619989     
   151.369247600761     
   69.3823107438829     
  -398.151641633544     
  -57.2871377932454     
   394.282752755611     
  -181.031120651450     
   291.137757404376     
   126.178319125784     
   361.446089558203     
  -15.3408868595006     
  -164.515367223878     
   988.670164796566     
  -873.647510768881     
  -729.094233750428     
  -591.697294517584     
  -959.022166920245     
  -45.5274876934414     
  -1584.81611727956     
   492.424413507482     
   135.771188352272     
  -986.599353595935     
  -160.638173289286     
  -398.564443626817     
  -912.600006788113     
   223.785129580032     
  -1157.15085439932     
  -219.169578719703     
   819.790820249791     
   496.671977141267     
   1492.23025297384     
  -227.535039847873     
  -508.068239668972     
   737.627724953418     
   159.884227252779     
  -76.6119834940250     
  -139.152133783376     
   748.478870693667     
   582.909762037477     
   296.512009579012     
   6.90945035579290     
  -219.340470839425     
  -254.039584273128     
  -256.242194967537     
   363.875983910456     
  -469.898245171218     
   397.729085738583     
  -48.4850641980886     
  -661.250927775298     
  -16.2955643869718     
  -422.564339980357     
  -631.530826365114     
  -1088.55751585701     
   824.801800469279     
  -337.303065534284     
  -1645.85763047511     
  -469.489444738540     
  -1044.61810921671     
   1252.09169913918     
  -388.308771947751     
   1805.88746811680     
  -39.1134200159649     
   216.481129998377     
   79.0732699624217     
   821.116092593720     
   10.2276120186217     
  -151.867111108723     
  -491.056039729676     
   521.148361536794     
  -168.497735431470     
   1121.29168458127     
   2919.06228026913     
   257.893141947908     
  -554.794404604860     
  -1879.76693308871     
  -171.724239369649     
  3.774448527366303E-002
   216.721739566510     
  -114.948047939441     
   140.048055583039     
  -310.399548090376     
   309.175527304771     
  -184.487053261362     
   1715.62466095073     
   466.570823845430     
   711.613340015838     
  -115.840584430734     
   431.402916408504     
   13.6822831458055     
  -1185.54525845690     
  -22.9456456234328     
   128.763607643738     
  -2.98426774187524     
   165.615325767322     
   116.583587587340     
   661.865340378784     
  -122.971968486232     
   291.800646973313     
   390.110131181027     
  -32.5154296738410     
  -39.3255653011905     
  -757.611142561471     
  -312.876422785600     
   65.4600382061842     
   405.628043020389     
   177.827066444918     
   66.1228394010380     
  -198.839128344172     
  -163.106426226674     
  -17.7381177056481     
  -90.7247255138055     
   144.044238892285     
  -61.0464903379075     
   1094.27537862262     
  -256.582324176369     
  -448.894418743796     
  -729.747982837226     
  -1452.38264985936     
  -405.874309520379     
  -850.982120822772     
   359.582610308873     
   198.271501762171     
  -1259.62888095385     
   531.578553360703     
   675.263512975391     
  -333.037553183625     
  -307.714467020662     
  -35.9653979368949     
  -40.7592716187696     
  -305.473897110074     
   1143.78740111489     
  -910.394232002400     
   92.7461968772556     
   34.2942723200883     
  -719.005796704975     
  -111.554920237128     
  -208.157960812893     
  -331.391771627637     
  -350.477271933993     
   84.0685124242094     
   580.595674131850     
   926.398615617710     
   860.154241255802     
   406.343694366143     
   469.623598833367     
  -152.319520832702     
   1470.92479009728     
   841.372607332657     
  -43.1638008027176     
   658.981671456408     
  -207.807874219182     
   50.4122316559310     
   326.058135028442     
  -164.523598813328     
  -88.9616476944330     
  -114.669636994244     
   330.694725480168     
   710.540198014639     
  -1231.12517129624     
   598.800575356933     
  -53.1585516469818     
   210.344740714972     
  -848.007750127127     
  -1772.88970659698     
   2737.08119244313     
   2584.26239006678     
   569.278717997321     
  -174.004112407889     
  -1619.13086074518     
  -1034.49747122829     
  -1516.33492688984     
   1287.05668868226     
  -392.406873867984     
   297.395234189547     
  -1147.33455890797     
  -973.738431310925     
  -2300.25812463442     
   1095.69598950424     
  -1309.85818255042     
  -489.160500751925     
   955.190643513369     
  -116.348291422927     
   2619.87770844422     
  -682.011643096784     
   1639.61750397983     
   550.587540189979     
   859.916437696559     
  -1140.91562320197     
  -1371.06021502001     
  -455.881099965323     
   656.209241648915     
  -421.001575561755     
   579.056137825732     
   411.090992563734     
   2394.21514447771     
  -136.660578902697     
  -1558.43812764704     
   322.947830809613     
  -350.577022939604     
  -300.697577987046     
   1129.21704015721     
   53.3661521238727     
   1071.21754931572     
   606.511553015356     
   122.259308782597     
   412.668206720564     
   155.618455532190     
  -1741.54620167462     
   90.1916282925010     
   1128.44530434019     
  -232.960493071946     
   52.8567313268240     
  -2400.52369796989     
   340.616594076695     
   581.962012831556     
  -556.538809304970     
  -1341.00482821698     
   28.3167404817804     
  -3000.83277338796     
   1161.20085705544     
  -289.535705251649     
  -1037.09115427489     
  -742.921280074102     
  -653.269750661466     
   491.661394744371     
   367.320190922509     
  -213.868304197106     
   109.964950507803     
   919.283372795083     
  -740.726584902222     
  -572.587423158209     
  -2254.72970607588     
  -258.191064334010     
  -976.092952585211     
  -4133.63327552120     
   2463.33606685841     
   389.610946481688     
  -1205.22006492076     
  -40.5075609592253     
   68.3416193905417     
  -335.922067681967     
   319.630011887850     
   385.171150471045     
  -104.501549240392     
  -585.854606098521     
  -5.43845503627927     
  -531.867980157583     
  -549.446397334319     
  -620.217883622087     
  -831.045533905930     
   63.4373993817696     
   1598.00126493602     
  -93.6347886384762     
  -712.304574339336     
  -652.569439612657     
  -685.248965102106     
  -1669.54959243682     
   187.972879959376     
   251.246608970775     
  -973.977579854807     
  -122.246178561034     
  -676.173722399156     
   1237.44577753423     
  -711.185633379041     
  -303.736962569469     
  -263.775417939691     
  -1689.59189633744     
   476.889102499424     
  -29.9651937627916     
  -880.761087688968     
  -147.913293444426     
  -4699.89931581096     
   374.898262580827     
  -1260.91756300769     
   1019.79801760888     
  -787.487701218463     
   2147.39856891732     
  -2538.72386538214     
  -1501.03127498677     
  -416.364032504094     
  -1928.44336757885     
   291.325913271593     
  -1075.18608663224     
   749.008659646486     
  -125.151433093118     
   356.806639993745     
   3057.55489663014     
   879.854050816906     
   699.412785046228     
  -772.818087033706     
   377.271541311472     
   224.758268693161     
  -146.597709704695     
  -729.266901050323     
  -1030.41010768568     
  -259.615075316062     
  -1023.27014539099     
  -922.015960932831     
   319.088401068746     
   283.416947645900     
   1064.24623873315     
   251.722426619650     
  -303.211859129328     
  -213.753189465304     
  -764.002958127024     
   1297.29975061100     
   410.832269325452     
   437.431182686870     
  -914.762972721021     
   143.778614440433     
   514.218598370797     
   965.090733666664     
  -33.2038045752453     
  -616.809722440132     
   991.625137193240     
  -2471.91953374223     
  -229.148663381324     
  -1047.75747949108     
   215.731633853474     
   369.956809354214     
   548.251485794417     
  -2961.99165896985     
  -327.379325695695     
  -446.575679295512     
  -80.1563239005720     
   477.119757222934     
   43.9373932139505     
  -421.465354901571     
  -1196.80607115032     
   1060.36654714197     
  -86.4655796882148     
  -399.389608785499     
  -923.003067913616     
  -480.500214683843     
  -312.345827574133     
   1554.54331981401     
  -771.252986632139     
   583.396047967441     
   1630.01070487041     
   1328.15066315382     
  -27.7853618641864     
   112.812233526628     
  -44.9739591805359     
   305.035378575638     
   367.409512572996     
  -690.624481692297     
   552.055249536745     
   428.305384187451     
  -171.314099329607     
  -142.729916215207     
   2168.04701329959     
   535.321227952437     
  -446.010541399957     
   418.726628334003     
  -520.830120161418     
   1224.33712213382     
   222.992992332325     
   1410.28831794953     
   1186.29373223776     
   3962.07367448644     
  -864.212104046231     
   92.1786066942658     
   347.986390548857     
  -139.436383819061     
   2534.72978016792     
   589.983207251630     
  -393.082400494786     
   267.744056456409     
  -2081.03686229764     
   1696.87941081221     
   959.969575644480     
   223.600084743191     
  -1272.58518522499     
   1019.46565998511     
  -2017.92431283167     
   1858.47500131220     
  -298.718713751413     
   97.2761790057797     
  -106.514707955791     
  -72.4190624379202     
  -725.376673686948     
  -734.092444162684     
   800.799168231341     
   800.757832744928     
  -629.371821366343     
  -390.988290665871     
  -439.707517413394     
   1160.11921982338     
   103.633935517649     
   352.812242875065     
   566.207944571528     
   312.834707236375     
   248.584375161017     
   198.415392458732     
  -51.0645663777746     
  -1324.81635273668     
  -719.509937752797     
  -501.993928935859     
  -1329.22237401440     
   1854.76276431334     
  -176.817262178650     
   388.683657883657     
   820.918407165336     
   378.949369790683     
   593.547820018052     
   599.765147265338     
  -2646.66391314741     
  -42.5471524533336     
  -844.439239369339     
  -864.386999400122     
  -1107.38653430670     
  -1941.03787545827     
   89.9758794527861     
   718.234169379266     
   613.511859983494     
   554.123115815733     
  -34.0414995157891     
   119.924819081904     
  -1011.06519560898     
  -663.628154474995     
  -2686.86204368877     
   1470.52502133389     
  -33.5526509210979     
  -332.523808380006     
   523.025295007486     
   124.719889113794     
  -95.2813185645800     
   1676.97931397747     
   2081.33732161702     
   1703.49616445638     
  -1266.88705166868     
  -368.941331641455     
   37.4902654316833     
   991.852824420282     
   966.739659987878     
   349.488642399792     
  -57.7035688629472     
  -1088.06281746420     
   1282.73113082745     
   188.226282555059     
  -5280.90076820878     
  -327.488079149246     
  -1905.42171909581     
   186.829487461719     
  -478.328584407081     
  -92.4749812638632     
  -2608.44648411370     
  -171.871486185768     
  -202.772097748161     
   143.037644303291     
  -972.052653810167     
   442.779047924591     
   562.990018271906     
   176.619732447064     
   1209.30615129820     
   136.911591072552     
   245.963973348116     
   237.572667379621     
   17.1252929485636     
   122.757709812766     
   126.813723026430     
   8.92447561157321     
   31.7082239377209     
  -365.452333566711     
  -6403.01332075613     
  -110.300536259932     
   321.628093214874     
  -109.732937604359     
   488.983308214088     
   8203.10043483399     
   371.488902287143     
  -898.607780140459     
  -400.543072589034     
   643.151826602929     
   948.374030554989     
   552.680084774254     
   1291.85009787925     
   789.378110558045     
  -281.429348487434     
   138.381039272222     
   363.363652990765     
  -78.6950848893197     
  -60.1866674600779     
   126.771230050275     
  -134.737380243548     
   203.548781470628     
  -833.500346452161     
  -186.675245951161     
  -67.7462512171915     
   102.730976785845     
  -99.4232251774325     
  -174.793079650543     
  -254.312407600404     
   507.363238277125     
   328.971508819874     
  -175.814967834018     
  -63.2927579530494     
   36.6378705628738     
  -109.470234709497     
  -745.935690406924     
   1540.20597247489     
   271.498824687482     
  -110.870601858214     
  -137.339428542178     
   847.072503934482     
   170.616387558339     
   630.465920487297     
   355.675457164662     
   298.255945031464     
  -505.440650855399     
  -185.432500292471     
  -519.661429775387     
   247.653188943851     
   228.411535677613     
  -498.742102075494     
   192.723458702221     
   431.725194847361     
  -213.884340610849     
  -66.7729720010710     
   53.3687257754608     
   1197.70796689821     
  -268.320180017294     
   282.419535325311     
   108.071932094033     
  -201.011085721431     
  -250.490489784604     
  -85.4141489118578     
   437.370174978062     
  -587.782084776192     
   803.702110991731     
  -72.8881568949018     
   80.3592637088137     
  -110.166360732665     
  -178.940980683649     
   404.901082975651     
   224.082788960198     
  -201.995614898083     
   1181.03598839583     
   2458.64617562250     
  -204.573592096659     
   26.5608512405903     
  -667.138488088327     
  -445.250515284186     
  -1310.98891843368     
   235.999020202676     
   564.392584862453     
  -1004.81295745013     
   1281.05295416466     
  -1881.02877696659     
   1006.31303360540     
   594.172879512898     
   288.523857643936     
  -596.635974428827     
  -925.456559966749     
  -165.898691247295     
  -110.454801681404     
   533.284742391541     
  -807.205727904866     
   304.781697003520     
   21.0059796086175     
   922.059354964393     
  -1053.34616110880     
  -1099.43779833865     
   216.801897534410     
  -223.972126401343     
   924.205330426289     
   420.744853947409     
  -681.624174038629     
  -937.995187287411     
  -1036.33362620941     
   2650.23129151379     
  -1283.79272165100     
  -190.322692905948     
  -328.024158398788     
   105.999290858873     
  -371.201943297756     
   72.3843217204062     
  -438.440818401363     
   901.746692873107     
  -42.4543501033935     
   1653.30469509091     
  -121.857715917099     
  -766.671953716376     
   187.823865731217     
  -3883.19724689231     
  -148.760722330729     
  -430.878246650867     
   316.960448472909     
   2000.52494330954     
  -299.812104258171     
   1251.93808838351     
  -271.551308863618     
  -205.502702927282     
   181.829502347973     
  -51.3988045644463     
   400.210822509788     
  -741.941995636934     
  -130.074661186771     
  -616.608324619818     
   350.907829175667     
   314.255188884235     
  -82.8639754072027     
  -250.104377904050     
   18.6696676991262     
   1325.34154343546     
  -991.420846924152     
  -329.720095798415     
   325.786055345648     
   1078.84956182483     
  -1998.25367528783     
   156.131902317574     
   1685.01145742672     
  -605.589784223770     
  -422.383950275839     
  -604.979020169052     
   2355.53696065178     
  -148.347857114419     
  -585.769766166884     
  -4.23004980655054     
   92.0306072425511     
   152.449395150214     
   552.904238820352     
  -1456.79203146683     
  -281.060905472466     
  -95.7106558195123     
   53.0850162976841     
  -522.078009827134     
  -549.164895926156     
  -333.601493964381     
  -609.276999658471     
  -1538.87896749817     
   790.116152391356     
   563.099092813659     
   450.713570856830     
  -596.693574558283     
  -138.137256058183     
   488.382470333194     
  -70.8905268728612     
  -235.335380350298     
   111.616311333818     
   197.590980240656     
   542.274409297008     
   316.088587790829     
   237.148923884276     
   345.117682187067     
   96.6130558532410     
   31.2492707058163     
   400.160962181021     
  -623.624372565722     
  -486.765755194348     
   392.131875462737     
   282.107184905985     
  -1114.12888747373     
  -787.946337564973     
   338.540016044044     
  -673.724685656047     
  -225.093267746817     
   2623.28570314807     
  -467.019260213261     
  -1485.01717935396     
   905.059276750805     
  -1698.96711640639     
   922.616094576647     
  -2574.48084949858     
  -356.763562446352     
   975.601101793707     
   308.247009292293     
   381.366190582579     
   749.090253116467     
  -814.516809568697     
   288.530758311618     
   1026.32367318612     
  -1020.95988380962     
   1992.05704836996     
  -1437.37765368990     
  -3729.35369570166     
   79.2558839633596     
  -241.629604279297     
   313.366646446089     
  -678.484627189021     
  -22.8172399307679     
  -77.5846460548009     
   172.895809448177     
   15.8498463073419     
  -2904.50766593812     
  -112.004339524602     
  -243.618027335418     
  -369.205860233861     
  -5.05880187379137     
   1527.14019626027     
   1114.62138144542     
   975.467801180765     
  -476.676249826512     
  -643.533594240016     
  -337.052181378245     
  -137.538803553010     
   136.251518640146     
   1474.26824254440     
   203.129066028639     
  -521.603829253594     
  -517.207360880328     
  -1032.08337854367     
   198.244778192323     
   317.717246755506     
   247.421892289871     
   8.59460000747960     
   398.251120424084     
   247.295379037934     
   115.140814521136     
   589.587199157653     
   97.6599176800792     
  -544.294905265796     
  -96.8590353564640     
   217.218710788580     
  -61.2756507835115     
   410.236310731561     
  -527.643629597838     
   1013.34487320283     
   144.701352456168     
   640.071465498744     
   89.3214263900813     
   94.4067041601562     
  -38.1620481520299     
   198.263058055575     
   30.3219946250875     
   359.052128113349     
   406.424991584183     
  -207.464673733224     
  -151.733956920785     
  -37.3302181639813     
   490.900507208688     
  -102.102668796958     
  -176.822476343443     
  -303.652178929755     
  -246.211391163841     
   214.001216431327     
   335.312830981755     
  -946.086128225779     
  -28.0352119257755     
   21.5399470614623     
   81.1866828625351     
   229.465218177744     
  -504.034288352496     
  -370.419049159389     
   512.824755529796     
   96.5318909449964     
  -2.05236335253659     
  -2002.86959333582     
  -505.753338251041     
   209.874250378992     
  -80.6596051632376     
  -475.163430931575     
  -823.070144175758     
   2240.26693343436     
   413.178714363922     
   1249.89669954303     
  -125.199474620312     
   1432.36612356899     
   350.066823444844     
  -206.686412647831     
  -227.983794810263     
   44.6200503344639     
   25.0149851611340     
   148.072773547473     
  -498.699744748605     
   889.042533096588     
   400.594985672825     
   45.9291474043791     
  -144.151320915905     
   84.3741547573373     
  -401.653182307307     
  -212.363535969583     
   227.232059486434     
   416.446991043865     
  -648.805288676651     
  -395.623451489990     
  -751.316863519064     
   469.238317015759     
   157.230453848910     
  -802.044487754479     
   47.1784985596244     
   471.030654207520     
   1.52013119613719     
   101.178296935757     
  -57.9543804428615     
  -78.6237436844108     
   16.7345341428991     
  -7.75374041985478     
  -138.205900235733     
  -255.819409390066     
   578.966054537051     
  -654.293275991707     
   22.6715601658842     
   20.8319177147389     
   416.258153005839     
  -495.826526379991     
  -40.2251556172957     
  -87.1947413407777     
   12.8449369379549     
   131.868505864483     
   352.032340301193     
   155.861347314364     
  -146.938137067831     
  -87.2304175603427     
   760.134634037282     
  -38.3520487136033     
   301.867984200916     
  -80.5451418844650     
  -212.462860384542     
   15.3183247557875     
  -958.707910366238     
   993.298275856215     
  -30.0476542666955     
   991.459722700594     
  -147.836227591083     
  -78.8662420981341     
  -495.902792842902     
  -45.9308615254235     
  -53.9524967720175     
   110.811497713769     
  -8.07129905952365     
  -105.369370576214     
  -12.8829852931793     
   132.156083347972     
   388.243361229803     
  -149.610329215932     
  -32.9124405690434     
  -271.338716206714     
   1254.38004529142     
   202.252644838841     
   1365.35107523226     
   94.2713038537310     
   217.806937308088     
   9.86931427945996     
  -167.384432746383     
   104.561405294114     
  -632.826780125037     
   855.789229533168     
   388.297536126568     
  -54.7717281697032     
  -847.346523813068     
  -3527.33062724319     
  -30.8762351695908     
   3621.03765467691     
  -10.3071577337196     
  -3756.38558455580     
  -85.3077238276024     
   468.054863723206     
   116.785577619937     
   207.400234147788     
   3.11874005895989     
   224.758242062081     
  -49.8017760187884     
  -266.053092696036     
  -69.2557108452731     
   1420.65419433183     
   179.069625988983     
  -56.6615777479125     
   36.5396047759387     
  -1319.74225434699     
  -297.313293528510     
   354.479461207671     
   86.3720575459156     
  -101.410449880843     
   42.1496700436625     
  -950.588907647407     
  -1229.83109122427     
   20.8094764585907     
  -245.154501195025     
   40.1372264832547     
  -260.636753695196     
   41.3442018099638     
  -385.949085507326     
  -25.8619273749272     
   22.6432610308076     
  -124.269867250486     
   35.0991631003496     
   89.0484979926315     
  -94.7088321984340     
  -311.410189684849     
  -865.442313665245     
  -90.5991150684865     
   252.248478610952     
  -20.9638268447179     
  -78.9450531895496     
   403.134684776113     
  -353.042514871134     
  -682.736039910043     
  -229.189379916969     
   30.1733571556119     
   44.2758078509595     
  -481.856684623152     
   666.653572311213     
   825.099902112032     
   498.761625896457     
   23.3740566975887     
   562.610763760535     
   898.798323915331     
   145.738524268595     
   555.531358870350     
   3099.10653103964     
   360.433616507983     
   108.578465353193     
  -1025.25751175051     
   142.500364855311     
   235.322625732918     
  -557.117746909647     
  -490.617039032088     
  -256.219473614245     
  -1002.49412214766     
   571.479971601677     
   266.005778691241     
  -65.4871497376677     
  -243.842700564944     
  -416.528765045288     
   192.984542070679     
   405.362908346205     
  -105.894209246385     
  -353.523319056300     
   3459.89031381492     
   22.1624485449669     
   83.8157309940247     
  -317.499161143431     
   80.2775557398506     
   37.5141172592880     
   273.309641656067     
   61.6479787839180     
  -102.164986223495     
  -224.622486957634     
  -1.65627304884862     
   5.86795202225369     
   113.304936910728     
   254.180204040039     
   928.463793016410     
   58.0547405737050     
   137.359999761623     
  -138.397086188703     
  -597.011592208363     
  -531.298459689333     
  -900.983659389226     
   349.512073330414     
   154.591341471119     
   26.6614759903414     
  -135.932520107392     
  -114.194133147813     
  -136.932473553467     
   366.081074760794     
  -241.380387884314     
  -42.2933979250003     
   473.679938857115     
  -9.90407680563319     
   4.43932572597263     
  -99.7084283031020     
  -10.5434060690500     
  -103.245283086790     
  -56.9354124893539     
   67.2261419415494     
   4027.61165275844     
   7.90813383209998     
  -12.6965740100723     
   56.5707598480676     
   107.435257880589     
   12.9489775072213     
