 -6.531514722315822E-002
  0.107699191211495     
  5.631936901996457E-002
  2.022492774817298E-002
  5.631936901999838E-002
 -2.663944735618539E-002
  2.022492774833255E-002
  5.631936902007142E-002
 -2.663944735627366E-002
 -2.663944735628062E-002
  2.022492774817596E-002
 -0.598512851807934     
  0.303048009606821     
  0.303048009606825     
  0.303048009606776     
  0.140304982284596     
 -9.892135561783619E-002
 -9.892135561785069E-002
 -9.892135561788139E-002
  7.163718986697216E-002
 -2.990532052516304E-002
  0.220925195915184     
  0.109896761081821     
 -0.161282155897832     
  7.267773919308213E-003
  7.459896561977691E-002
 -9.007344161831897E-002
  7.488651162287482E-002
 -5.095459683073866E-002
  0.109896761081726     
 -0.161282155897939     
 -9.052982947785093E-002
  6.527993277346318E-003
  1.360891616324501E-002
  7.267773919315792E-003
  7.459896561973467E-002
 -9.007344161838086E-002
 -4.246346952116593E-002
  2.329330466295502E-002
  1.093914379782279E-002
  2.687746129634227E-002
  2.329330466291887E-002
  0.319487246362725     
 -0.309872519415679     
  1.093914379794209E-002
 -0.309872519415782     
  7.488651162309540E-002
  1.360891616321522E-002
 -8.237705090829387E-003
 -5.095459683066410E-002
  2.687746129624433E-002
  0.109896761081768     
 -0.161282155897917     
 -9.052982947790524E-002
  6.527993277294163E-003
  1.360891616324968E-002
 -9.052982947792902E-002
  6.527993277268528E-003
  2.570690365888128E-002
  1.360891616311597E-002
  7.267773919196268E-003
  7.459896561965011E-002
 -9.007344161853248E-002
 -4.246346952113159E-002
  2.329330466295683E-002
  1.093914379788113E-002
  2.687746129636658E-002
  2.570690365890086E-002
  4.901392971267318E-002
  4.120703873521676E-002
  4.129165490265922E-003
  2.329330466295826E-002
  0.319487246362711     
 -0.309872519415955     
  1.093914379808615E-002
 -0.309872519416087     
 -4.246346952103013E-002
  2.570690365885716E-002
  4.129165490252485E-003
  2.329330466292670E-002
  4.901392971268731E-002
  1.093914379802341E-002
  4.120703873521531E-002
  2.687746129633171E-002
  2.329330466297986E-002
  4.901392971266482E-002
  0.319487246362946     
 -0.309872519416340     
  1.093914379806907E-002
  4.120703873508309E-002
 -0.309872519416283     
  7.488651162299860E-002
  1.360891616330330E-002
 -8.237705090848800E-003
  1.360891616333814E-002
  4.129165490062466E-003
 -8.237705090759830E-003
 -5.095459683064859E-002
  2.687746129624188E-002
  2.687746129620785E-002
  -1.99611893221772     
  -3.01876953051390     
  0.283617585164345     
  0.590407903937990     
  0.162255215411285     
  0.283617585164227     
  0.590407903937840     
  0.558800855032647     
  0.162255215411031     
  0.283617585164443     
  0.590407903938041     
  0.558800855032290     
  0.558800855032331     
  0.162255215410829     
  0.302470913841279     
   1.09398219025256     
 -0.208055884512504     
 -0.352882035201370     
 -5.984963647182142E-002
 -0.179573402594183     
 -2.544109150094658E-002
 -0.170995715155606     
 -9.325159137329318E-003
 -0.179573402594493     
 -2.544109150070237E-002
 -0.170995715155325     
 -0.316084286677863     
 -9.325159137084170E-003
  5.872029362180476E-002
  -1.00032183687316     
   1.09398219025252     
 -0.179573402594360     
 -9.325159137430157E-003
 -0.208055884512225     
 -2.544109150079711E-002
 -0.352882035201481     
 -0.170995715155610     
 -5.984963647153836E-002
 -0.179573402594555     
 -0.316084286677845     
 -2.544109150058820E-002
 -0.170995715155269     
 -9.325159137128058E-003
  5.872029362206159E-002
  7.510200049056615E-003
  -1.00032183687519     
   1.09398219025254     
 -0.179573402594213     
 -9.325159137502148E-003
 -0.179573402594107     
 -0.316084286678323     
 -9.325159137342040E-003
 -0.208055884512527     
 -2.544109150073259E-002
 -2.544109150074420E-002
 -0.352882035201805     
 -0.170995715155339     
 -0.170995715155154     
 -5.984963647135899E-002
  5.872029362201930E-002
  7.510200049158353E-003
  7.510200048843035E-003
  -1.00032183687447     
  0.458291458544147     
  0.904062373191189     
 -4.520953189384100E-002
 -0.168436694690466     
 -3.653347310052172E-002
 -4.520953189382429E-002
 -0.168436694690453     
 -0.128002700059850     
 -3.653347310039659E-002
 -4.520953189392270E-002
 -0.168436694690553     
 -0.128002700059756     
 -0.128002700059745     
 -3.653347310033014E-002
 -8.916834472402116E-002
 -0.475803526029410     
  0.109402400891715     
  0.109402400891592     
  0.109402400891550     
  0.237884533722414     
  0.473317707382408     
 -0.499084860246851     
 -0.339777901449903     
  0.131596343803496     
  8.984577000735712E-002
  1.904527431340379E-002
  3.549767355821175E-002
 -5.219336916206462E-002
  2.941203977695219E-002
 -5.299904635746835E-003
  3.549767355829922E-002
 -5.219336916207569E-002
  2.941203977686704E-002
  0.116357309624013     
 -5.299904635768760E-003
  0.207611829805571     
  0.176989542633831     
 -0.130900573157099     
 -0.201480809365444     
 -0.201480809365438     
 -0.178179484630340     
  0.192147472883336     
 -0.222497214265822     
 -0.104338646116556     
 -6.804938117512234E-002
 -0.339777901449915     
  3.549767355826540E-002
 -5.299904635659771E-003
  0.131596343803474     
 -5.219336916218256E-002
  8.984577000734825E-002
  2.941203977705361E-002
  1.904527431325971E-002
  3.549767355832083E-002
  0.116357309624021     
 -5.219336916217877E-002
  2.941203977689851E-002
 -5.299904635785288E-003
  0.207611829805485     
 -0.201480809365470     
  0.176989542634679     
 -0.130900573157605     
 -0.201480809365343     
 -0.178179484630311     
  0.118796384387719     
  0.192147472883046     
 -0.222497214265534     
 -0.104338646116457     
  0.418621235032688     
 -6.804938117549782E-002
 -0.339777901449884     
  3.549767355824770E-002
 -5.299904635629196E-003
  3.549767355821540E-002
  0.116357309624111     
 -5.299904635691254E-003
  0.131596343803631     
 -5.219336916216928E-002
 -5.219336916216481E-002
  8.984577000748398E-002
  2.941203977689639E-002
  2.941203977681413E-002
  1.904527431327002E-002
  0.207611829805507     
 -0.201480809365406     
 -0.201480809365300     
  0.176989542634279     
 -0.130900573157093     
 -0.178179484630296     
  0.118796384387702     
  0.118796384387667     
  0.192147472883426     
 -0.222497214266105     
 -0.104338646116415     
  0.418621235032656     
  0.418621235032603     
 -6.804938117576535E-002
 -0.120203744790879     
 -6.068871310571732E-002
 -4.598424807701449E-003
 -6.068871310574300E-002
  5.563002261274465E-002
 -4.598424807798460E-003
 -6.068871310567815E-002
  5.563002261274359E-002
  5.563002261275015E-002
 -4.598424807866475E-003
 -1.104439944275812E-002
 -7.744461687106517E-003
 -7.744461687079103E-003
 -7.744461687136271E-003
 -9.953618956594422E-002
  0.115739520760825     
  0.115739520760802     
  0.115739520760799     
  2.394572284915855E-002
  0.233548211137596     
 -0.149021570426471     
 -0.149021570426415     
 -0.149021570426402     
  0.162593744897366     
  4.020447468776175E-002
 -3.946645136863701E-002
  4.020447468778063E-002
 -0.103401010399021     
 -3.946645136867615E-002
  4.020447468775692E-002
 -0.103401010399000     
 -0.103401010399020     
 -3.946645136860611E-002
  7.402592785585027E-002
 -3.448279477145611E-002
 -3.448279477144998E-002
 -3.448279477143711E-002
  9.635659554882779E-002
 -0.106280661029823     
 -0.106280661029800     
 -0.106280661029841     
 -2.767851373371199E-002
 -8.650730482183207E-002
  5.457728915838076E-002
  5.457728915833884E-002
  5.457728915838349E-002
 -2.024923648489347E-002
  4.606603478154655E-002
  0.659209745417185     
  5.711825627629357E-002
  8.701380388589348E-003
  5.711825627630946E-002
  0.145519995343502     
  8.701380388384064E-003
  5.711825627621941E-002
  0.145519995343524     
  0.145519995343535     
  8.701380388582751E-003
  0.320055971860911     
  0.203721211472883     
  0.203721211473452     
  0.203721211473092     
  1.157306179629565E-002
  0.153535135819843     
  0.153535135819849     
  0.153535135819972     
 -2.004663695529105E-002
  2.346223296152109E-002
   2.54199758669423     
  0.212839327506156     
 -0.375318326763862     
 -0.117009815233155     
 -0.128701077351851     
 -0.204452393126138     
  0.230519130332094     
  0.161925368896161     
  0.104062252186823     
  3.824939401868512E-002
 -3.656298231399041E-002
 -0.114479066587690     
 -0.386568883960771     
 -0.126821155574938     
 -0.188412012849098     
  5.561485720794708E-003
  2.360937805797046E-002
  0.118784937450520     
  0.212839327506087     
 -0.375318326763843     
  3.885435570552839E-002
  3.885435570557005E-002
 -2.185207991506824E-002
 -9.209825961500638E-002
  3.362746957421634E-002
  0.101833406995319     
 -0.237733509577628     
  0.204648146688375     
 -3.843687506792277E-002
 -0.123355167255675     
  0.141564787715203     
  2.959148711831614E-003
 -6.395995247527393E-003
  1.503515119404891E-002
  1.745222510857931E-002
 -0.117009815232923     
 -0.128701077351533     
 -9.209825961506955E-002
 -3.843687506799527E-002
  7.356742310198018E-002
 -0.204452393125950     
  0.230519130332227     
  3.362746957418020E-002
 -0.123355167255661     
  4.760832662257899E-002
  0.161925368896209     
  0.104062252186627     
  0.101833406995360     
  0.141564787715264     
 -7.623163717920275E-002
  3.824939401864776E-002
 -3.656298231397682E-002
 -0.114479066587580     
 -0.399053889707227     
  0.261945794376868     
  0.142801259707569     
 -0.163168578579046     
  9.111847621018824E-003
 -0.114620710800840     
  1.044079070332827E-002
  4.293229486490331E-002
 -4.185097035581407E-002
  0.136671392314304     
  6.201528137959030E-002
 -4.778882383812161E-002
  0.261945794376837     
  0.142801259707423     
  0.146359090461518     
  0.151631266776270     
 -9.108272895481645E-002
 -1.616974332467750E-002
 -6.093483771198984E-002
 -0.163168578579052     
   1.47647937428435     
 -0.348797708108460     
  0.504468848648379     
  -1.38059414691107     
  0.180202977918022     
  0.252428782006860     
 -0.406148409776366     
  9.111847620846799E-003
 -0.114620710800913     
 -9.108272895491541E-002
 -1.616974332472386E-002
 -0.114859127728236     
 -2.426577721737965E-002
  2.589807346151581E-002
  1.044079070334304E-002
  4.293229486489440E-002
 -0.348797708108452     
  0.360690227467612     
 -4.185097035584583E-002
  -1.38059414691103     
  0.360690227467616     
 -0.380338710751549     
  0.180202977918027     
 -8.662341522638245E-002
  0.252428782006912     
 -0.386568883960936     
  2.959148711702965E-003
 -6.395995247620390E-003
  7.356742310202184E-002
  4.760832662256591E-002
 -7.623163717932016E-002
  5.931887415642269E-002
 -2.341867906604653E-002
 -0.126821155574954     
 -0.188412012849067     
  1.503515119403230E-002
  1.745222510855316E-002
 -2.341867906604974E-002
  5.561485720742326E-003
  2.360937805786496E-002
  0.118784937450488     
  0.136671392314434     
 -6.093483771195549E-002
  2.589807346157845E-002
  4.400596687066797E-002
  6.201528137965001E-002
  0.504468848648212     
 -0.380338710751425     
 -4.778882383823167E-002
 -0.406148409776073     
  0.212839327505820     
 -0.375318326764293     
  3.885435570557715E-002
  3.885435570557810E-002
 -2.185207991502558E-002
 -9.209825961497235E-002
  3.362746957422137E-002
  0.101833406995330     
 -0.237733509577646     
  0.204648146688434     
 -3.843687506786591E-002
 -0.123355167255605     
  0.141564787715200     
  2.959148711754322E-003
 -6.395995247602048E-003
  1.503515119404655E-002
  1.745222510858085E-002
  3.885435570555760E-002
  3.885435570555817E-002
 -2.185207991505465E-002
  7.452964857975560E-003
  8.526511756413054E-002
  8.526511756415917E-002
 -2.452877403901217E-002
 -9.209825961499798E-002
  3.362746957428903E-002
  0.101833406995478     
 -0.237733509577615     
  0.204648146688408     
  8.526511756415989E-002
 -3.406914005779359E-002
 -5.155227977942006E-002
 -3.843687506790163E-002
 -0.123355167255525     
  0.141564787715358     
 -3.604971843338323E-002
 -0.105451315951202     
 -4.280308497904569E-003
 -1.384094101381239E-002
 -9.057154241138299E-002
  1.001955838032843E-002
 -9.160365240719790E-003
 -4.280308497858738E-003
 -1.384094101374568E-002
 -5.500201376286438E-003
  0.113337345531604     
 -9.057154241147443E-002
  1.001955838021020E-002
  0.113337345531730     
  2.959148711810615E-003
 -6.395995247525023E-003
 -2.452877403896796E-002
 -5.155227977940315E-002
  8.851579418269591E-003
  1.503515119395366E-002
  1.745222510846784E-002
 -9.160365240685246E-003
 -0.117009815232947     
 -0.128701077351596     
 -9.209825961501047E-002
 -3.843687506792591E-002
  7.356742310202842E-002
 -9.209825961498681E-002
 -3.843687506788841E-002
  5.467241583330584E-002
  7.356742310212892E-002
 -0.204452393126071     
  0.230519130332091     
  3.362746957422363E-002
 -0.123355167255623     
  4.760832662260702E-002
  3.362746957424925E-002
 -0.123355167255617     
  7.843995843656655E-002
  4.760832662261362E-002
  0.161925368896037     
  0.104062252186480     
  0.101833406995441     
  0.141564787715313     
 -7.623163717930108E-002
  0.101833406995457     
  0.141564787715334     
 -4.476500733174089E-002
 -7.623163717931501E-002
  3.824939401866379E-002
 -3.656298231394618E-002
 -0.114479066587238     
 -0.399053889707039     
  0.261945794376839     
  0.142801259707546     
 -0.163168578578989     
  9.111847620919516E-003
 -0.114620710800930     
  1.044079070325448E-002
  4.293229486486159E-002
 -4.185097035574570E-002
  0.136671392314330     
  6.201528137965227E-002
 -4.778882383821782E-002
 -3.604971843347995E-002
 -0.105451315951242     
 -4.280308497861887E-003
 -1.384094101374695E-002
 -9.057154241136095E-002
  1.001955838033318E-002
 -9.160365240773309E-003
  5.467241583337808E-002
  7.843995843654290E-002
 -4.476500733175622E-002
 -0.124413012170044     
  2.913975063423017E-002
  2.913975063434764E-002
 -0.169576016558634     
 -0.281846229931474     
  0.498130052783441     
  0.249548136400110     
  0.270350456003154     
 -9.655640445627368E-002
 -8.351546896671357E-002
  0.202532551368551     
  0.200314779350354     
 -0.263822306850227     
  0.229803600477009     
 -0.174226728324354     
  0.103442542649858     
  0.104691000512924     
 -6.881998526887978E-003
  4.013738981195738E-002
  2.041204112173375E-002
 -4.041182449525168E-002
  2.223648353976263E-002
 -3.232934928834634E-002
  0.261945794376690     
  0.142801259707397     
  0.146359090461502     
  0.151631266776176     
 -9.108272895488800E-002
 -1.616974332473241E-002
 -6.093483771198942E-002
 -4.280308497851187E-003
 -1.384094101374430E-002
 -0.281846229931298     
  0.200314779350379     
 -6.881998526968700E-003
 -0.163168578578921     
   1.47647937428525     
 -0.348797708108285     
  0.504468848648187     
 -5.500201376163626E-003
 -0.263822306850647     
 -4.257589776449952E-002
  -1.38059414691131     
  0.180202977918140     
  0.252428782006801     
 -0.406148409776148     
  0.113337345531525     
  0.498130052783319     
  0.229803600477206     
 -9.539736200699728E-002
  9.111847621147032E-003
 -0.114620710800635     
 -9.108272895500855E-002
 -1.616974332486106E-002
 -0.114859127728300     
 -2.426577721748921E-002
  2.589807346157226E-002
 -9.057154241150375E-002
  1.001955838015704E-002
  0.249548136400039     
 -0.174226728324234     
  4.013738981199527E-002
  1.044079070328804E-002
  4.293229486484349E-002
 -0.348797708108499     
  0.360690227467575     
 -4.185097035606947E-002
  -1.38059414691182     
  0.360690227467650     
 -0.380338710751532     
  0.113337345531706     
  0.103442542650110     
 -9.539736200720215E-002
  0.180202977918216     
 -8.662341522684067E-002
  0.252428782007143     
 -0.399053889706938     
 -3.604971843346527E-002
 -0.105451315951210     
  5.467241583337980E-002
  7.843995843660483E-002
 -4.476500733159967E-002
  0.104691000512780     
 -4.041182449530561E-002
  0.261945794376727     
  0.142801259707415     
 -4.280308497820009E-003
 -1.384094101367302E-002
 -6.881998526886100E-003
 -0.163168578579030     
 -0.124413012169993     
 -0.281846229931449     
  0.249548136399942     
  2.223648353982109E-002
  2.913975063425665E-002
  0.498130052783412     
  9.111847620820401E-003
 -0.114620710800896     
 -9.057154241142089E-002
  1.001955838025294E-002
  4.013738981190695E-002
  1.044079070324926E-002
  4.293229486479186E-002
  2.913975063435712E-002
 -4.185097035590737E-002
  0.270350456003101     
  0.200314779350400     
 -0.174226728324489     
 -3.232934928828897E-002
 -9.655640445627876E-002
 -0.263822306850314     
  0.103442542650129     
 -8.351546896666212E-002
  0.229803600477340     
  0.136671392314336     
 -9.160365240759730E-003
  2.041204112174536E-002
  6.201528137974682E-002
 -0.169576016558758     
 -4.778882383819118E-002
  0.202532551368642     
  0.261945794376593     
  0.142801259707369     
 -4.280308497883066E-003
 -1.384094101376487E-002
 -6.881998526890623E-003
  0.146359090461571     
  0.151631266776146     
 -0.281846229931427     
 -9.108272895500809E-002
 -1.616974332470922E-002
  0.200314779350629     
 -6.093483771201914E-002
 -0.163168578578944     
 -0.124413012169783     
 -0.281846229931375     
  0.249548136399917     
  2.223648353986752E-002
 -0.281846229931548     
  0.744354224262257     
  0.402398803780172     
  0.249548136400114     
  0.402398803779701     
  -1.31260419170256     
  2.223648353991722E-002
  2.913975063427472E-002
  0.498130052783268     
   1.47647937428616     
 -5.500201376120132E-003
 -4.257589776442354E-002
 -0.348797708108534     
 -0.263822306850769     
  0.504468848648389     
  -1.38059414691191     
  0.113337345531632     
 -9.539736200706678E-002
  0.180202977918431     
  0.498130052783391     
  0.252428782006966     
  0.229803600477303     
 -0.406148409776052     
  9.111847621163936E-003
 -0.114620710800567     
 -9.057154241146480E-002
  1.001955838019244E-002
  4.013738981200971E-002
 -9.108272895502033E-002
 -1.616974332481962E-002
  0.249548136400090     
 -0.114859127728356     
 -2.426577721763031E-002
 -0.174226728324374     
  2.589807346167930E-002
  1.044079070329598E-002
  4.293229486484831E-002
  2.913975063418415E-002
 -0.348797708108682     
  0.360690227467809     
 -4.185097035609924E-002
  0.270350456002669     
  0.200314779350434     
 -0.174226728324292     
 -3.232934928832909E-002
  0.200314779350602     
  0.402398803780478     
  -1.31260419170292     
 -0.174226728324254     
  -1.31260419170267     
   2.07208908324424     
 -3.232934928848431E-002
 -9.655640445615997E-002
 -0.263822306850380     
  0.103442542650121     
 -0.263822306850493     
  0.103442542649972     
 -8.351546896650804E-002
  0.229803600477158     
  -1.38059414691254     
  0.113337345531626     
 -9.539736200718658E-002
  0.360690227467908     
  0.103442542650326     
 -0.380338710751802     
  0.180202977918336     
  0.498130052783590     
 -8.662341522728979E-002
  0.252428782007120     
  0.229803600477081     
 -0.386568883960952     
  2.959148711706992E-003
 -6.395995247633522E-003
  7.356742310192330E-002
  4.760832662255755E-002
 -7.623163717927589E-002
  5.931887415646078E-002
 -2.341867906606120E-002
  2.959148711749454E-003
 -6.395995247612409E-003
 -2.452877403902506E-002
 -5.155227977940811E-002
  8.851579418264048E-003
  7.356742310198860E-002
  4.760832662256929E-002
 -7.623163717933210E-002
  0.104691000513010     
 -6.881998526808084E-003
  4.013738981198584E-002
  2.041204112171970E-002
 -6.881998526865845E-003
 -4.257589776414640E-002
 -9.539736200769551E-002
  4.013738981196203E-002
 -9.539736200770602E-002
  5.931887415652757E-002
  8.851579418209826E-003
  8.744693217200873E-002
 -2.341867906607980E-002
  2.041204112176433E-002
 -0.126821155574953     
 -0.188412012849046     
  1.503515119398207E-002
  1.745222510851948E-002
 -2.341867906605244E-002
  1.503515119396380E-002
  1.745222510850124E-002
 -4.041182449517629E-002
 -2.341867906600913E-002
  5.561485720807662E-003
  2.360937805784893E-002
  0.118784937450361     
  0.136671392314415     
 -6.093483771192198E-002
  2.589807346160108E-002
  4.400596687068228E-002
 -9.160365240697719E-003
  2.223648353971342E-002
 -3.232934928846987E-002
  2.041204112173892E-002
  6.201528137964846E-002
  0.504468848648367     
 -0.380338710751545     
 -4.778882383811416E-002
 -0.406148409776427     
  0.136671392314431     
 -9.160365240676094E-003
  2.041204112170577E-002
 -6.093483771196259E-002
  2.223648353971543E-002
  2.589807346160900E-002
 -3.232934928846021E-002
  4.400596687064964E-002
  6.201528137962789E-002
 -0.169576016558699     
  0.504468848648721     
 -0.380338710751748     
 -4.778882383804645E-002
  0.202532551368427     
 -0.406148409776610     
  0.371450714624463     
  -1.13959164245198     
  0.146066163938191     
 -0.278165745550612     
  0.456781231553830     
 -0.165846561242589     
 -0.456509662242673     
  0.180399241960020     
  0.764278542210201     
   1.47685566149875     
  3.455436404339773E-002
 -0.198079580658099     
 -0.103951065741964     
  0.394741724718145     
  0.386845204341397     
 -0.232906023717407     
 -5.250769376561024E-002
  0.146066163937776     
 -0.278165745551220     
  0.456781231553202     
  0.132318160128127     
 -0.150581624546568     
 -0.126062278996700     
 -0.121924584251388     
 -0.165846561242364     
 -0.456509662242618     
  0.180399241959766     
  0.764278542209926     
   1.47685566149821     
 -0.126062278996572     
 -0.311339291071173     
  0.104321953545511     
  3.455436404361172E-002
 -0.198079580658327     
 -0.103951065742221     
 -4.052918185345917E-002
 -0.140019262870806     
 -3.981885476279799E-002
 -0.412536045458582     
  8.601854537381116E-002
 -3.177849270005410E-002
 -1.434255300211675E-002
 -3.981885476286157E-002
 -0.412536045458636     
   2.95789862010861     
  -1.68764552207054     
  8.601854537426193E-002
 -3.177849269976010E-002
  -1.68764552207114     
  0.394741724718667     
  0.386845204341761     
 -0.121924584251470     
  0.104321953545674     
  0.220303116929609     
 -0.232906023717561     
 -5.250769376546600E-002
 -1.434255300207421E-002
  0.146066163938280     
 -0.278165745550519     
  0.456781231553862     
  0.132318160128215     
 -0.150581624546482     
 -0.126062278996592     
 -0.121924584251741     
  0.132318160128285     
 -0.150581624546394     
 -0.126062278996561     
 -0.123813970733305     
 -0.121924584251417     
 -0.165846561242870     
 -0.456509662243019     
  0.180399241959641     
  0.764278542210442     
   1.47685566149882     
 -0.126062278996496     
 -0.311339291070995     
  0.104321953545099     
 -0.126062278996486     
 -0.311339291071079     
 -0.203456546919211     
  0.104321953545664     
  3.455436404283425E-002
 -0.198079580659072     
 -0.103951065742148     
 -4.052918185367694E-002
 -0.140019262871124     
 -3.981885476270398E-002
 -0.412536045458434     
  8.601854537378673E-002
 -3.177849270020489E-002
 -1.434255300182511E-002
 -0.123813970732953     
 -0.203456546918855     
  0.100119234202625     
  5.565663899620120E-002
  1.163258616762299E-002
 -3.981885476245973E-002
 -0.412536045458014     
   2.95789862010719     
  -1.68764552207079     
  8.601854537411172E-002
 -3.177849270010921E-002
  -1.68764552207087     
 -4.052918185360839E-002
 -0.140019262870790     
 -0.123813970732993     
 -0.203456546918785     
  1.163258616787785E-002
 -3.981885476300419E-002
 -0.412536045458784     
  0.100119234202779     
  8.601854537422948E-002
 -3.177849269967260E-002
  5.565663899583374E-002
 -1.434255300202240E-002
 -3.981885476267274E-002
 -0.412536045458148     
  0.100119234202265     
   2.95789862010862     
  -1.68764552207179     
  8.601854537423365E-002
 -3.177849270004089E-002
  5.565663899581064E-002
  -1.68764552207160     
  0.394741724718009     
  0.386845204340976     
 -0.121924584251573     
  0.104321953545438     
  0.220303116929715     
 -0.121924584251530     
  0.104321953545573     
  1.163258616783710E-002
  0.220303116929582     
 -0.232906023716986     
 -5.250769376495854E-002
 -1.434255300228959E-002
 -1.434255300234570E-002
   6.82012042559366     
   1.90203849914710     
 -0.739839886149969     
 -0.101709367424506     
 -8.669232885417585E-002
 -0.739839886148863     
 -0.101709367423466     
 -0.366233137184886     
 -8.669232885477932E-002
 -0.739839886149058     
 -0.101709367423381     
 -0.366233137184880     
 -0.366233137186820     
 -8.669232885517422E-002
   11.5882600185746     
 -0.239717167869308     
 -0.276459970357837     
 -0.880917861164289     
  0.492714587741794     
 -0.852696655676559     
 -0.781781865446977     
 -0.223317200735085     
  9.698463999067834E-002
  0.363726634251417     
 -0.268165135338465     
  0.215263003239670     
 -0.326315053115710     
  0.184731181135515     
 -0.376171705201381     
 -8.290175495144146E-003
 -0.150434039307562     
  8.664248629395979E-002
  0.240876647024200     
  0.147159911733599     
 -7.417388927399057E-002
  0.229528531679111     
  0.123029211743404     
  0.297531001835021     
  0.106266580121754     
  0.331582647499975     
 -9.734693101953665E-002
  0.236511110095694     
 -0.260645402617945     
 -7.094451141129225E-002
  0.351704742261700     
  0.396111071563854     
 -0.437823636807511     
  0.181447959025080     
 -1.273927837736170E-002
  -2.05070180882694     
   1.79586430745537     
 -0.164891164172281     
   1.18835090108928     
  4.824488509422294E-002
  8.146547561425899E-002
 -0.214578855901139     
 -0.174961445445770     
  5.957841780731293E-002
  8.858030714637587E-002
  6.008913709764156E-002
  0.184731181135143     
 -0.376171705201768     
 -8.290175495036387E-003
 -0.150434039307390     
  8.664248629376187E-002
  0.240876647023903     
  0.147159911733803     
 -9.070425480731750E-003
  0.162090703106808     
  2.143382361195203E-002
 -1.480534934377481E-002
  4.068455492818750E-002
 -7.417388927351155E-002
  0.229528531679412     
  0.123029211743461     
  0.297531001835714     
  0.106266580121499     
  0.331582647499858     
 -9.734693101952203E-002
  2.143382361179699E-002
 -0.229687162875185     
 -0.323254840803710     
 -0.193913381891091     
  0.236511110095516     
 -0.260645402618909     
 -7.094451141125412E-002
  0.351704742261633     
  0.396111071563700     
 -0.437823636807309     
  0.181447959024961     
 -1.480534934408334E-002
 -0.323254840803471     
  0.579914625122349     
 -4.798486744206615E-002
 -1.273927837765710E-002
  -2.05070180882607     
   1.79586430745677     
 -0.164891164172022     
   1.18835090108855     
  0.320348690947801     
  0.282071708545102     
  0.225874137256201     
 -8.376525204274106E-002
  0.187143277010978     
  1.158681443408140E-002
 -0.110618793052784     
 -0.223271198415266     
 -0.646869624660547     
  0.166305092175453     
  3.708778271591398E-002
  0.187143277010708     
  1.158681443413599E-002
 -0.110618793052343     
  -2.46272947829133     
   1.13758537705389     
 -0.223271198415207     
 -0.646869624660809     
  0.166305092175404     
   1.13758537705364     
  4.824488509467458E-002
  8.146547561428462E-002
 -0.214578855900760     
 -0.174961445445833     
  4.068455492816372E-002
 -0.193913381891305     
 -4.798486744219195E-002
 -0.140429752512368     
  5.957841780702001E-002
  8.858030714633104E-002
  6.008913709762935E-002
  3.708778271609826E-002
  -2.52624302229461     
  -1.26893230925735     
   1.20003816933544     
  7.517464833187490E-002
 -0.991630901728823     
 -0.781694065177869     
 -0.414118930800087     
  0.699066599713327     
  0.768764852929120     
  -1.41809452757509     
   1.44767081308786     
 -0.601526265832785     
  0.699066599712853     
  0.768764852928540     
  -1.41809452757492     
   1.44767081308805     
 -0.328623058624621     
 -0.601526265831641     
  -3.12307289999905     
  0.165110755969044     
  0.243019246424938     
  0.583500209812455     
 -0.459285633875014     
 -0.107466060060601     
   1.13367683611473     
 -0.459285633874433     
 -0.107466060061099     
 -9.926766645259449E-002
   1.13367683611382     
   3.61247138044729     
 -0.239717167869426     
  0.184731181135389     
 -0.376171705201539     
 -7.417388927383366E-002
  0.229528531679085     
  0.123029211743348     
  4.824488509430591E-002
  5.957841780727166E-002
 -0.276459970357062     
 -0.880917861163794     
 -8.290175495220988E-003
 -0.150434039307525     
  8.146547561438638E-002
  0.492714587741524     
  0.297531001834495     
  0.236511110095783     
 -7.094451141127950E-002
  8.858030714626279E-002
  0.106266580121704     
 -0.260645402617893     
 -0.852696655676563     
 -0.781781865446851     
  8.664248629389495E-002
  0.240876647023963     
 -0.214578855900918     
 -0.223317200735122     
  9.698463999085423E-002
  0.331582647499830     
  0.363726634252045     
  0.351704742262109     
 -1.273927837760081E-002
 -0.164891164171627     
  6.008913709762844E-002
  0.396111071564053     
  -2.05070180882675     
   1.18835090108824     
 -0.437823636807787     
   1.79586430745565     
 -0.268165135338763     
  0.147159911733579     
 -0.174961445445777     
  0.215263003239453     
 -9.734693101925478E-002
 -0.326315053115953     
  0.181447959025188     
  0.184731181135331     
 -0.376171705201673     
 -9.070425480695614E-003
  0.162090703106825     
  4.068455492836319E-002
 -8.290175495234186E-003
 -0.150434039307462     
  2.143382361197462E-002
  8.664248629399311E-002
  0.240876647024069     
 -1.480534934397134E-002
  0.147159911733616     
 -7.417388927346337E-002
  0.229528531679436     
  0.123029211743459     
  0.320348690947560     
  0.187143277010810     
 -0.223271198414979     
  3.708778271573415E-002
  0.282071708545300     
  1.158681443395424E-002
 -0.646869624660589     
  0.225874137256053     
 -0.110618793052300     
  0.166305092174883     
 -8.376525204251482E-002
  0.187143277010548     
  -2.46272947829109     
   1.13758537705383     
 -0.223271198415062     
   1.13758537705355     
  0.297531001835293     
  2.143382361191488E-002
 -0.193913381891518     
  0.106266580121473     
 -0.229687162874747     
  0.331582647499694     
 -0.323254840804006     
 -9.734693101920858E-002
  0.236511110095955     
  1.158681443380757E-002
 -0.260645402617929     
 -7.094451141168868E-002
 -0.646869624660722     
  0.351704742261497     
 -1.480534934414713E-002
 -4.798486744218415E-002
  0.396111071564186     
 -0.323254840803460     
 -0.437823636807936     
  0.579914625122509     
  0.181447959025167     
 -1.273927837808906E-002
 -0.110618793051753     
  -2.05070180882657     
   1.79586430745703     
 -0.164891164172001     
  0.166305092175556     
   1.18835090108895     
  4.824488509446314E-002
  4.068455492829494E-002
 -0.140429752512524     
  8.146547561431951E-002
 -0.193913381891419     
 -0.214578855901029     
 -4.798486744199087E-002
 -0.174961445445819     
  5.957841780708348E-002
  3.708778271592079E-002
  8.858030714635243E-002
  6.008913709805756E-002
  -2.52624302229449     
  -1.26893230925693     
  0.699066599713741     
  0.768764852929587     
 -0.601526265832769     
   1.20003816933443     
  7.517464833112236E-002
  -1.41809452757472     
 -0.991630901728890     
 -0.781694065178211     
   1.44767081308699     
 -0.414118930800247     
  0.699066599713000     
  0.768764852928611     
 -0.328623058626065     
  -1.41809452757299     
   1.44767081308811     
 -0.601526265831990     
  -3.12307289999938     
 -0.320017551906194     
 -0.898205888126249     
 -5.842817684620816E-002
  0.336798884489638     
 -0.898205888125684     
   2.45811908977918     
 -0.728934432828757     
 -5.842817684603867E-002
 -0.728934432827723     
 -9.466761381420363E-002
  0.336798884489966     
 -0.384859626588527     
  0.447685780918933     
 -4.760569245821650E-002
  0.447685780917557     
 -4.760569245872606E-002
  0.561474587192295     
   2.18837627324052     
  -2.57809391201203     
  0.165110755967870     
 -0.459285633874592     
   1.13367683611489     
  0.243019246425645     
 -0.107466060061057     
  0.583500209812704     
 -0.459285633874461     
 -9.926766645091137E-002
 -0.107466060061747     
   1.13367683611504     
   3.61247138044844     
  -2.57809391201332     
 -0.239717167869483     
  0.184731181135372     
 -0.376171705201546     
 -7.417388927395872E-002
  0.229528531678971     
  0.123029211743313     
  4.824488509430521E-002
  5.957841780733496E-002
  0.184731181135760     
 -0.376171705201203     
 -9.070425480683916E-003
  0.162090703106816     
  4.068455492810177E-002
 -7.417388927399840E-002
  0.229528531678998     
  0.123029211743400     
  0.320348690947409     
  0.187143277010930     
 -0.223271198414920     
  3.708778271593657E-002
  0.187143277010842     
  -2.46272947829145     
   1.13758537705327     
 -0.223271198415255     
   1.13758537705344     
  4.824488509407630E-002
  4.068455492815577E-002
 -0.140429752512391     
  5.957841780736148E-002
  3.708778271596336E-002
 -0.276459970358032     
 -0.880917861164247     
 -8.290175495304227E-003
 -0.150434039307735     
  8.146547561475428E-002
 -8.290175495299840E-003
 -0.150434039307800     
  0.282071708545687     
  8.146547561424389E-002
  0.492714587741655     
  0.297531001835250     
  0.236511110096146     
 -7.094451141151092E-002
  8.858030714593330E-002
  2.143382361187070E-002
  1.158681443342274E-002
 -0.646869624660657     
 -0.193913381891091     
  0.106266580121843     
 -0.260645402618644     
  0.297531001835444     
  2.143382361200112E-002
 -0.193913381891525     
  0.236511110095926     
  1.158681443350896E-002
 -7.094451141118419E-002
 -0.646869624661040     
  8.858030714654622E-002
  0.106266580121674     
 -0.229687162874804     
 -0.260645402617551     
 -0.852696655676339     
 -0.781781865446750     
  8.664248629383245E-002
  0.240876647023860     
 -0.214578855900657     
  8.664248629387558E-002
  0.240876647024044     
  0.225874137256387     
 -0.214578855900921     
 -0.223317200734248     
  9.698463999148597E-002
  0.331582647499172     
  0.331582647499127     
  0.363726634251671     
  0.351704742261700     
 -1.273927837783798E-002
 -0.164891164171343     
  6.008913709753895E-002
 -1.480534934419585E-002
 -0.110618793051817     
  0.166305092174357     
 -4.798486744210494E-002
  0.396111071563458     
  -2.05070180882557     
   1.18835090108865     
 -0.323254840803310     
 -0.437823636807220     
   1.79586430745616     
  0.351704742260983     
 -1.480534934415983E-002
 -4.798486744208122E-002
 -1.273927837740663E-002
 -0.110618793052348     
 -0.164891164172685     
  0.166305092176215     
  6.008913709758523E-002
  0.396111071563573     
 -0.323254840802933     
  -2.05070180882640     
   1.18835090108961     
 -0.437823636807354     
  0.579914625122272     
   1.79586430745627     
 -0.268165135338429     
  0.147159911733707     
 -0.174961445445939     
  0.147159911733637     
 -8.376525204271555E-002
 -0.174961445445851     
  0.215263003239269     
 -9.734693101921894E-002
 -9.734693101906100E-002
 -0.326315053116376     
  0.181447959025269     
  0.181447959025388     
  -2.52624302229474     
  -1.26893230925712     
  0.699066599713902     
  0.768764852929699     
 -0.601526265832841     
  0.699066599713351     
  0.768764852929061     
 -0.328623058626330     
 -0.601526265832953     
   1.20003816933422     
  7.517464833084472E-002
  -1.41809452757490     
  -1.41809452757323     
 -0.991630901729746     
 -0.781694065179020     
   1.44767081308704     
   1.44767081308862     
 -0.414118930799196     
  -3.12307290000016     
 -0.320017551906067     
 -0.898205888126062     
 -5.842817684672492E-002
  0.336798884489696     
 -0.384859626589081     
  0.447685780919088     
 -4.760569245694993E-002
  0.561474587193178     
 -0.898205888124943     
   2.45811908977865     
 -0.728934432829606     
  0.447685780917217     
 -5.842817684539724E-002
 -0.728934432829682     
 -9.466761381259015E-002
 -4.760569245818111E-002
  0.336798884488721     
   2.18837627324022     
  -2.57809391201156     
 -0.320017551906393     
 -0.384859626589142     
  0.561474587192844     
 -0.898205888125526     
  0.447685780919108     
 -5.842817684604472E-002
 -4.760569245782981E-002
  0.336798884489924     
 -0.898205888125037     
  0.447685780918548     
   2.45811908978181     
 -0.728934432833096     
 -5.842817684547102E-002
 -4.760569245749899E-002
 -0.728934432833157     
 -9.466761381111111E-002
  0.336798884488977     
   2.18837627324109     
  -2.35115917254485     
  -2.57809391201396     
  0.165110755966326     
 -0.459285633875334     
   1.13367683611579     
 -0.459285633874949     
 -9.926766645043342E-002
   1.13367683611613     
  0.243019246426150     
 -0.107466060059645     
 -0.107466060061939     
  0.583500209811959     
   3.61247138044938     
  -2.57809391201221     
  -2.57809391201377     
 -1.660133168745398E-002
  0.705412094316685     
 -1.835562332438213E-002
  4.139120328958555E-002
 -0.119911049625784     
  0.103343645108056     
  0.107458819376458     
 -0.183039215203222     
 -0.225613502774613     
 -0.489411712646583     
  5.959484892050600E-002
  8.666796151443064E-002
 -4.056522295876468E-002
 -5.231928709369001E-002
 -6.404190533462793E-002
  6.421408287451968E-002
  1.553585068769599E-002
 -1.835562332429346E-002
  4.139120328971212E-002
 -0.119911049625656     
 -7.531346260534914E-002
  4.300024429969060E-002
  3.566467534483386E-002
  5.073614474196488E-002
  0.103343645107975     
  0.107458819376450     
 -0.183039215203172     
 -0.225613502774564     
 -0.489411712646488     
  3.566467534477986E-002
  8.301988631849751E-002
 -1.580694108741561E-002
  5.959484892041536E-002
  8.666796151450762E-002
 -4.056522295869203E-002
  4.223674386554763E-002
  8.323796103675148E-002
 -3.740252673012555E-002
  3.198292608905861E-002
 -6.186394908232983E-003
  7.244337448253851E-003
 -1.666111607658511E-003
 -3.740252673012148E-002
  3.198292608911121E-002
  -1.11719512476550     
  0.783672811115876     
 -6.186394908308733E-003
  7.244337448198855E-003
  0.783672811116020     
 -5.231928709369564E-002
 -6.404190533465041E-002
  5.073614474193060E-002
 -1.580694108757220E-002
 -3.698557588987225E-002
  6.421408287453852E-002
  1.553585068760562E-002
 -1.666111607637798E-003
 -1.835562332450581E-002
  4.139120328946148E-002
 -0.119911049625895     
 -7.531346260536249E-002
  4.300024429967810E-002
  3.566467534479512E-002
  5.073614474209168E-002
 -7.531346260537339E-002
  4.300024429965600E-002
  3.566467534480546E-002
  6.449845821486146E-002
  5.073614474195245E-002
  0.103343645108112     
  0.107458819376576     
 -0.183039215203065     
 -0.225613502774754     
 -0.489411712646710     
  3.566467534477095E-002
  8.301988631846063E-002
 -1.580694108726983E-002
  3.566467534478607E-002
  8.301988631850937E-002
  5.859017490698577E-002
 -1.580694108749964E-002
  5.959484892060707E-002
  8.666796151470446E-002
 -4.056522295863618E-002
  4.223674386562914E-002
  8.323796103689969E-002
 -3.740252673017159E-002
  3.198292608901133E-002
 -6.186394908216384E-003
  7.244337448284263E-003
 -1.666111607747606E-003
  6.449845821477362E-002
  5.859017490688441E-002
  1.191487880134218E-002
 -7.061296942012757E-002
 -3.886156827671351E-002
 -3.740252673017734E-002
  3.198292608898154E-002
  -1.11719512476509     
  0.783672811115808     
 -6.186394908324344E-003
  7.244337448215163E-003
  0.783672811115912     
  4.223674386564592E-002
  8.323796103685610E-002
  6.449845821478170E-002
  5.859017490684813E-002
 -3.886156827682397E-002
 -3.740252673006834E-002
  3.198292608912837E-002
  1.191487880126781E-002
 -6.186394908309199E-003
  7.244337448132502E-003
 -7.061296942000649E-002
 -1.666111607681429E-003
 -3.740252673012982E-002
  3.198292608899139E-002
  1.191487880134557E-002
  -1.11719512476569     
  0.783672811116201     
 -6.186394908356393E-003
  7.244337448191738E-003
 -7.061296941994584E-002
  0.783672811116275     
 -5.231928709348775E-002
 -6.404190533437440E-002
  5.073614474198090E-002
 -1.580694108745378E-002
 -3.698557588996068E-002
  5.073614474198554E-002
 -1.580694108747750E-002
 -3.886156827679983E-002
 -3.698557588989499E-002
  6.421408287436071E-002
  1.553585068746047E-002
 -1.666111607602030E-003
 -1.666111607592857E-003
  -1.97105340516035     
  -2.53794646499295     
  -1.33378011170389     
  0.272501395014209     
  5.221572671212925E-002
  0.399558024118481     
 -0.199736225053534     
  0.272501395013944     
  5.221572671187234E-002
  0.399558024118261     
  0.173669036704370     
 -0.199736225053243     
  0.272501395013917     
  5.221572671175512E-002
  0.399558024118151     
  0.173669036704422     
  0.173669036705028     
 -0.199736225052974     
  -2.61193898985873     
  -1.96984254579774     
 -0.742408185922424     
  0.514787973901377     
  0.149920551883011     
 -0.288840713950888     
  0.514787973901109     
  0.149920551882724     
 -1.836612042627142E-002
 -0.288840713950709     
  0.514787973901029     
  0.149920551882647     
 -1.836612042624639E-002
 -1.836612042570674E-002
 -0.288840713950311     
  0.350144915447679     
  0.709099096055703     
  0.685470502200611     
 -0.104514989695740     
 -0.100372747936693     
  8.938592615342478E-002
  8.755759150499011E-002
  0.157568582810521     
 -0.310310950941121     
 -0.463371332106058     
  0.307170234684513     
 -0.395058394260238     
  0.273917067000514     
 -0.310310950941033     
 -0.463371332105921     
  0.307170234684463     
 -0.395058394260251     
  0.120958565905720     
  0.273917067000143     
  0.641819883546695     
  0.233565969269106     
  -1.08409206815309     
  0.709099096055484     
  0.685470502200395     
 -0.310310950941252     
 -0.463371332106168     
  0.273917067000649     
 -0.104514989695388     
 -0.100372747936448     
  0.307170234684488     
  8.938592615336514E-002
  8.755759150517170E-002
 -0.395058394259989     
  0.157568582810408     
 -0.310310950941042     
 -0.463371332105889     
  0.120958565906206     
  0.307170234683843     
 -0.395058394260240     
  0.273917067000265     
  0.641819883546722     
  0.233565969269192     
 -0.290225207411955     
  -1.08409206815289     
  0.709099096055579     
  0.685470502200603     
 -0.310310950941299     
 -0.463371332106241     
  0.273917067000687     
 -0.310310950941128     
 -0.463371332106066     
  0.120958565906254     
  0.273917067000567     
 -0.104514989695369     
 -0.100372747936514     
  0.307170234684569     
  0.307170234683959     
  8.938592615374730E-002
  8.755759150560422E-002
 -0.395058394260107     
 -0.395058394260478     
  0.157568582810085     
  0.641819883546905     
  0.233565969269106     
 -0.290225207411644     
 -0.290225207411804     
  -1.08409206815317     
  0.719445505578938     
  0.662091798594554     
 -0.106930305325098     
 -0.239813042579929     
  0.205920477602064     
 -0.106930305325046     
 -0.239813042579882     
  0.125927962238842     
  0.205920477601857     
 -0.106930305325108     
 -0.239813042579914     
  0.125927962238898     
  0.125927962238713     
  0.205920477601869     
  0.858115423163617     
 -0.340199814945103     
 -9.270870891777194E-003
 -9.270870891715355E-003
 -9.270870891702060E-003
  0.285775548750681     
  0.785513960389222     
  0.533489179087922     
 -0.324478890230527     
 -0.249758237377646     
  0.276113199453681     
 -0.324478890230463     
 -0.249758237377554     
  0.198886984711548     
  0.276113199453550     
 -0.324478890230518     
 -0.249758237377609     
  0.198886984711612     
  0.198886984711451     
  0.276113199453538     
  0.149874952760456     
  0.255710805770405     
 -0.120652997762780     
 -0.120652997762614     
 -0.120652997762524     
  0.305225884859193     
  -1.02304873937873     
   1.07384356817641     
  0.263610643364080     
  7.328142775271097E-002
  9.077363191897551E-002
 -0.103840751268350     
  7.328142775286292E-002
  9.077363191909352E-002
 -0.541878585279803     
 -0.103840751268500     
  7.328142775299538E-002
  9.077363191923653E-002
 -0.541878585279979     
 -0.541878585280226     
 -0.103840751268676     
  0.972720724351138     
  0.644374577754755     
 -0.581398689460495     
 -0.581398689460555     
 -0.581398689460791     
 -0.862251484770472     
 -0.333285176604860     
  0.278772926394198     
 -0.175094303451981     
 -1.113048473488715E-003
  0.257282310011589     
 -0.131012272440844     
  0.441219918585747     
  0.277079889465211     
 -1.447108986383819E-002
 -6.053545793984907E-002
  3.483101461515789E-003
  6.150393050295170E-002
 -6.250176993863907E-002
  6.886972227192359E-002
 -7.525949998214899E-002
  0.107788128044112     
 -2.482218717615739E-002
  5.102155206061957E-002
  4.291433306009458E-003
 -6.087002002275745E-002
 -5.821419293391842E-002
  4.148149572305661E-002
 -4.712712312481544E-002
 -2.075564418701580E-002
 -0.105121598442114     
 -2.466191731192490E-002
 -2.798552974750373E-002
  7.421448087553938E-002
 -8.353312864843918E-002
  1.003687891259068E-002
  4.124226564858487E-002
 -0.147135274313110     
 -5.209186925053885E-003
  0.114451093920838     
 -0.101472479456731     
 -4.122574032925906E-002
  0.916713865484535     
 -0.842111024829627     
  5.904949443756120E-002
 -0.668963471924466     
 -9.197377447397993E-003
 -1.627501722650649E-002
  1.153105182551878E-002
  4.145851570518055E-002
 -2.819855937191912E-002
 -5.963903084575065E-002
  2.349793537140971E-002
 -7.525949998198585E-002
  0.107788128044286     
 -2.482218717616469E-002
  5.102155206056690E-002
  4.291433306041776E-003
 -6.087002002269486E-002
 -5.821419293398511E-002
  1.948419833619838E-002
 -5.562488301805957E-002
  8.208543422141430E-003
 -8.040146356480092E-003
 -1.187456969788763E-002
  4.148149572291658E-002
 -4.712712312491392E-002
 -2.075564418707281E-002
 -0.105121598442455     
 -2.466191731184479E-002
 -2.798552974744433E-002
  7.421448087551683E-002
  8.208543422181500E-003
  0.285745601766143     
  3.735484489888355E-002
  3.100026287792842E-002
 -8.353312864852713E-002
  1.003687891327776E-002
  4.124226564866806E-002
 -0.147135274313034     
 -5.209186925012697E-003
  0.114451093920770     
 -0.101472479456668     
 -8.040146356402158E-003
  3.735484489878126E-002
 -0.303241986253671     
  3.649761983130039E-002
 -4.122574032905540E-002
  0.916713865484182     
 -0.842111024830232     
  5.904949443744074E-002
 -0.668963471924178     
 -7.735741083561046E-002
 -4.823854285872284E-002
 -0.147909117738982     
  5.249072013277772E-002
 -5.743516946573828E-002
 -9.959323404286656E-002
  0.147997843237545     
  8.968651415935042E-002
  0.199149364421078     
 -2.188152549141907E-002
 -2.218347828119502E-002
 -5.743516946566948E-002
 -9.959323404276590E-002
  0.147997843237356     
   1.11906341439136     
 -0.632083742249410     
  8.968651415936194E-002
  0.199149364421110     
 -2.188152549143183E-002
 -0.632083742249422     
 -9.197377447575119E-003
 -1.627501722657970E-002
  1.153105182539063E-002
  4.145851570523909E-002
 -1.187456969794143E-002
  3.100026287808929E-002
  3.649761983137645E-002
  1.260929369457472E-002
 -2.819855937178718E-002
 -5.963903084572753E-002
  2.349793537137308E-002
 -2.218347828124762E-002
   1.21607858637841     
  0.768008501896321     
 -0.550200447917802     
 -0.464730315706827     
 -0.102118134490065     
  0.261005179585699     
  0.265247710352789     
 -0.385097709794373     
 -0.377576261591332     
  0.530722421245456     
 -0.258705494380533     
  0.477284403910476     
 -0.385097709794234     
 -0.377576261591137     
  0.530722421245310     
 -0.258705494380589     
  0.154592128695089     
  0.477284403910098     
 -0.801384375719668     
  2.804036228016235E-002
  0.334348236542939     
 -0.175636677025268     
 -0.194342399690752     
  0.165261222517947     
 -0.184149862151880     
  0.146937881651694     
 -0.348665017284107     
  0.165261222517850     
 -0.184149862151788     
  0.146937881651855     
  0.144925870423046     
 -0.348665017283972     
 -0.466794394077749     
 -0.680774856792093     
  0.191264820710663     
 -0.352211457712119     
  4.261847374512664E-002
  0.274227189559835     
 -0.605152554927151     
  0.668436122054686     
 -0.308944061891408     
  0.274227189559804     
 -0.605152554927158     
  0.668436122054650     
 -0.396366868188344     
 -0.308944061891243     
 -0.181577339377737     
  0.844951465501539     
 -0.196355739986075     
  0.448170803847127     
  0.226013775303773     
 -0.195147766344204     
  0.263124372307136     
 -0.399874559114067     
 -9.174502507089188E-002
  0.194521507975471     
 -3.540133076524762E-002
 -8.474837324446557E-002
 -0.315365741750418     
  0.343729347269746     
 -0.417013431709471     
 -8.620464429150813E-003
 -0.178227931334658     
 -4.203364599600756E-002
 -0.387024239493922     
 -9.502871515747019E-002
  0.558063789761737     
  0.219556285147170     
  0.426909779776724     
 -0.196355739986205     
  0.448170803847153     
  0.226013775303874     
 -0.195147766344246     
  0.343729347269820     
 -0.417013431709526     
 -8.620464429386750E-003
 -0.387024239494089     
  0.263124372307030     
 -0.399874559113317     
 -9.174502507117061E-002
 -0.178227931334615     
  0.194521507975264     
 -3.540133076566471E-002
 -8.474837324412854E-002
 -4.203364599603569E-002
 -0.315365741750176     
 -9.502871515757200E-002
  0.558063789761627     
  0.219556285147047     
  0.643071662279894     
  0.426909779776914     
 -0.351561670902987     
 -0.277584829063106     
  0.167570458660959     
  0.259201766534987     
  0.140310676958390     
  2.037475345233890E-002
 -0.131464510703772     
  0.166235873017777     
  0.214260938024770     
 -0.184632291660509     
 -0.122766740313108     
 -0.255836550277742     
  0.166235873017807     
  0.214260938024775     
 -0.184632291660486     
 -0.122766740313190     
 -0.164354049934270     
 -0.255836550277710     
  0.453150951237234     
  0.318205032473058     
  0.129067487165647     
 -0.473333377062978     
 -0.198010001946344     
 -0.198010001946385     
 -0.304348006458564     
  3.076970226558635E-002
 -9.701404162600746E-002
  9.207553431898276E-002
 -0.241693685688436     
  0.176369764275035     
 -4.563034192289107E-002
  0.119400596231119     
  3.086540070991658E-002
 -4.563034192304994E-002
  0.119400596231189     
 -0.123240370056632     
  3.086540071010131E-002
  -1.25378438173463     
  0.684191003523791     
  0.449774760998066     
  0.449774760998085     
  0.380774265309954     
 -0.181303030344194     
 -3.964612782539137E-002
  0.257615832401110     
 -6.029927569108112E-002
 -7.449400534147560E-002
  0.223213733642961     
 -7.069778732954282E-002
  0.329556545437479     
 -7.449400534138859E-002
  0.223213733642848     
 -7.069778732943394E-002
  0.383805395915925     
  0.329556545437390     
 -6.122939070068775E-002
 -0.330438058548144     
  0.211684460070630     
  0.254883861716698     
  0.254883861716690     
  0.219150162849237     
 -0.475133578349391     
  0.135343498548168     
 -0.627355565037267     
 -0.510174394997341     
 -2.807501913940228E-003
  4.966776002774120E-002
  6.930996112804078E-002
 -4.262474317193862E-002
  2.494141379477701E-003
  0.163240671285152     
  0.177637788700533     
  4.249321027680156E-002
  0.380060698356317     
 -5.286319270377990E-002
  0.163240671285077     
  0.177637788700439     
  4.249321027686576E-002
  0.380060698356449     
  0.118348456762444     
 -5.286319270368074E-002
 -0.631171954952444     
 -0.548001779759747     
  0.309871744615090     
  0.746399673415181     
  0.529387781535545     
  0.529387781535583     
  0.171847463317858     
  0.152624221219858     
  0.325942489912001     
  3.306532898939264E-003
  0.250313243954722     
  0.231618342792945     
  0.113043071815950     
 -0.196202898289444     
 -9.461253261153714E-002
 -0.338655503036366     
  0.140085125957255     
 -9.461253261136388E-002
 -0.338655503036481     
 -6.517261799960958E-002
  0.140085125957172     
   2.40969493783121     
  -1.08825893849911     
  -1.29633974605352     
  -1.29633974605354     
 -0.718102550293014     
  1.692207142207475E-002
 -0.694363176667446     
 -0.175094303451997     
 -7.525949998217690E-002
  0.107788128044121     
  4.148149572299926E-002
 -4.712712312483568E-002
 -2.075564418704237E-002
 -9.197377447335717E-003
 -2.819855937190456E-002
 -1.113048473775604E-003
  0.257282310011435     
 -2.482218717612169E-002
  5.102155206058650E-002
 -1.627501722661569E-002
 -0.131012272440692     
 -0.105121598441925     
 -8.353312864849896E-002
  4.124226564869354E-002
 -5.963903084568446E-002
 -2.466191731196585E-002
  1.003687891272747E-002
  0.441219918585829     
  0.277079889465220     
  4.291433306032144E-003
 -6.087002002266054E-002
  1.153105182539845E-002
 -1.447108986381347E-002
 -6.053545793989362E-002
 -2.798552974744221E-002
  3.483101461269168E-003
 -0.147135274313232     
 -4.122574032914153E-002
  5.904949443732291E-002
  2.349793537135411E-002
 -5.209186925160762E-003
  0.916713865484470     
 -0.668963471924139     
  0.114451093920926     
 -0.842111024829618     
  6.150393050299700E-002
 -5.821419293387042E-002
  4.145851570517646E-002
 -6.250176993855830E-002
  7.421448087540874E-002
  6.886972227201103E-002
 -0.101472479456691     
 -7.525949998202065E-002
  0.107788128044297     
  1.948419833618383E-002
 -5.562488301808728E-002
 -1.187456969797923E-002
 -2.482218717614545E-002
  5.102155206053764E-002
  8.208543422177170E-003
  4.291433305982050E-003
 -6.087002002270359E-002
 -8.040146356460918E-003
 -5.821419293384279E-002
  4.148149572292357E-002
 -4.712712312492309E-002
 -2.075564418710664E-002
 -7.735741083550179E-002
 -5.743516946566222E-002
  8.968651415932974E-002
 -2.218347828115792E-002
 -4.823854285877953E-002
 -9.959323404288810E-002
  0.199149364421078     
 -0.147909117738941     
  0.147997843237377     
 -2.188152549122162E-002
  5.249072013264722E-002
 -5.743516946565414E-002
   1.11906341439107     
 -0.632083742249284     
  8.968651415935157E-002
 -0.632083742249258     
 -0.105121598442326     
  8.208543422167130E-003
  3.100026287811335E-002
 -2.466191731189725E-002
  0.285745601765988     
 -2.798552974746047E-002
  3.735484489910126E-002
  7.421448087541195E-002
 -8.353312864847963E-002
 -9.959323404273970E-002
  1.003687891281373E-002
  4.124226564874539E-002
  0.199149364421102     
 -0.147135274313089     
 -8.040146356378088E-003
  3.649761983132677E-002
 -5.209186925130144E-003
  3.735484489876649E-002
  0.114451093921005     
 -0.303241986253724     
 -0.101472479456757     
 -4.122574032912674E-002
  0.147997843237286     
  0.916713865484528     
 -0.842111024830245     
  5.904949443751435E-002
 -2.188152549153840E-002
 -0.668963471924411     
 -9.197377447511729E-003
 -1.187456969794440E-002
  1.260929369461064E-002
 -1.627501722660114E-002
  3.100026287815432E-002
  1.153105182546073E-002
  3.649761983124859E-002
  4.145851570518643E-002
 -2.819855937179378E-002
 -2.218347828121500E-002
 -5.963903084573070E-002
  2.349793537124630E-002
   1.21607858637839     
  0.768008501896317     
 -0.385097709794499     
 -0.377576261591422     
  0.477284403910608     
 -0.550200447917583     
 -0.464730315706661     
  0.530722421245310     
 -0.102118134490074     
  0.261005179585851     
 -0.258705494380150     
  0.265247710352710     
 -0.385097709794275     
 -0.377576261591112     
  0.154592128695558     
  0.530722421244821     
 -0.258705494380761     
  0.477284403910118     
 -0.801384375719917     
 -0.196355739986130     
  0.263124372307309     
  0.194521507975428     
 -0.315365741750496     
  0.448170803846973     
 -0.399874559112550     
 -3.540133076608656E-002
  0.226013775303763     
 -9.174502507281325E-002
 -8.474837324314220E-002
 -0.195147766344146     
  0.343729347269739     
 -0.178227931334997     
 -4.203364599626606E-002
 -0.417013431709027     
 -8.620464428927777E-003
 -0.387024239493853     
 -9.502871515723232E-002
  0.426909779776075     
  2.804036228020795E-002
  0.165261222517739     
 -0.348665017284452     
  0.334348236542699     
 -0.184149862151481     
 -0.175636677025385     
  0.146937881651656     
 -0.194342399690730     
  0.165261222517854     
  0.144925870422538     
 -0.184149862151366     
  0.146937881652001     
 -0.348665017284469     
 -0.466794394077787     
  0.558063789761793     
 -0.680774856791503     
  0.274227189560075     
 -0.308944061891367     
  0.191264820710523     
 -0.605152554927287     
 -0.352211457712348     
  0.668436122054200     
  4.261847374549171E-002
  0.274227189559848     
 -0.396366868188745     
 -0.605152554926733     
  0.668436122054537     
 -0.308944061890940     
 -0.181577339377349     
  0.219556285146870     
  0.844951465501124     
 -0.196355739986138     
  0.343729347269898     
 -0.387024239494209     
  0.448170803846941     
 -0.417013431709468     
  0.226013775303749     
 -8.620464429288315E-003
 -0.195147766344170     
  0.263124372307009     
 -0.178227931335022     
 -0.399874559116036     
 -9.174502506805464E-002
  0.194521507975219     
 -4.203364599622871E-002
 -3.540133076300840E-002
 -8.474837324625910E-002
 -0.315365741750182     
 -9.502871515755695E-002
  0.643071662279806     
  0.558063789761652     
  0.219556285147121     
  0.426909779777123     
 -0.351561670902950     
 -0.277584829063070     
  0.166235873017804     
  0.214260938024777     
 -0.255836550277883     
  0.167570458660893     
  0.259201766534945     
 -0.184632291660491     
  0.140310676958393     
  2.037475345227674E-002
 -0.122766740313161     
 -0.131464510703638     
  0.166235873017812     
  0.214260938024760     
 -0.164354049934420     
 -0.184632291660330     
 -0.122766740313108     
 -0.255836550277724     
  0.453150951237342     
  0.318205032473148     
 -0.198010001946404     
  0.129067487165297     
 -0.473333377062802     
 -0.198010001946429     
 -0.304348006458644     
  3.076970226548068E-002
 -9.701404162603802E-002
  9.484289845961866E-002
 -0.125667459634966     
 -0.135516402379904     
  0.166348192219103     
 -0.125667459634959     
  0.214469585103768     
  9.192702442254177E-003
 -0.135516402379889     
  9.192702442401184E-003
  0.483126321770007     
  0.166348192218998     
 -0.200247123830316     
  0.219319887242053     
  7.719837531137980E-002
  0.219319887241976     
  7.719837531124153E-002
  0.256291826822447     
 -0.348090875454639     
  8.218430236897852E-002
  0.424277101916824     
  8.218430236901936E-002
  0.424277101916694     
 -0.171852444074678     
  5.599580623918074E-002
 -0.209180170773761     
 -8.544460439490961E-003
  5.691749019742669E-002
  0.111427457832214     
  9.207553431909528E-002
 -4.563034192283270E-002
  3.086540071024204E-002
 -0.241693685688436     
  0.119400596231042     
  0.176369764274868     
 -4.563034192300944E-002
 -0.123240370056463     
  0.119400596231088     
  3.086540071029921E-002
  -1.25378438173471     
  0.449774760998208     
  0.684191003524118     
  0.449774760998308     
  0.380774265310305     
 -0.209180170773885     
 -0.181303030344455     
 -7.449400534156575E-002
  0.329556545437531     
 -3.964612782540694E-002
  0.223213733643086     
  0.257615832401268     
 -7.069778732937834E-002
 -6.029927569124832E-002
 -7.449400534148068E-002
  0.383805395916098     
  0.223213733642818     
 -7.069778732953563E-002
  0.329556545437205     
 -6.122939070075063E-002
  0.254883861716725     
 -0.330438058547731     
  0.211684460069864     
  0.254883861716536     
  0.219150162849059     
 -8.544460439406806E-003
 -0.475133578349652     
  0.135343498548458     
 -0.627355565037244     
 -0.510174394997330     
  0.163240671285259     
  0.177637788700573     
 -5.286319270391471E-002
 -2.807501914055488E-003
  4.966776002760529E-002
  4.249321027675826E-002
  6.930996112812790E-002
 -4.262474317190064E-002
  0.380060698356140     
  2.494141379504142E-003
  0.163240671285024     
  0.177637788700335     
  0.118348456762277     
  4.249321027710549E-002
  0.380060698356431     
 -5.286319270367115E-002
 -0.631171954952426     
 -0.548001779759700     
  0.529387781535402     
  0.309871744615507     
  0.746399673414299     
  0.529387781535506     
  0.171847463317813     
  0.152624221219761     
  5.691749019743372E-002
  0.325942489911899     
  3.306532899077591E-003
  0.250313243954819     
  0.491010418902757     
 -0.179988503661676     
 -0.254664762592366     
  0.132374020633393     
 -0.179988503661562     
 -0.593291170215911     
  0.446199840512703     
 -0.254664762592507     
  0.446199840512830     
 -0.567451432593646     
  0.132374020633339     
 -0.297917169799383     
 -4.911490460706244E-002
  5.017457481919799E-002
 -4.911490460722619E-002
  5.017457481917714E-002
  0.168747747870296     
  0.586939468658484     
 -0.336352913568157     
 -0.646713288440614     
 -0.336352913568891     
 -0.646713288439753     
 -0.576566843665677     
 -1.538124572501790E-002
 -0.203214470438506     
 -0.170625633843382     
 -0.203214470438285     
 -0.170625633843582     
 -0.388814564789367     
  0.720179448557567     
  0.231618342793051     
 -9.461253261153284E-002
  0.140085125957403     
  0.113043071816020     
 -0.338655503036346     
 -0.196202898289277     
 -9.461253261132825E-002
 -6.517261799943783E-002
 -0.338655503036632     
  0.140085125957225     
   2.40969493783112     
  -1.29633974605309     
  -1.08825893849863     
  -1.29633974605333     
 -0.718102550292847     
  0.111427457832069     
  1.692207142192578E-002
 -0.694363176667803     
  0.720179448557682     
 -0.175094303451888     
 -7.525949998217159E-002
  0.107788128044121     
  4.148149572300840E-002
 -4.712712312479909E-002
 -2.075564418702030E-002
 -9.197377447345723E-003
 -2.819855937193075E-002
 -7.525949998222092E-002
  0.107788128044087     
  1.948419833618300E-002
 -5.562488301806984E-002
 -1.187456969790871E-002
  4.148149572304650E-002
 -4.712712312480963E-002
 -2.075564418704933E-002
 -7.735741083540597E-002
 -5.743516946569530E-002
  8.968651415931175E-002
 -2.218347828120196E-002
 -5.743516946568156E-002
   1.11906341439131     
 -0.632083742249373     
  8.968651415936182E-002
 -0.632083742249396     
 -9.197377447331279E-003
 -1.187456969789079E-002
  1.260929369454470E-002
 -2.819855937191118E-002
 -2.218347828124595E-002
 -1.113048473305097E-003
  0.257282310011831     
 -2.482218717613294E-002
  5.102155206059474E-002
 -1.627501722669997E-002
 -2.482218717615441E-002
  5.102155206063121E-002
 -4.823854285887884E-002
 -1.627501722652798E-002
 -0.131012272440916     
 -0.105121598442348     
 -8.353312864848164E-002
  4.124226564870107E-002
 -5.963903084564165E-002
  8.208543422206050E-003
 -9.959323404277784E-002
  0.199149364421131     
  3.100026287795281E-002
 -2.466191731188686E-002
  1.003687891291843E-002
 -0.105121598442424     
  8.208543422165161E-003
  3.100026287808685E-002
 -8.353312864844595E-002
 -9.959323404269647E-002
  4.124226564858150E-002
  0.199149364421143     
 -5.963903084582251E-002
 -2.466191731188513E-002
  0.285745601765933     
  1.003687891257031E-002
  0.441219918585759     
  0.277079889465207     
  4.291433306028191E-003
 -6.087002002264876E-002
  1.153105182528903E-002
  4.291433306023123E-003
 -6.087002002272147E-002
 -0.147909117739030     
  1.153105182541903E-002
 -1.447108986403627E-002
 -6.053545794008200E-002
 -2.798552974732117E-002
 -2.798552974734371E-002
  3.483101461369585E-003
 -0.147135274313127     
 -4.122574032908629E-002
  5.904949443729720E-002
  2.349793537143587E-002
 -8.040146356379552E-003
  0.147997843237255     
 -2.188152549113941E-002
  3.649761983127908E-002
 -5.209186925020658E-003
  0.916713865484078     
 -0.668963471924077     
  3.735484489891518E-002
  0.114451093920774     
 -0.842111024829877     
 -0.147135274312947     
 -8.040146356351984E-003
  3.649761983133717E-002
 -4.122574032925866E-002
  0.147997843237331     
  5.904949443764948E-002
 -2.188152549159473E-002
  2.349793537141371E-002
 -5.209186924992674E-003
  3.735484489870658E-002
  0.916713865484444     
 -0.668963471924449     
  0.114451093920873     
 -0.303241986253684     
 -0.842111024830132     
  6.150393050280779E-002
 -5.821419293392465E-002
  4.145851570524457E-002
 -5.821419293392082E-002
  5.249072013276516E-002
  4.145851570519600E-002
 -6.250176993848963E-002
  7.421448087541374E-002
  7.421448087544834E-002
  6.886972227216719E-002
 -0.101472479456766     
 -0.101472479456872     
   1.21607858637838     
  0.768008501896292     
 -0.385097709794578     
 -0.377576261591493     
  0.477284403910732     
 -0.385097709794434     
 -0.377576261591300     
  0.154592128695703     
  0.477284403910392     
 -0.550200447917408     
 -0.464730315706422     
  0.530722421245308     
  0.530722421244869     
 -0.102118134489673     
  0.261005179586127     
 -0.258705494380423     
 -0.258705494381027     
  0.265247710352134     
 -0.801384375719784     
 -0.196355739986137     
  0.263124372307278     
  0.194521507975573     
 -0.315365741750572     
  0.343729347269870     
 -0.178227931335108     
 -4.203364599656895E-002
 -0.387024239494083     
  0.448170803846810     
 -0.399874559112898     
 -3.540133076599985E-002
 -0.417013431709039     
  0.226013775303506     
 -9.174502507163645E-002
 -8.474837324344055E-002
 -8.620464428955983E-003
 -0.195147766343793     
 -9.502871515708999E-002
  0.426909779776047     
 -0.196355739985941     
  0.343729347269925     
 -0.387024239494265     
  0.263124372307106     
 -0.178227931335196     
  0.194521507975437     
 -4.203364599632009E-002
 -0.315365741750434     
  0.448170803846806     
 -0.417013431709435     
 -0.399874559114421     
 -3.540133076474008E-002
  0.226013775303491     
 -8.620464429269517E-003
 -9.174502506960960E-002
 -8.474837324459365E-002
 -0.195147766343859     
 -9.502871515736189E-002
  0.643071662279703     
  0.426909779776823     
  2.804036228087284E-002
  0.165261222518092     
 -0.348665017284872     
  0.165261222518051     
  0.144925870422387     
 -0.348665017284655     
  0.334348236542373     
 -0.184149862151865     
 -0.184149862151310     
 -0.175636677025246     
  0.146937881651031     
  0.146937881651850     
 -0.194342399690520     
 -0.466794394078194     
  0.558063789761304     
  0.558063789762027     
 -0.680774856792498     
  0.274227189560020     
 -0.308944061891258     
  0.274227189559913     
 -0.396366868188908     
 -0.308944061891053     
  0.191264820710314     
 -0.605152554927011     
 -0.605152554926717     
 -0.352211457712809     
  0.668436122054679     
  0.668436122054870     
  4.261847374580129E-002
 -0.181577339376698     
  0.219556285146315     
  0.219556285146322     
  0.844951465501002     
 -0.351561670902911     
 -0.277584829063048     
  0.166235873017838     
  0.214260938024828     
 -0.255836550277950     
  0.166235873017777     
  0.214260938024754     
 -0.164354049934419     
 -0.255836550277713     
  0.167570458660942     
  0.259201766535010     
 -0.184632291660620     
 -0.184632291660399     
  0.140310676958308     
  2.037475345217608E-002
 -0.122766740313103     
 -0.122766740312975     
 -0.131464510703574     
  0.453150951237313     
  0.318205032473106     
 -0.198010001946478     
 -0.198010001946470     
  0.129067487165611     
 -0.473333377063211     
 -0.304348006458612     
  3.076970226553905E-002
 -9.701404162603400E-002
  9.484289845957335E-002
 -0.125667459634997     
 -0.135516402379926     
  0.166348192219137     
 -0.200247123830285     
  0.219319887242120     
  7.719837531137208E-002
  0.256291826822402     
 -0.125667459634989     
  0.214469585103295     
  9.192702442857848E-003
  0.219319887242032     
 -0.135516402379840     
  9.192702442850609E-003
  0.483126321769471     
  7.719837531119238E-002
  0.166348192218964     
 -0.348090875454646     
  8.218430236903682E-002
  0.424277101916870     
 -0.171852444074638     
  8.218430236891090E-002
  0.424277101916802     
  5.599580623915634E-002
 -0.209180170773649     
 -8.544460439547923E-003
  5.691749019744421E-002
  0.111427457832133     
  9.484289845953785E-002
 -0.200247123830327     
  0.256291826822601     
 -0.125667459634919     
  0.219319887242132     
 -0.135516402379879     
  7.719837531131132E-002
  0.166348192218965     
 -0.125667459634956     
  0.219319887242180     
  0.214469585104507     
  9.192702441464846E-003
 -0.135516402379835     
  7.719837531127091E-002
  9.192702441352932E-003
  0.483126321770750     
  0.166348192218959     
 -0.348090875454691     
 -0.171852444074575     
  8.218430236915134E-002
  0.424277101916687     
  8.218430236884443E-002
  0.424277101916882     
  5.599580623921958E-002
  0.230224154407816     
 -0.209180170773900     
 -8.544460439419095E-003
  5.691749019751843E-002
  0.135573130904592     
  0.111427457831936     
  9.207553431859042E-002
 -4.563034192300727E-002
  3.086540071029154E-002
 -4.563034192304275E-002
 -0.123240370056472     
  3.086540071004150E-002
 -0.241693685688580     
  0.119400596231377     
  0.119400596231173     
  0.176369764274932     
  -1.25378438173505     
  0.449774760998569     
  0.449774760998406     
  0.684191003523974     
  0.380774265310182     
 -0.209180170773859     
 -0.209180170773912     
 -0.181303030344063     
 -7.449400534151694E-002
  0.329556545437669     
 -7.449400534139461E-002
  0.383805395916220     
  0.329556545437470     
 -3.964612782529804E-002
  0.223213733643092     
  0.223213733642887     
  0.257615832401616     
 -7.069778732976187E-002
 -7.069778732984308E-002
 -6.029927569133470E-002
 -6.122939070086460E-002
  0.254883861716950     
  0.254883861716898     
 -0.330438058547748     
  0.211684460070729     
  0.219150162849168     
 -8.544460439361939E-003
 -8.544460439392831E-003
 -0.475133578349338     
  0.135343498547759     
 -0.627355565037247     
 -0.510174394997401     
  0.163240671285266     
  0.177637788700599     
 -5.286319270400512E-002
  0.163240671285191     
  0.177637788700519     
  0.118348456762142     
 -5.286319270390714E-002
 -2.807501914243657E-003
  4.966776002747210E-002
  4.249321027697825E-002
  4.249321027709493E-002
  6.930996112787344E-002
 -4.262474317208491E-002
  0.380060698356313     
  0.380060698356486     
  2.494141379745999E-003
 -0.631171954952440     
 -0.548001779759612     
  0.529387781535397     
  0.529387781535460     
  0.309871744615221     
  0.746399673414242     
  0.171847463317823     
  0.152624221219788     
  5.691749019743456E-002
  5.691749019744557E-002
  0.325942489912174     
  3.306532899030996E-003
  0.250313243954948     
  0.491010418902789     
 -0.179988503661712     
 -0.254664762592403     
  0.132374020633466     
 -0.297917169799486     
 -4.911490460700109E-002
  5.017457481936707E-002
  0.168747747870373     
 -0.179988503661446     
 -0.593291170215880     
  0.446199840512466     
 -4.911490460723227E-002
 -0.254664762592373     
  0.446199840512666     
 -0.567451432593645     
  5.017457481920146E-002
  0.132374020633263     
  0.586939468658560     
 -0.336352913568621     
 -0.646713288440368     
 -0.576566843665768     
 -0.336352913568568     
 -0.646713288439711     
 -1.538124572503658E-002
 -0.203214470438373     
 -0.170625633843448     
  0.135573130904669     
 -0.203214470438594     
 -0.170625633843405     
 -0.388814564789471     
  0.720179448557720     
  0.491010418902776     
 -0.297917169799509     
  0.168747747870448     
 -0.179988503661602     
 -4.911490460700697E-002
 -0.254664762592451     
  5.017457481933429E-002
  0.132374020633464     
 -0.179988503661428     
 -4.911490460717858E-002
 -0.593291170215469     
  0.446199840512253     
 -0.254664762592301     
  5.017457481926229E-002
  0.446199840512300     
 -0.567451432593565     
  0.132374020633295     
  0.586939468658590     
 -0.576566843665767     
 -0.336352913569338     
 -0.646713288439447     
 -0.336352913568919     
 -0.646713288439368     
 -1.538124572502469E-002
  0.135573130904694     
 -0.203214470438151     
 -0.170625633843665     
 -0.203214470438501     
 -0.170625633843520     
 -0.388814564789473     
  0.341918723478259     
  0.720179448557977     
  0.231618342792742     
 -9.461253261159241E-002
  0.140085125957864     
 -9.461253261145654E-002
 -6.517261799924451E-002
  0.140085125957667     
  0.113043071816364     
 -0.338655503036444     
 -0.338655503036637     
 -0.196202898289607     
   2.40969493783173     
  -1.29633974605336     
  -1.29633974605365     
  -1.08825893849834     
 -0.718102550293197     
  0.111427457832316     
  0.111427457832344     
  1.692207142165787E-002
 -0.694363176667979     
  0.720179448557871     
  0.720179448557964     
  0.148188941433957     
 -4.737259273248340E-002
 -1.417332139151856E-002
  4.882548948096814E-002
 -1.024866693832945E-002
  5.982213780674598E-002
 -1.309494927415558E-002
 -3.369034296871922E-002
 -4.737259273245835E-002
 -1.417332139149798E-002
  4.218348833136824E-002
 -6.690061490025659E-003
 -1.069009732365277E-002
  4.882548948094851E-002
 -1.024866693834912E-002
  5.982213780670662E-002
 -4.946654758083317E-002
 -1.284835818748528E-002
  1.720407621770526E-002
  1.621824361815907E-002
 -1.284835818747534E-002
 -0.257084175125306     
  0.196890411288610     
  1.720407621775588E-002
  0.196890411288503     
 -1.309494927418919E-002
 -1.069009732365242E-002
  1.506397517431580E-002
 -3.369034296870321E-002
  1.621824361816912E-002
 -4.737259273251040E-002
 -1.417332139155312E-002
  4.218348833135744E-002
 -6.690061490045510E-003
 -1.069009732370423E-002
  4.218348833136289E-002
 -6.690061490042824E-003
 -1.937329157594655E-002
 -1.069009732362767E-002
  4.882548948091982E-002
 -1.024866693836611E-002
  5.982213780671387E-002
 -4.946654758078577E-002
 -1.284835818747196E-002
  1.720407621771391E-002
  1.621824361818332E-002
 -1.937329157596014E-002
  6.182302484418947E-004
  1.301508037131680E-002
  9.987998141782559E-003
 -1.284835818745245E-002
 -0.257084175125529     
  0.196890411288771     
  1.720407621774927E-002
  0.196890411288734     
 -4.946654758082027E-002
 -1.937329157596521E-002
  9.987998141799129E-003
 -1.284835818746720E-002
  6.182302484506194E-004
  1.720407621775851E-002
  1.301508037126206E-002
  1.621824361812933E-002
 -1.284835818744459E-002
  6.182302484481799E-004
 -0.257084175125609     
  0.196890411288758     
  1.720407621773545E-002
  1.301508037123768E-002
  0.196890411288850     
 -1.309494927404610E-002
 -1.069009732365408E-002
  1.506397517434738E-002
 -1.069009732366258E-002
  9.987998141820741E-003
  1.506397517431945E-002
 -3.369034296864621E-002
  1.621824361812536E-002
  1.621824361813201E-002
  0.944617889301202     
   1.16298936224836     
  1.971667126196187E-003
 -8.399733764370859E-002
 -8.445773577316604E-002
  1.971667126296236E-003
 -8.399733764361576E-002
 -0.355380610670639     
 -8.445773577320563E-002
  1.971667126199944E-003
 -8.399733764371764E-002
 -0.355380610670595     
 -0.355380610670666     
 -8.445773577307696E-002
  0.236624901550698     
 -7.165365681819473E-002
  3.127343723338749E-002
  0.179392821865036     
 -1.290459002648904E-002
  2.196930115706851E-002
 -6.742051629599988E-002
  0.109812299178243     
  2.806081428104128E-002
  2.196930115709732E-002
 -6.742051629588973E-002
  0.109812299178289     
  7.176026130220306E-002
  2.806081428104642E-002
 -0.440831697631197     
  0.806202955121288     
 -7.165365681821535E-002
  2.196930115713151E-002
  2.806081428103458E-002
  3.127343723325463E-002
 -6.742051629595525E-002
  0.179392821865002     
  0.109812299178121     
 -1.290459002648187E-002
  2.196930115712672E-002
  7.176026130215805E-002
 -6.742051629588945E-002
  0.109812299178181     
  2.806081428098846E-002
 -0.440831697631306     
  0.281935161165898     
  0.806202955121759     
 -7.165365681829872E-002
  2.196930115714604E-002
  2.806081428104130E-002
  2.196930115707209E-002
  7.176026130216467E-002
  2.806081428103643E-002
  3.127343723337062E-002
 -6.742051629594267E-002
 -6.742051629584489E-002
  0.179392821864973     
  0.109812299178215     
  0.109812299178185     
 -1.290459002646074E-002
 -0.440831697631215     
  0.281935161165834     
  0.281935161165879     
  0.806202955121430     
 -0.235495229942397     
 -0.292396822371165     
  1.568650745794893E-002
  6.210710842399168E-002
  2.768073806869706E-003
  1.568650745789854E-002
  6.210710842395487E-002
  6.656317140806435E-002
  2.768073806927273E-003
  1.568650745793339E-002
  6.210710842399417E-002
  6.656317140806997E-002
  6.656317140809867E-002
  2.768073806893057E-003
 -0.208304328301107     
 -0.426093802957458     
  0.143473708227097     
  0.143473708227111     
  0.143473708227139     
  3.942092253242826E-002
  0.224162358129472     
  0.247522233147291     
  6.238679680181333E-004
 -3.830039824209383E-002
 -9.395507278455890E-002
  2.401016168487983E-002
 -2.488671891186768E-002
  2.336898278096481E-002
  2.340492218063052E-002
  1.369406320048194E-002
 -2.488671891189361E-002
  2.336898278092295E-002
  2.340492218062671E-002
  7.266138725144159E-003
  1.369406320049197E-002
  0.174856214752139     
 -0.190000392869335     
  6.669848562740494E-002
 -0.115803660922146     
 -0.115803660922165     
 -4.811403209623202E-002
 -9.456188426915889E-003
 -3.015865384371942E-002
  7.090092591484890E-003
  0.128903823209286     
  6.238679680455770E-004
 -2.488671891190463E-002
  1.369406320050763E-002
 -3.830039824207337E-002
  2.336898278101021E-002
 -9.395507278449573E-002
  2.340492218059175E-002
  2.401016168483889E-002
 -2.488671891188785E-002
  7.266138725147097E-003
  2.336898278094895E-002
  2.340492218059395E-002
  1.369406320049982E-002
  0.174856214752170     
 -0.115803660922144     
 -0.190000392869427     
  6.669848562756089E-002
 -0.115803660922171     
 -4.811403209622318E-002
  6.224778191845836E-002
 -9.456188426925981E-003
 -3.015865384365752E-002
  7.090092591466266E-003
 -0.138417623229297     
  0.128903823209370     
  6.238679680692781E-004
 -2.488671891190732E-002
  1.369406320051198E-002
 -2.488671891186712E-002
  7.266138725164744E-003
  1.369406320047661E-002
 -3.830039824212824E-002
  2.336898278098427E-002
  2.336898278095740E-002
 -9.395507278448215E-002
  2.340492218057119E-002
  2.340492218058671E-002
  2.401016168483458E-002
  0.174856214752152     
 -0.115803660922132     
 -0.115803660922141     
 -0.190000392869448     
  6.669848562741210E-002
 -4.811403209627719E-002
  6.224778191850577E-002
  6.224778191850597E-002
 -9.456188426951870E-003
 -3.015865384350464E-002
  7.090092591437877E-003
 -0.138417623229256     
 -0.138417623229295     
  0.128903823209404     
  0.209007473679138     
 -1.143951403481576E-002
  2.665965660856968E-002
 -1.143951403478372E-002
 -6.117714761227537E-002
  2.665965660855338E-002
 -1.143951403487616E-002
 -6.117714761221618E-002
 -6.117714761223220E-002
  2.665965660864145E-002
  0.235784726924317     
 -0.161275714650348     
 -0.161275714650341     
 -0.161275714650298     
 -5.568054365405947E-002
  3.318563712774746E-003
  3.318563712755851E-003
  3.318563712829738E-003
 -5.742189204817355E-002
 -0.407781999601250     
 -0.600244751284642     
 -5.915656643929661E-002
 -5.540303827701385E-002
 -9.600861111486815E-003
 -5.915656643926002E-002
 -5.540303827698682E-002
  0.223450980122481     
 -9.600861111443799E-003
 -5.915656643924847E-002
 -5.540303827698359E-002
  0.223450980122460     
  0.223450980122446     
 -9.600861111479078E-003
 -0.144442410339935     
  3.720412518803404E-002
  0.151247868330624     
  0.151247868330673     
  0.151247868330610     
 -3.720361887504456E-002
 -0.104791067732086     
  1.969171809480801E-002
  1.969171809479524E-002
  1.969171809482981E-002
 -1.768272240942241E-002
  0.565293246674390     
  0.237207749028367     
 -2.177032292328459E-002
  1.669804173613032E-002
  5.084490674691656E-002
  2.499876500219116E-002
 -8.744800227029293E-003
 -0.160095199051614     
  3.357774085486263E-002
  2.499876500221715E-002
 -8.744800227035558E-003
 -0.160095199051646     
 -0.161594970067570     
  3.357774085482811E-002
  5.556858440368501E-002
 -0.278499173649887     
 -0.200145897626861     
 -9.490412562896794E-002
 -9.490412562888301E-002
  1.951170113120765E-002
 -0.173506904905313     
  0.227915818312676     
  1.927975423472648E-002
  1.927975423467724E-002
  4.011465201590719E-004
 -0.249027034877682     
  0.260277180983422     
  0.237207749028312     
  2.499876500220815E-002
  3.357774085482652E-002
 -2.177032292323097E-002
 -8.744800227126464E-003
  1.669804173610310E-002
 -0.160095199051515     
  5.084490674688068E-002
  2.499876500216988E-002
 -0.161594970067540     
 -8.744800227069775E-003
 -0.160095199051533     
  3.357774085486231E-002
  5.556858440361882E-002
 -9.490412562889539E-002
 -0.278499173650066     
 -0.200145897626725     
 -9.490412562883682E-002
  1.951170113122220E-002
  1.927975423470548E-002
 -0.173506904905305     
  0.227915818312594     
  1.927975423468457E-002
  4.011465201576225E-004
 -0.249027034877665     
  0.120952373327471     
  0.260277180983388     
  0.237207749028368     
  2.499876500219996E-002
  3.357774085484049E-002
  2.499876500217971E-002
 -0.161594970067554     
  3.357774085482444E-002
 -2.177032292323101E-002
 -8.744800227113589E-003
 -8.744800227108338E-003
  1.669804173609968E-002
 -0.160095199051538     
 -0.160095199051545     
  5.084490674686033E-002
  5.556858440364058E-002
 -9.490412562889006E-002
 -9.490412562895668E-002
 -0.278499173649964     
 -0.200145897626721     
  1.951170113122408E-002
  1.927975423470275E-002
  1.927975423471389E-002
 -0.173506904905240     
  0.227915818312590     
  4.011465201747329E-004
 -0.249027034877675     
  0.120952373327473     
  0.120952373327482     
  0.260277180983381     
  0.121863881844839     
 -2.920774187486837E-003
  1.324291115082211E-002
 -4.327046529983448E-002
 -3.390844559961805E-002
 -9.434638289856088E-002
  9.020474203189976E-003
  7.990258996225982E-002
 -2.920774187487072E-003
  1.324291115083706E-002
 -2.233748703800769E-002
 -1.063589559699224E-002
  2.914677638126337E-002
 -4.327046529982526E-002
 -3.390844559961327E-002
 -9.434638289854572E-002
  1.737845448554099E-003
  5.270523819130972E-003
  6.917086663247753E-002
 -6.364783362352217E-002
  5.270523819113193E-003
  0.389281284853338     
 -0.277002675538407     
  6.917086663244304E-002
 -0.277002675538345     
  9.020474203123047E-003
  2.914677638129622E-002
 -4.882610783969095E-002
  7.990258996226535E-002
 -6.364783362353411E-002
 -2.920774187436826E-003
  1.324291115089011E-002
 -2.233748703800040E-002
 -1.063589559698347E-002
  2.914677638129629E-002
 -2.233748703801294E-002
 -1.063589559699643E-002
  2.204871863148839E-002
  2.914677638128156E-002
 -4.327046529980048E-002
 -3.390844559958062E-002
 -9.434638289851303E-002
  1.737845448492843E-003
  5.270523819107491E-003
  6.917086663247646E-002
 -6.364783362354504E-002
  2.204871863148898E-002
  3.587441710757898E-002
 -9.770502862348833E-002
 -3.273732782005093E-002
  5.270523819101561E-003
  0.389281284853632     
 -0.277002675538547     
  6.917086663240814E-002
 -0.277002675538475     
  1.737845448470451E-003
  2.204871863149551E-002
 -3.273732782004183E-002
  5.270523819118754E-003
  3.587441710757980E-002
  6.917086663244040E-002
 -9.770502862345540E-002
 -6.364783362352854E-002
  5.270523819095813E-003
  3.587441710758146E-002
  0.389281284853644     
 -0.277002675538471     
  6.917086663242264E-002
 -9.770502862338680E-002
 -0.277002675538488     
  9.020474203117334E-003
  2.914677638127445E-002
 -4.882610783969862E-002
  2.914677638126884E-002
 -3.273732782004594E-002
 -4.882610783969656E-002
  7.990258996218702E-002
 -6.364783362349134E-002
 -6.364783362348690E-002
  0.499244255805122     
  0.435609947999217     
 -9.825049113561140E-003
 -8.843248777699110E-003
 -5.209942327823754E-002
 -9.825049113639283E-003
 -8.843248777774737E-003
 -0.156321557108605     
 -5.209942327802680E-002
 -9.825049113619540E-003
 -8.843248777745403E-003
 -0.156321557108592     
 -0.156321557108512     
 -5.209942327791424E-002
 -0.100486387641254     
 -0.524199488641388     
 -2.111139555223093E-002
  1.516693163908089E-002
  3.786787232203373E-002
 -9.657336446050147E-003
  0.112161767826086     
  0.212206533094188     
  5.981243646888489E-002
 -9.657336445946380E-003
  0.112161767825891     
  0.212206533094162     
  0.153505581098874     
  5.981243646868201E-002
 -0.324876373771667     
  0.269264511198114     
 -0.524199488641381     
 -9.657336446106342E-003
  5.981243646898938E-002
 -2.111139555213806E-002
  0.112161767825982     
  1.516693163910697E-002
  0.212206533094351     
  3.786787232189909E-002
 -9.657336445987536E-003
  0.153505581098973     
  0.112161767825792     
  0.212206533094271     
  5.981243646872593E-002
 -0.324876373771616     
  0.397400134423396     
  0.269264511197886     
 -0.524199488641316     
 -9.657336446119002E-003
  5.981243646900492E-002
 -9.657336446083220E-003
  0.153505581099046     
  5.981243646890932E-002
 -2.111139555208211E-002
  0.112161767825917     
  0.112161767825761     
  1.516693163922310E-002
  0.212206533094265     
  0.212206533094228     
  3.786787232171739E-002
 -0.324876373771610     
  0.397400134423377     
  0.397400134423325     
  0.269264511197865     
 -0.182000670046980     
 -6.955680054219238E-002
 -9.738174912005466E-003
 -5.207754745147111E-002
  2.529989553772181E-002
 -9.738174911962964E-003
 -5.207754745144106E-002
  5.888192465225406E-002
  2.529989553762398E-002
 -9.738174911938478E-003
 -5.207754745143122E-002
  5.888192465219679E-002
  5.888192465216470E-002
  2.529989553757165E-002
 -0.142185283117821     
  4.279673315252970E-002
  0.202441599332403     
  0.202441599332398     
  0.202441599332352     
  0.161984091671237     
  5.383847172829108E-002
  9.217122266543408E-003
  6.214022044281537E-002
 -4.109097425579567E-003
  1.948974864746014E-002
 -1.566350986717711E-002
 -9.673533283049271E-002
 -3.484823129343044E-002
  1.948974864742747E-002
 -1.566350986707732E-002
 -9.673533283045203E-002
 -3.787811068206520E-002
 -3.484823129336225E-002
  0.137677508837492     
 -0.353370324216771     
 -0.283469123339933     
 -0.128004225941462     
 -0.128004225941409     
 -0.257786007496102     
  0.295113808296891     
  5.383847172825232E-002
  1.948974864749443E-002
 -3.484823129348287E-002
  9.217122266492414E-003
 -1.566350986717500E-002
  6.214022044280487E-002
 -9.673533283049285E-002
 -4.109097425517795E-003
  1.948974864741375E-002
 -3.787811068208282E-002
 -1.566350986703287E-002
 -9.673533283045448E-002
 -3.484823129336367E-002
  0.137677508837493     
 -0.128004225941462     
 -0.353370324216912     
 -0.283469123340027     
 -0.128004225941412     
 -0.257786007496106     
  0.316549159697138     
  0.295113808296925     
  5.383847172823310E-002
  1.948974864750189E-002
 -3.484823129348811E-002
  1.948974864746109E-002
 -3.787811068213776E-002
 -3.484823129339108E-002
  9.217122266465259E-003
 -1.566350986709363E-002
 -1.566350986700756E-002
  6.214022044275742E-002
 -9.673533283044621E-002
 -9.673533283045591E-002
 -4.109097425430360E-003
  0.137677508837472     
 -0.128004225941408     
 -0.128004225941402     
 -0.353370324216873     
 -0.283469123339775     
 -0.257786007496052     
  0.316549159697077     
  0.316549159697135     
  0.295113808296867     
 -0.243106644722951     
  3.084869563756066E-002
 -3.680394915216294E-002
  3.084869563750306E-002
  7.428407885716334E-002
 -3.680394915207202E-002
  3.084869563760652E-002
  7.428407885707473E-002
  7.428407885713946E-002
 -3.680394915216942E-002
 -0.263377337715640     
  0.192096955058814     
  0.192096955058858     
  0.192096955058877     
 -5.289520796015031E-002
  9.003151118660782E-002
  9.003151118663566E-002
  9.003151118660038E-002
 -9.139089847868372E-002
 -0.149717247133857     
  1.681904670005907E-002
  5.419998041204109E-002
  2.316777148615792E-002
  1.681904670005548E-002
  5.419998041204074E-002
 -1.815210552656363E-004
  2.316777148608104E-002
  1.681904670006444E-002
  5.419998041205321E-002
 -1.815210552604846E-004
 -1.815210552757120E-004
  2.316777148604284E-002
 -0.231693266692219     
 -0.311144960482296     
  0.244681440177039     
  0.244681440177005     
  0.244681440177018     
  0.174148329079513     
  0.159778405373170     
 -9.980685100863852E-002
 -9.980685100863515E-002
 -9.980685100862755E-002
  9.245924158899906E-002
 -2.931930399217870E-002
  0.129254156680773     
  0.262372880760723     
  0.163630346735073     
 -1.357399182687122E-003
 -4.672560399752510E-002
 -4.932137416623495E-002
 -1.050059760459281E-002
  7.337132301598414E-003
 -2.973012547478421E-002
 -2.603287786087281E-002
 -1.050059760463959E-002
  7.337132301642096E-003
 -2.973012547477531E-002
 -1.973186622997902E-002
 -2.603287786079729E-002
  0.334475208508471     
 -0.242398829934739     
 -0.105855180080815     
 -0.260247024660821     
 -0.260247024660834     
 -0.139711787811949     
  0.147772648374628     
  9.850326011372619E-002
  6.430791316754272E-002
  6.430791316753809E-002
 -6.558646204746602E-002
 -6.605004606792243E-002
  0.572757236694695     
 -0.473305895594303     
 -0.208478421221737     
 -0.106914217464166     
  0.163630346735110     
 -1.050059760459028E-002
 -2.603287786089173E-002
 -1.357399182691866E-003
  7.337132301625571E-003
 -4.672560399752329E-002
 -2.973012547484898E-002
 -4.932137416618976E-002
 -1.050059760460783E-002
 -1.973186623001687E-002
  7.337132301650039E-003
 -2.973012547481321E-002
 -2.603287786080360E-002
  0.334475208508520     
 -0.260247024660853     
 -0.242398829934651     
 -0.105855180080897     
 -0.260247024660839     
 -0.139711787811961     
  6.430791316756196E-002
  0.147772648374638     
  9.850326011372933E-002
  6.430791316754468E-002
 -6.558646204746034E-002
 -6.605004606790492E-002
  0.114607669022792     
  0.572757236694524     
 -0.473305895594136     
 -0.208478421221735     
  0.161133905525153     
 -0.106914217464096     
  0.163630346735016     
 -1.050059760458934E-002
 -2.603287786090590E-002
 -1.050059760458372E-002
 -1.973186623002416E-002
 -2.603287786088158E-002
 -1.357399182740639E-003
  7.337132301657515E-003
  7.337132301663157E-003
 -4.672560399758817E-002
 -2.973012547479593E-002
 -2.973012547475738E-002
 -4.932137416611858E-002
  0.334475208508511     
 -0.260247024660935     
 -0.260247024660898     
 -0.242398829934615     
 -0.105855180081076     
 -0.139711787811976     
  6.430791316757550E-002
  6.430791316756862E-002
  0.147772648374679     
  9.850326011368037E-002
 -6.558646204752036E-002
 -6.605004606793741E-002
  0.114607669022834     
  0.114607669022829     
  0.572757236694591     
 -0.473305895594126     
 -0.208478421221725     
  0.161133905525136     
  0.161133905525103     
 -0.106914217464185     
 -2.033024053518483E-002
 -6.013258880424796E-003
 -8.084335407653229E-003
 -6.013258880416405E-003
  3.336994200108454E-002
 -8.084335407654662E-003
 -6.013258880450879E-003
  3.336994200111580E-002
  3.336994200111189E-002
 -8.084335407617396E-003
  0.178006293076078     
 -0.156868380290073     
 -0.156868380290087     
 -0.156868380290093     
 -3.332242066876267E-002
  5.304081538142986E-002
  5.304081538142597E-002
  5.304081538144712E-002
  2.158935927784905E-002
 -3.633203136055565E-002
  6.359605108496166E-002
  6.359605108495159E-002
  6.359605108496480E-002
 -4.286654564683617E-002
 -8.880997102225036E-002
  8.020488892864566E-002
  8.020488892867191E-002
  8.020488892866340E-002
 -7.582139353162334E-002
 -1.607509957598030E-002
  1.011959512801118E-002
 -1.607509957595781E-002
  1.166862021266814E-002
  1.011959512797763E-002
 -1.607509957599778E-002
  1.166862021268602E-002
  1.166862021266488E-002
  1.011959512798082E-002
  5.733233525526180E-002
 -3.351199699246347E-002
 -3.351199699247401E-002
 -3.351199699250064E-002
 -1.153616316961895E-002
 -6.159177677412474E-004
 -6.159177677534143E-004
 -6.159177677323136E-004
  6.621008278149428E-002
 -0.157574259077200     
 -3.879640722415565E-003
 -2.887227791487706E-002
 -2.887227791487249E-002
 -2.887227791483223E-002
 -0.139507959640710     
 -0.157741172195275     
 -8.337087008690043E-002
 -0.215621301154466     
 -9.229516261122978E-002
  0.115109515180832     
  3.618776770613437E-002
 -8.160349456918445E-002
 -4.571783818772811E-002
 -9.286143129434717E-003
  5.792930218344398E-002
  0.125498353017497     
 -2.054030872831607E-002
 -8.337087008667664E-002
 -0.215621301154262     
  1.578797789023320E-002
 -6.692156609915212E-002
 -4.114934406511828E-002
 -9.229516261118491E-002
  0.115109515180811     
  1.578797789023470E-002
 -6.692156609916487E-002
 -1.083106932731106E-002
  3.618776770615162E-002
 -8.160349456915497E-002
 -4.571783818771726E-002
  0.279596248870546     
 -3.334512088340525E-002
  5.262813323571142E-002
 -2.247835002987132E-002
 -3.334512088341224E-002
  5.262813323571926E-002
  0.629409885185901     
 -0.133213461721382     
 -7.156129461641186E-002
  0.157288577536036     
 -0.133213461721470     
  1.150867601141288E-002
 -0.101312401367849     
 -7.156129461638390E-002
 -0.101312401367966     
 -9.286143129552640E-003
 -1.083106932734047E-002
  2.014990318515251E-002
  5.792930218343129E-002
  0.157288577535936     
  0.125498353017449     
 -4.114934406507234E-002
  2.014990318515883E-002
 -2.054030872829802E-002
 -2.247835002983881E-002
 -8.337087008670602E-002
 -0.215621301154319     
  1.578797789024356E-002
 -6.692156609914805E-002
 -4.114934406513443E-002
  1.578797789026441E-002
 -6.692156609913820E-002
  3.023882349101982E-002
 -4.114934406499714E-002
 -9.229516261120009E-002
  0.115109515180786     
  1.578797789027710E-002
 -6.692156609911805E-002
 -1.083106932734775E-002
  1.578797789029089E-002
 -6.692156609908088E-002
  2.323933544353159E-002
 -1.083106932732817E-002
  3.618776770614155E-002
 -8.160349456913765E-002
 -4.571783818759340E-002
  0.279596248870470     
 -3.334512088342549E-002
  5.262813323574066E-002
 -2.247835002984428E-002
  2.323933544356291E-002
 -0.197252152680014     
  1.200033928124621E-002
  6.398865899553834E-002
 -3.334512088340441E-002
  5.262813323564586E-002
  0.629409885185957     
 -0.133213461721250     
 -7.156129461635830E-002
  0.157288577535979     
  3.023882349109260E-002
 -0.197252152680242     
  1.200033928111312E-002
 -9.024056444320765E-003
 -0.133213461721397     
  1.150867601140015E-002
 -0.101312401367747     
 -7.156129461630233E-002
 -0.101312401367971     
  0.279596248870279     
  2.323933544359256E-002
  6.398865899558430E-002
 -3.334512088343009E-002
 -0.197252152679984     
  5.262813323571144E-002
  1.200033928125339E-002
 -2.247835002989016E-002
 -3.334512088341288E-002
 -0.197252152680049     
  5.262813323560280E-002
  1.200033928115097E-002
  0.629409885186409     
  3.023882349110484E-002
 -9.024056444199341E-003
 -0.133213461721460     
 -0.197252152680285     
 -7.156129461631373E-002
  1.200033928103092E-002
  0.157288577535977     
 -0.133213461721483     
 -0.197252152680096     
  1.150867601192567E-002
 -0.101312401367873     
 -7.156129461624232E-002
  1.200033928098848E-002
 -0.101312401367923     
 -9.286143129641263E-003
 -1.083106932733650E-002
  2.014990318519258E-002
 -1.083106932735300E-002
 -9.024056443977198E-003
  2.014990318515112E-002
  5.792930218343833E-002
  0.157288577535952     
  0.157288577536028     
  0.125498353017449     
 -4.114934406509075E-002
  2.014990318516914E-002
 -4.114934406509473E-002
  6.398865899555267E-002
  2.014990318510954E-002
 -2.054030872832807E-002
 -2.247835002984354E-002
 -2.247835002983835E-002
  -1.94769847569102     
  -2.11755608959342     
  5.390236948859962E-002
 -0.207776683690750     
 -5.005369399363079E-002
  5.390236948863487E-002
 -0.207776683690706     
  0.568196373857507     
 -5.005369399355294E-002
  5.390236948849953E-002
 -0.207776683690689     
  0.568196373857552     
  0.568196373857757     
 -5.005369399406456E-002
   2.24558362886484     
 -5.458852699493422E-002
 -0.422100219341884     
  0.208836721240597     
  6.591770697734778E-002
 -0.422100219341431     
  0.208836721241013     
 -3.677914101723098E-002
  6.591770697719425E-002
 -0.422100219341384     
  0.208836721241085     
 -3.677914101730656E-002
 -3.677914101817822E-002
  6.591770697679199E-002
   2.52410716087463     
   1.29297139177635     
 -2.221366646978597E-002
  0.184955889005594     
  0.129462900399713     
 -4.386275098060228E-002
 -7.970317567341539E-002
 -0.379473408652539     
  0.113640367040149     
 -4.386275098048402E-002
 -7.970317567296141E-002
 -0.379473408652942     
 -0.292900302293538     
  0.113640367040335     
  -1.37649062030599     
   1.26727019344460     
 -9.449405087136249E-002
  0.431598866412634     
 -9.008825016752919E-002
 -0.272807177749207     
  0.438299115047801     
 -0.808972639085860     
  3.011777229186022E-002
 -0.272807177748998     
  0.438299115047993     
 -0.808972639086013     
  0.316316112332203     
  3.011777229137790E-002
  0.459980460282089     
 -0.824311352250669     
   1.29297139177630     
 -4.386275098049690E-002
  0.113640367040018     
 -2.221366646993872E-002
 -7.970317567322681E-002
  0.184955889005658     
 -0.379473408652766     
  0.129462900399860     
 -4.386275098047664E-002
 -0.292900302293591     
 -7.970317567319540E-002
 -0.379473408652562     
  0.113640367040287     
  -1.37649062030623     
 -0.649589000242087     
   1.26727019344411     
 -0.272807177749402     
  3.011777229159715E-002
 -9.449405087126042E-002
  0.438299115047872     
  0.431598866412717     
 -0.808972639085262     
 -9.008825016749310E-002
 -0.272807177749122     
  0.316316112332628     
  0.438299115047277     
 -0.808972639085607     
  3.011777229130776E-002
  0.459980460282216     
 -0.649589000242233     
 -0.824311352251021     
   1.29297139177611     
 -4.386275098054590E-002
  0.113640367040006     
 -4.386275098060004E-002
 -0.292900302293359     
  0.113640367040113     
 -2.221366646997864E-002
 -7.970317567285974E-002
 -7.970317567380478E-002
  0.184955889005757     
 -0.379473408653504     
 -0.379473408652390     
  0.129462900400125     
  -1.37649062030635     
 -0.649589000241882     
 -0.649589000242312     
   1.26727019344527     
 -0.272807177749337     
  3.011777229131975E-002
 -0.272807177749252     
  0.316316112332721     
  3.011777229138161E-002
 -9.449405087100164E-002
  0.438299115047437     
  0.438299115047249     
  0.431598866413093     
 -0.808972639085627     
 -0.808972639085899     
 -9.008825016788444E-002
  0.459980460282076     
 -0.649589000242139     
 -0.649589000242351     
 -0.824311352251437     
  0.492769093558557     
  0.862361748807864     
 -2.174797257783242E-002
  3.814779464461088E-002
 -1.194466888861674E-002
 -2.174797257785496E-002
  3.814779464460311E-002
 -0.290112010065090     
 -1.194466888858136E-002
 -2.174797257779509E-002
  3.814779464463124E-002
 -0.290112010065045     
 -0.290112010065227     
 -1.194466888848226E-002
 -0.429084674732073     
  9.158202715691066E-002
  9.694286156550153E-002
  9.694286156546159E-002
  9.694286156562770E-002
  0.663434630304894     
  0.282352206979326     
 -9.112001885129681E-002
  1.799878545218115E-002
 -1.077413437530379E-002
 -9.112001885124880E-002
  1.799878545221286E-002
 -0.134473360083596     
 -1.077413437531491E-002
 -9.112001885116740E-002
  1.799878545226737E-002
 -0.134473360083652     
 -0.134473360083733     
 -1.077413437542276E-002
 -9.990990516161119E-003
 -2.449561833496382E-002
 -0.152310459944985     
 -0.152310459945003     
 -0.152310459945005     
 -2.277658582805466E-002
 -0.142425879095861     
  3.603560101923271E-002
 -0.508286304418407     
  5.385608814485021E-003
 -3.693651070789937E-002
 -1.954707153869703E-002
  2.783602685031471E-002
  6.739816101543281E-002
  0.246667081264981     
 -8.487136911960564E-003
  2.783602685026866E-002
  6.739816101509731E-002
  0.246667081265163     
  0.175768226141336     
 -8.487136912039015E-003
 -4.922547050572912E-002
 -0.166365505358941     
  3.118182992633169E-002
 -7.954812115645837E-002
 -7.954812115645722E-002
 -6.093585475122340E-002
  6.082144525490112E-002
  0.259975775608962     
 -0.105845090610176     
 -5.215298368089266E-002
  4.594831152440584E-002
 -9.387331662546042E-002
  0.165545310532861     
 -0.182274717712515     
  3.394157399806785E-002
 -9.387331662554592E-002
  0.165545310532889     
 -0.182274717712541     
 -3.492779897242564E-002
  3.394157399817543E-002
 -6.625305348030774E-002
  1.290178549177506E-002
 -0.231108493847329     
 -0.200407396003069     
 -0.200407396003092     
  0.114654329485548     
 -6.287075744891840E-002
 -2.184199711834237E-002
 -8.442109549850764E-002
  0.319172032317192     
 -0.508286304418398     
  2.783602685028489E-002
 -8.487136911928431E-003
  5.385608814532622E-003
  6.739816101529647E-002
 -3.693651070793926E-002
  0.246667081265039     
 -1.954707153873313E-002
  2.783602685026303E-002
  0.175768226141182     
  6.739816101533019E-002
  0.246667081265092     
 -8.487136912027616E-003
 -4.922547050579829E-002
 -7.954812115641041E-002
 -0.166365505359072     
  3.118182992650900E-002
 -7.954812115650767E-002
 -6.093585475122987E-002
 -6.278281323185811E-002
  6.082144525494135E-002
  0.189167537248348     
  0.259975775608908     
 -9.387331662555289E-002
  3.394157399820741E-002
 -0.105845090610120     
  0.165545310532902     
 -5.215298368085165E-002
 -0.182274717712449     
  4.594831152422794E-002
 -9.387331662546261E-002
 -3.492779897236983E-002
  0.165545310532748     
 -0.182274717712550     
  3.394157399814640E-002
 -6.625305348028823E-002
 -0.200407396003026     
  1.290178549122813E-002
 -0.231108493846544     
 -0.200407396003067     
  0.114654329485518     
 -6.278281323180596E-002
 -6.287075744868463E-002
 -2.184199711843795E-002
 -8.442109549845253E-002
  0.189167537248362     
  0.319172032317355     
 -0.508286304418437     
  2.783602685029635E-002
 -8.487136911908496E-003
  2.783602685031569E-002
  0.175768226141227     
 -8.487136911985493E-003
  5.385608814499352E-003
  6.739816101504542E-002
  6.739816101548736E-002
 -3.693651070798311E-002
  0.246667081265353     
  0.246667081265037     
 -1.954707153882072E-002
 -4.922547050578632E-002
 -7.954812115655238E-002
 -7.954812115654189E-002
 -0.166365505358771     
  3.118182992595768E-002
 -6.093585475125173E-002
 -6.278281323182594E-002
 -6.278281323179560E-002
  6.082144525496336E-002
  0.189167537248398     
  0.189167537248267     
  0.259975775609057     
 -9.387331662556550E-002
  3.394157399813685E-002
 -9.387331662556726E-002
 -3.492779897230869E-002
  3.394157399809034E-002
 -0.105845090610150     
  0.165545310532811     
  0.165545310532758     
 -5.215298368088454E-002
 -0.182274717712435     
 -0.182274717712468     
  4.594831152418644E-002
 -6.625305348052093E-002
 -0.200407396003033     
 -0.200407396003018     
  1.290178549126410E-002
 -0.231108493846682     
  0.114654329485615     
 -6.278281323184028E-002
 -6.278281323185810E-002
 -6.287075744864722E-002
 -2.184199711834967E-002
 -8.442109549839681E-002
  0.189167537248267     
  0.189167537248193     
  0.319172032317400     
 -9.776533766615801E-002
  3.476471140948720E-003
  5.832883461688203E-002
  3.476471140918791E-003
 -9.134015669956019E-002
  5.832883461688827E-002
  3.476471140913114E-003
 -9.134015669966435E-002
 -9.134015669972535E-002
  5.832883461685289E-002
  0.209651611514551     
  6.455248070890904E-002
  6.455248070875341E-002
  6.455248070891065E-002
  8.482568062424385E-002
 -0.110900857979434     
 -0.110900857979471     
 -0.110900857979442     
  0.154452258756099     
  9.742199823537222E-002
  9.742199823526107E-002
  9.742199823526254E-002
  8.499436785603716E-002
  2.139676886134689E-002
  2.454105756961677E-003
  2.139676886135214E-002
 -4.271778004898773E-002
  2.454105756978673E-003
  2.139676886141052E-002
 -4.271778004904723E-002
 -4.271778004903873E-002
  2.454105756923232E-003
  3.633127300728642E-002
 -2.196100665969198E-002
 -2.196100665969546E-002
 -2.196100665969650E-002
  1.700333455827970E-002
 -3.968439820780299E-002
 -3.968439820778982E-002
 -3.968439820782210E-002
  1.718224566423072E-002
 -7.868893072971109E-002
  6.848185875021694E-002
  6.848185875018835E-002
  6.848185875017807E-002
 -4.057892652000999E-003
 -3.289166139925741E-002
 -4.535329789973708E-002
 -3.289166139924223E-002
  2.842586644479536E-002
 -4.535329789975332E-002
 -3.289166139922550E-002
  2.842586644486545E-002
  2.842586644489287E-002
 -4.535329789970092E-002
  0.129839624512560     
  7.981369681896951E-002
  7.981369681905062E-002
  7.981369681903970E-002
  4.446701594281007E-002
  0.177502400880260     
  0.177502400880282     
  0.177502400880223     
 -0.110852255823349     
  0.131696733652928     
  0.171379023507169     
  0.171379023507175     
  0.171379023507243     
  6.098831330989449E-002
 -3.223699889202536E-002
  4.241345046470342E-003
 -1.470592459389165E-002
  4.241345046462759E-003
  7.482221782581126E-003
 -1.470592459387961E-002
  4.241345046460055E-003
  7.482221782591586E-003
  7.482221782590128E-003
 -1.470592459388095E-002
 -0.225601668742803     
  0.222178247050801     
  0.222178247050815     
  0.222178247050825     
  1.978261615842343E-002
 -4.608898931139613E-002
 -4.608898931139408E-002
 -4.608898931139987E-002
 -9.070988504718833E-003
  3.399490743140095E-002
 -6.784376923504244E-002
 -6.784376923504640E-002
 -6.784376923503663E-002
 -7.848584407880126E-003
  3.881507734336974E-002
 -0.212072318320451     
 -3.961444420784776E-002
  3.202612854357729E-002
 -3.961444420785565E-002
  8.354236814805578E-003
  3.202612854359593E-002
 -3.961444420784136E-002
  8.354236814683325E-003
  8.354236814656173E-003
  3.202612854357508E-002
  0.533723435783485     
 -0.105846266491700     
 -0.105846266492028     
 -0.105846266491829     
  8.620355594029211E-002
 -1.324740981351982E-002
 -1.324740981362586E-002
 -1.324740981362350E-002
 -3.388567262123595E-002
 -1.485435981798563E-002
